loadPercent,voltageV,currentPercent,powerFactor,frequencyHz,temperatureC,class
80.559557,221.193912,75.553752,0.911751,59.876371,54.136498,warning
58.054582,226.711692,61.986608,0.945365,59.981722,43.553018,normal
78.321946,222.495111,67.883249,0.944867,60.030680,54.120820,warning
56.495957,225.864719,60.427728,0.993984,60.036530,36.741303,normal
79.053269,221.674583,76.438926,0.933410,59.981702,44.232258,warning
94.591256,211.847234,97.339547,0.904913,60.564113,60.980147,critical
102.027926,203.297716,120.081788,0.854786,60.264524,62.932101,critical
59.375511,231.947573,55.068076,0.970073,59.991098,33.853603,normal
82.822740,241.034785,85.362881,0.915165,60.075667,47.165721,warning
62.420419,223.338569,61.110970,0.975359,60.019170,44.227723,normal
61.914260,237.529630,59.694204,0.920757,59.967471,38.015239,normal
90.348099,219.306633,92.150072,0.931373,60.030909,60.063498,warning
56.101263,229.090769,62.809137,0.978854,59.984602,36.517779,normal
68.242364,228.514611,68.012986,0.959829,59.962901,37.186724,normal
87.711552,240.053527,89.352017,0.946617,59.912070,49.749037,warning
61.139476,225.685764,56.326830,0.962074,59.994335,32.426993,normal
74.878512,216.911354,78.834502,0.903460,59.971454,57.567910,warning
97.743618,190.569094,100.280505,0.888448,60.390934,68.275881,critical
65.497386,230.869807,64.151679,0.973967,59.959125,34.372163,normal
93.915341,207.204133,101.856984,0.811514,59.946960,67.214296,critical
75.265386,217.861272,85.496380,0.912366,60.116874,57.667539,warning
86.317517,209.961949,78.155158,0.830437,60.358507,64.210842,critical
99.995366,239.090217,98.413509,0.851366,59.562907,68.031589,critical
45.486934,225.412225,44.765150,0.960964,59.981438,41.601156,normal
96.171048,249.457225,84.628906,0.901308,59.915000,62.639393,critical
69.879732,220.595969,65.751211,0.947399,60.058179,44.604465,warning
60.423885,226.628967,59.986729,0.946092,60.055656,38.512425,normal
55.483455,224.867288,50.291450,0.983174,59.957680,36.914247,normal
64.119702,230.054474,65.266352,0.992133,59.965138,40.407964,normal
53.819693,225.509107,53.621352,0.969932,60.018967,40.824032,normal
58.563351,227.367803,58.282189,0.969093,60.019623,36.004372,normal
95.468859,200.203774,91.982315,0.823292,60.083987,68.395106,critical
78.596395,221.288094,75.019712,0.914911,60.054956,55.947698,warning
75.285000,216.687851,74.814262,0.946397,59.978604,45.478737,warning
88.248447,199.963593,85.527589,0.773865,59.644648,54.994419,critical
59.802899,231.713428,66.285981,0.957892,59.980440,32.731577,normal
58.900726,227.852278,66.507042,0.943561,60.003110,46.912138,normal
76.974645,228.859318,85.153300,0.963905,59.997813,37.074540,normal
78.916383,214.732416,89.424524,0.902025,59.998309,49.220859,warning
71.961107,208.576706,72.096090,0.910826,60.074735,50.611117,warning
44.098984,237.331383,45.436766,0.939206,60.008461,43.695266,normal
117.618090,244.213577,124.136323,0.776174,59.991142,66.855540,critical
55.835597,222.868549,57.199693,0.949484,60.056998,41.293832,normal
51.466909,226.934348,57.640227,0.980366,60.011425,35.487776,normal
93.909189,225.120846,83.948495,0.883854,60.004069,59.136683,warning
83.440080,212.968082,90.938366,0.929964,60.052810,42.983023,warning
88.704003,223.605782,90.614710,0.909410,59.945794,51.391458,warning
48.747921,233.356391,53.215486,0.943316,59.990907,34.224457,normal
82.566345,223.030653,83.632801,0.924601,60.121678,54.528697,warning
104.172765,205.079021,100.911346,0.882359,60.097014,72.741947,critical
56.450756,234.245322,57.002765,0.955718,60.045173,39.154986,normal
101.132110,202.539371,115.509198,0.833135,59.822731,70.945586,critical
68.875316,230.037419,64.561855,0.984838,59.989269,37.617601,normal
79.864515,216.099636,74.697805,0.850680,60.038256,43.477032,warning
50.843512,229.908254,51.287425,0.988232,59.997134,45.064883,normal
51.236378,222.528913,53.559183,0.990877,59.986830,40.154556,normal
57.083905,231.077577,47.364279,0.954356,60.010183,42.432997,normal
83.789239,212.712997,88.640624,0.941562,60.036861,56.842165,warning
77.243691,213.431065,73.501721,0.921410,59.864991,50.753138,warning
52.135977,233.144871,55.220168,0.959295,59.971823,41.155664,normal
58.569357,226.350794,54.095238,0.980187,60.043417,42.838986,normal
107.968965,249.467372,111.841586,0.824889,59.766417,66.626663,critical
81.417925,224.302018,84.778545,0.885806,59.823292,49.018881,warning
93.013529,201.858568,107.005641,0.862605,60.036789,63.676090,critical
68.264337,227.799550,70.221496,0.950147,59.972081,36.319976,normal
75.437821,220.237137,67.748093,0.915755,60.050710,45.902147,warning
93.664978,219.583437,98.825742,0.797435,60.329944,66.542736,critical
72.075096,217.201349,77.267149,0.944002,59.980738,50.038162,warning
95.945645,200.972210,100.389670,0.878135,60.264377,64.500089,critical
65.034865,228.198442,60.575226,0.973591,59.985567,39.341547,normal
75.836469,239.561044,87.781409,0.850888,60.085083,40.305299,warning
60.445707,228.145887,57.641355,0.946459,60.013325,42.876805,normal
53.641950,231.035000,54.391659,0.959589,59.916990,32.842484,normal
55.909909,220.307180,60.463656,0.952925,59.997044,47.302282,normal
64.781711,223.999642,77.883375,0.946371,60.054373,39.359005,normal
81.970423,213.977630,89.122829,0.935766,59.908068,49.203563,warning
53.787710,224.346954,45.632939,0.975868,59.968408,51.418627,normal
69.064806,220.702128,69.407090,0.927347,59.887862,58.457295,warning
112.353370,249.053564,100.922539,0.812902,60.134143,67.480390,critical
69.485959,225.239448,68.681485,0.967729,60.010852,37.253888,normal
104.129314,203.080350,110.255158,0.826232,60.444512,63.165821,critical
62.912108,232.323048,61.948177,0.970782,59.989729,36.471452,normal
53.872170,227.487623,50.997900,0.975477,60.002362,40.359029,normal
79.232806,214.064345,92.478232,0.911577,60.128328,50.060788,warning
45.342453,224.809195,45.363019,0.977735,60.095047,35.638139,normal
81.007781,214.946942,78.704173,0.961416,60.000919,53.027021,warning
81.427055,216.127514,81.550147,0.911435,60.088496,57.268289,warning
38.978980,222.682598,45.795049,0.952014,59.975538,43.586594,normal
61.713782,228.118551,54.919304,0.990144,60.004076,46.248112,normal
35.286394,228.325807,36.190351,0.960050,59.982734,38.707231,normal
71.190449,215.185045,66.519509,0.888261,59.823351,53.976329,warning
89.815902,209.363366,102.088840,0.914709,59.955586,53.293858,warning
56.573690,235.242873,49.707412,0.965972,60.000636,33.140406,normal
75.801154,228.732408,79.289516,0.970913,59.979799,43.240439,normal
52.101456,227.283702,42.640875,0.985891,60.029211,42.121200,normal
50.041740,224.550897,46.518447,0.966851,60.003418,41.323467,normal
76.521760,214.288241,71.183185,0.952031,60.134113,57.046694,warning
101.943027,242.084493,102.658219,0.862179,59.693462,70.431194,critical
72.996885,226.477801,74.665547,0.938268,60.041307,40.249730,normal
99.602085,234.362453,104.641821,0.846216,59.951119,60.220644,critical
93.124116,214.772429,107.656569,0.881730,59.940838,53.896312,warning
72.884609,228.526256,72.469543,0.900044,60.056139,50.322891,warning
72.771818,236.649876,82.432405,0.851215,59.898958,47.515146,warning
100.487809,193.135539,98.775628,0.843809,60.032396,70.779023,critical
52.040308,224.592360,48.605470,0.947041,60.022646,38.387434,normal
45.040518,225.146217,41.410131,0.955036,60.001697,36.891482,normal
87.017066,205.723551,92.882849,0.857472,59.922793,38.204320,warning
103.801610,242.883785,102.929497,0.778650,59.787622,76.584575,critical
72.936139,227.054033,80.101650,0.963748,60.017305,40.123927,normal
71.353384,227.119343,72.911005,0.945904,59.969205,34.868006,normal
74.260139,214.305471,62.786315,0.937044,60.031486,60.518844,warning
102.098944,243.738930,103.470627,0.815207,59.644149,69.824970,critical
79.465325,226.522977,81.496950,0.933684,60.058805,49.174764,warning
53.635301,228.513192,47.955801,0.985402,59.979745,42.595545,normal
59.200102,225.602556,55.069475,0.963598,60.024650,32.684500,normal
98.801439,218.173459,94.020116,0.805324,59.800568,57.730074,critical
87.110316,213.782032,81.556748,0.896457,59.967458,49.601903,warning
36.936631,222.454856,25.605812,0.943795,60.106974,36.016039,normal
76.747020,225.891034,82.540882,0.930025,59.866027,46.020401,warning
64.797067,225.753185,62.196757,0.976938,59.945893,47.257792,normal
79.109321,235.854067,85.109574,0.945901,59.876371,47.125489,warning
50.592203,225.597714,45.813425,0.979868,59.989254,43.084586,normal
85.637217,221.532084,78.225100,0.977094,60.033526,46.773740,warning
51.961722,226.486294,54.565222,1.000000,60.023085,40.194401,normal
102.464402,191.179965,104.453426,0.879441,59.781698,59.260574,critical
103.211946,195.554055,105.855892,0.925969,59.978514,65.465182,critical
83.874913,236.033844,85.918035,0.958002,59.922103,48.979819,warning
57.158377,231.370405,54.319647,0.974020,60.045486,36.271559,normal
103.525094,241.128831,112.405918,0.806351,60.286734,67.092031,critical
58.715696,231.161207,60.630006,0.965569,60.052299,34.639210,normal
61.971456,225.976138,65.010977,0.945486,60.042335,46.834356,normal
60.043544,231.833006,50.593562,0.968955,60.110275,36.496810,normal
105.374955,211.931378,121.748043,0.830614,59.885826,62.246902,critical
53.410715,221.826215,45.531953,0.956619,60.037411,37.647044,normal
100.334286,209.628649,102.113509,0.892980,60.181836,66.041507,critical
55.365727,227.104948,53.138326,0.957835,60.023590,39.862090,normal
68.502538,231.042530,70.717264,0.946569,60.015167,35.005161,normal
82.835308,218.971406,87.132417,0.905762,60.002697,55.524016,warning
38.972642,227.344418,38.751878,0.959347,60.033754,36.153453,normal
72.459983,203.710569,68.567004,0.922368,59.975637,49.688210,warning
110.507519,240.612290,100.658609,0.787483,60.190459,63.186981,critical
61.633989,223.103529,69.855774,0.958131,59.992352,39.277217,normal
67.015500,220.613803,60.420928,0.974768,60.024671,37.128107,normal
36.162251,226.891960,36.111072,0.953040,60.045992,36.089930,normal
99.841434,206.897718,115.266938,0.840713,60.338180,68.374967,critical
75.552588,217.941434,84.614347,0.879858,60.027445,42.259246,warning
85.129290,240.620306,81.465431,0.907937,60.140950,44.761590,warning
76.763330,208.303959,86.108212,0.916377,60.078190,51.709439,warning
54.222083,224.251317,51.886305,0.967893,60.057400,38.095702,normal
55.516601,219.849427,51.516362,0.930687,60.014904,39.501154,normal
75.349423,218.792749,86.388869,0.885810,59.962115,48.258199,warning
100.284837,192.265387,106.083475,0.855777,60.127670,66.076774,critical
110.626524,209.111070,102.267907,0.791432,60.078384,55.739127,critical
61.568548,233.331534,57.662921,0.974636,59.991749,33.188972,normal
65.615745,228.619344,70.208555,0.959246,60.034509,43.722848,normal
103.188954,199.134162,100.513985,0.887609,60.455433,69.171853,critical
81.315326,235.504620,88.934653,0.922200,60.131302,43.492554,warning
95.586509,195.850439,94.687531,0.865675,59.832679,63.183768,critical
82.815505,231.943864,86.443619,0.924647,60.008223,42.859891,warning
58.516656,232.053373,54.911091,0.984096,59.997779,39.654430,normal
97.530627,212.253936,104.558214,0.884632,60.016313,69.852800,critical
83.430179,208.080333,87.117336,0.918608,60.024551,55.288711,warning
74.111194,239.242349,77.379674,0.890093,59.894258,50.662174,warning
67.629947,225.635705,66.372041,0.967238,60.040976,31.388618,normal
67.938272,222.851297,67.719037,0.937466,59.970047,40.159780,normal
48.476932,229.731743,45.265890,0.955457,60.023663,37.535642,normal
75.002102,217.881551,79.056525,0.899124,60.056928,51.714717,warning
62.858271,226.874640,64.220053,0.970914,60.054113,37.847065,normal
82.124235,211.444383,86.506945,0.940099,59.874053,52.559745,warning
47.606616,222.127192,54.277879,0.955900,59.956912,39.105190,normal
94.494651,210.331040,84.926036,0.802072,60.077640,62.811886,critical
39.564168,230.327358,44.801959,0.987406,59.973363,37.395602,normal
86.112107,212.758032,85.796924,0.893950,59.791221,44.766655,warning
49.494983,222.036998,54.406168,0.943651,59.994123,38.436046,normal
86.162419,227.075643,81.990608,0.890958,59.851501,51.339306,warning
56.158828,226.280314,61.759038,0.969732,59.984711,40.453557,normal
78.638288,218.232147,83.153683,0.955153,59.968792,55.645593,warning
78.253661,222.620866,69.903650,0.938002,60.031171,48.908580,warning
61.340985,226.495316,64.097479,0.956736,60.023328,45.478414,normal
94.311241,207.190161,92.161069,0.791510,59.832263,68.435057,critical
68.579413,223.530014,67.574212,0.882897,59.865600,59.834111,warning
72.631036,210.132463,82.140203,0.891819,60.090360,55.414029,warning
49.024473,231.513242,43.129104,0.928796,59.963656,34.009363,normal
96.688621,195.806104,101.205845,0.895453,59.861069,61.820331,critical
64.507284,228.300719,61.094888,0.984000,60.008955,44.250460,normal
77.129833,225.610348,93.382433,0.909642,60.214530,48.577256,warning
68.613207,222.268169,66.089718,0.941991,59.983251,41.163915,normal
57.348430,225.537774,50.862114,0.940422,60.050347,38.990635,normal
29.226859,232.562449,25.022705,0.962735,59.985411,42.219809,normal
81.732257,228.677805,75.058544,0.981899,60.018172,40.600496,normal
58.488043,230.781370,50.706271,0.977275,59.978011,44.942815,normal
43.304564,234.367251,38.769373,0.976363,59.964350,31.936451,normal
88.590310,246.384204,92.265044,0.856854,60.112384,70.706543,critical
69.205405,211.361362,60.172484,0.906235,60.045887,50.672517,warning
97.426511,189.431406,98.207298,0.833420,60.161725,67.512799,critical
78.880278,214.241023,80.894401,0.935866,60.129068,38.188986,warning
79.900567,214.157390,82.278273,0.884413,60.139817,47.593328,warning
64.070802,232.034846,54.183892,0.959084,59.992027,42.348971,normal
69.960274,237.242873,75.851863,0.894924,59.987792,59.841271,warning
77.386030,220.223371,77.806633,0.899436,60.061060,43.560050,warning
62.226411,224.722278,61.761236,0.956737,59.986724,37.682034,normal
41.445962,230.553531,40.334679,0.946914,59.984645,39.858385,normal
47.650984,225.304859,47.781431,0.977778,60.036175,38.205576,normal
91.001629,200.190422,94.401725,0.837581,60.089769,70.950247,critical
41.004889,227.307291,38.692077,0.968660,59.971301,41.690642,normal
108.348223,190.073170,104.607975,0.875796,60.107975,59.902534,critical
40.588928,224.413300,43.181459,0.976430,59.954215,36.361037,normal
56.677538,224.535611,52.690624,0.981443,59.961946,36.263918,normal
61.535784,233.202208,64.120236,0.948235,59.991480,38.743993,normal
64.292978,224.215583,70.344245,0.964873,59.922154,44.269425,normal
87.006942,212.413136,88.087375,0.970269,60.023800,49.715414,warning
51.653919,230.535231,55.306690,0.946846,59.969779,32.958188,normal
48.103668,231.085216,49.050918,0.953566,60.039240,46.569842,normal
42.121405,225.619405,41.660627,0.973212,59.964231,36.215178,normal
69.078819,211.382025,68.192673,0.969733,60.039576,41.811337,warning
39.919345,225.441054,33.221044,0.955630,59.947835,31.008384,normal
46.817266,229.749478,47.589005,0.949985,60.024068,33.529626,normal
70.125656,236.425183,73.074983,0.904168,60.085350,55.559726,warning
59.750929,226.960222,57.800922,0.956629,59.996676,42.428691,normal
49.072085,231.879594,50.893091,0.983727,59.975891,38.117165,normal
84.183137,215.847886,92.799704,0.904497,59.829434,52.553174,warning
88.248749,219.141982,74.606984,0.942242,59.977377,51.188964,warning
83.158668,214.683897,91.502733,0.883119,59.924675,53.359123,warning
99.631806,243.445955,103.429018,0.868855,60.042006,66.257258,critical
103.092324,247.005306,112.151210,0.823458,60.328431,64.720427,critical
74.924185,213.494468,77.875540,0.951326,60.034914,50.683528,warning
32.195943,227.856053,35.948770,0.968989,60.088539,44.455137,normal
90.644602,220.070405,103.468212,0.896018,59.836468,55.147087,warning
75.192284,225.029771,85.098672,0.912499,59.970621,51.919287,warning
83.413192,216.484411,79.984804,0.871437,60.018324,46.608810,warning
82.638275,240.712097,87.306201,0.857149,59.876799,58.289651,warning
46.703648,225.577271,42.443788,0.939760,60.031881,37.764512,normal
71.133324,224.719051,70.050726,0.991635,59.931949,40.908676,normal
53.687254,225.525242,54.632862,0.973662,60.072727,39.032213,normal
49.644304,230.831100,50.659940,0.961500,60.010547,43.039606,normal
78.994847,222.601908,78.560001,0.901898,59.965297,46.762203,warning
57.858378,235.452289,58.956414,0.992619,59.988984,34.986904,normal
46.072087,223.893611,47.880835,0.968625,60.029884,41.760484,normal
84.685871,216.952026,87.501312,0.906206,59.911729,52.115431,warning
66.908886,229.756587,55.514403,0.965953,59.991769,36.590013,normal
101.586570,245.630542,95.958641,0.789406,59.907433,55.996854,critical
48.206535,232.797306,47.970452,0.976226,59.979453,36.436611,normal
82.194445,214.571108,77.791310,0.911968,60.027974,47.499500,warning
72.701699,219.304132,75.751067,0.889524,60.205414,45.894234,warning
103.059501,207.675584,116.300096,0.808366,59.967306,64.685601,critical
78.312780,206.439778,78.546475,0.922209,60.049980,51.168699,warning
89.470698,237.255111,98.849429,0.941020,59.994331,55.144460,warning
54.705981,231.884485,58.761296,0.985014,59.974689,38.860530,normal
74.803797,209.846804,86.870838,0.954708,59.859994,47.988142,warning
83.174613,240.557289,78.568003,0.861557,59.875955,48.544486,warning
89.752966,212.402620,96.362018,0.904600,60.027669,52.481113,warning
50.718864,222.702665,60.203656,0.971317,59.999267,38.151866,normal
70.615502,212.478922,78.973895,0.913779,60.072329,46.815152,warning
88.887910,240.263615,79.204286,0.862671,60.304993,70.680177,critical
79.249680,229.889963,81.694272,0.920377,60.048437,59.078427,warning
84.190202,227.454437,94.409782,0.866918,60.024690,43.512479,warning
38.885653,226.469622,34.834554,0.976666,60.028491,37.248942,normal
39.143016,229.398137,37.191469,0.948786,59.932037,44.856002,normal
97.123021,206.409175,89.185841,0.869986,59.704218,75.953483,critical
63.258908,225.506019,57.885232,0.949401,59.973477,37.729816,normal
71.375341,223.399206,77.358418,0.900451,59.887650,36.347166,warning
44.177463,235.806641,37.478567,0.963015,60.018678,45.117788,normal
107.452198,245.741042,112.763620,0.859013,60.018562,64.063252,critical
90.986795,213.782150,99.902504,0.881437,59.947076,51.544508,warning
58.857156,224.887099,63.211705,0.979097,59.932802,38.363855,normal
65.863258,226.065988,61.619725,0.952864,60.001796,46.635063,normal
49.567192,219.047451,44.794972,0.974670,59.960451,37.556830,normal
64.728767,223.544048,63.504660,0.939661,60.002345,42.370606,normal
85.926792,238.093251,87.710572,0.900631,59.914328,51.215258,warning
69.555157,224.479391,75.575756,0.976071,60.012435,42.613004,normal
58.619280,228.380793,54.999281,0.940458,60.040284,40.770902,normal
70.434384,213.085987,59.187544,0.877999,60.042821,46.812303,warning
41.330593,230.862389,35.069589,0.945552,59.968545,36.058697,normal
83.875855,220.251918,85.206088,0.888516,59.942254,49.677419,warning
78.733760,223.863493,88.605589,0.917013,60.034487,48.110026,warning
65.524869,228.761539,56.777799,0.977898,60.000778,36.186595,normal
88.709363,239.215930,84.328776,0.913679,60.011403,44.739636,warning
63.533537,232.377298,58.093423,0.960559,59.995939,39.721684,normal
75.521700,206.470423,80.186623,0.901890,60.052840,52.778268,warning
84.793307,219.869105,96.411834,0.894718,60.032281,61.027270,warning
50.886684,227.860693,45.342607,0.969114,59.972460,41.963441,normal
53.216019,228.984440,64.199008,0.983502,59.997253,35.140287,normal
53.548211,232.834258,58.764925,0.951933,60.036445,32.599884,normal
61.769574,228.382220,57.186059,0.984428,60.088362,44.550200,normal
66.312592,227.059898,67.810169,0.963765,59.965283,38.229560,normal
99.588256,228.951888,100.538077,0.936219,59.960576,48.617951,warning
103.316398,207.459962,112.179284,0.865246,59.966687,64.421553,critical
111.589282,206.833825,116.916363,0.868415,60.097552,61.710279,critical
47.909355,226.196698,45.930060,0.975585,60.036191,43.708202,normal
78.820324,222.365267,82.055261,0.895002,59.938783,55.352074,warning
38.162674,236.710162,32.969078,0.958498,59.912198,41.383385,normal
85.141843,220.642745,86.205393,0.903813,60.058278,49.446787,warning
33.018258,230.055229,33.993462,0.968171,60.027474,38.520654,normal
48.255645,230.526735,45.549808,0.949685,60.020155,43.688620,normal
55.144116,220.626845,57.402550,0.972456,59.986603,36.341581,normal
76.617036,213.278813,78.123633,0.928439,59.920431,53.610978,warning
55.216467,227.668781,53.467534,0.962581,60.047515,38.113643,normal
86.360909,220.387789,97.862159,0.904268,59.920175,50.942813,warning
54.294071,229.838049,53.106949,0.975293,60.009724,49.023868,normal
51.608414,232.232064,44.647411,0.961793,59.958477,36.281538,normal
28.516432,222.999743,27.937134,0.966778,59.953529,42.602083,normal
77.495693,211.029183,71.039396,0.923657,59.879747,55.553586,warning
89.895519,217.776212,98.266041,0.931540,59.986894,56.771311,warning
79.858477,219.681889,81.679699,0.933959,60.190875,50.375552,warning
41.596928,234.807406,55.721991,0.972906,60.053213,33.102942,normal
86.099912,212.524422,90.410606,0.918961,60.167476,55.740385,warning
52.228760,223.510096,57.277059,0.967356,60.046805,44.620283,normal
95.064077,205.488604,99.420363,0.872631,60.246963,66.756488,critical
62.674227,235.755900,62.896544,0.971770,60.009905,32.056053,normal
41.481847,228.000063,29.559311,0.987810,60.057923,33.292484,normal
33.168676,226.488723,37.841663,0.942260,60.006908,38.111865,normal
46.228761,225.839295,45.631457,0.979834,59.948438,42.439021,normal
61.496820,225.269220,64.454669,0.961435,60.014703,34.166528,normal
50.131831,229.159827,59.068692,0.934043,59.997743,39.324692,normal
84.119680,216.093201,94.105374,0.973711,59.942200,51.777381,warning
59.605048,228.562288,58.476757,0.947294,59.990004,31.496503,normal
112.680062,203.702981,122.835550,0.791958,59.867202,70.426578,critical
77.601594,230.611560,78.313868,0.898238,59.881526,45.625295,warning
107.760196,215.061617,109.000660,0.820624,59.666791,59.147284,critical
50.068350,228.189649,51.018315,0.947790,60.020912,36.661843,normal
62.317815,225.970636,61.824456,0.955900,59.982878,36.473707,normal
92.609830,208.197776,98.992170,0.846887,60.334060,70.161830,critical
93.963964,214.406524,105.615079,0.908705,60.004869,65.980803,warning
72.937675,220.647835,72.265567,0.918398,59.834328,52.055280,warning
52.878543,231.575291,53.973504,0.976719,59.953858,46.480665,normal
109.033034,219.214776,109.507615,0.838899,59.827828,62.943482,critical
49.236801,226.171209,46.578870,0.954164,60.023705,38.451923,normal
60.048195,223.403495,61.796213,0.973167,59.987026,29.371116,normal
84.434028,238.152777,91.976216,0.928315,60.100468,50.251699,warning
93.739161,201.840963,92.236770,0.890091,59.959485,54.165581,warning
95.596236,250.005968,99.705243,0.852707,60.319126,81.697534,critical
60.212735,220.667101,62.471840,0.946955,59.979036,34.837902,normal
79.018794,225.341867,77.985741,0.891038,60.133031,51.026237,warning
46.845475,227.705188,44.144804,0.980898,59.943032,39.507801,normal
99.032988,199.324867,119.792804,0.876422,59.990071,67.754327,critical
75.789859,221.210688,75.287052,0.877579,59.990543,53.413103,warning
66.230370,218.748858,63.144800,0.984299,60.018309,41.498256,normal
71.443151,222.785532,71.809270,0.921459,59.860849,45.651589,warning
77.651467,205.070543,79.345412,0.919529,59.892333,48.187583,warning
53.661181,225.135929,46.227634,0.989503,60.008833,39.707322,normal
40.402488,229.884664,42.166392,0.977580,59.976493,29.222265,normal
102.301445,197.908862,119.750490,0.831712,60.059872,61.339085,critical
112.631340,244.517625,110.133772,0.833173,60.152093,66.055599,critical
85.139605,226.423561,85.684259,0.937839,60.012789,51.511213,warning
108.634920,241.668169,122.264317,0.871165,59.892329,63.547283,critical
102.846261,211.766049,110.955825,0.850077,59.756240,56.147876,critical
59.242807,230.304467,57.549626,0.951554,60.022849,35.071148,normal
82.518327,222.588105,102.550259,0.903128,59.854791,49.311954,warning
62.679887,224.259977,58.154692,0.986620,59.998829,39.616136,normal
56.449511,231.635355,53.958049,0.960622,60.005612,42.605831,normal
89.361262,237.686909,97.849912,0.903692,60.151249,53.704967,warning
81.292162,229.400048,85.127777,0.936869,60.028835,51.471763,warning
92.538607,225.271080,97.322413,0.914086,59.970798,48.474162,warning
89.781104,222.688071,95.154373,0.928578,60.123941,52.322581,warning
63.613859,213.786647,60.913790,0.929546,60.020773,59.543502,warning
52.152984,231.196027,51.478009,0.950727,59.995392,38.687016,normal
55.034383,227.011190,55.634853,0.943122,59.987577,39.771477,normal
56.008304,229.778134,51.142271,0.955869,59.965962,44.640189,normal
55.418247,234.910174,50.370986,0.953916,60.012356,39.209557,normal
38.815558,228.112067,35.863081,0.963106,59.950585,37.947514,normal
104.834168,215.110351,103.251972,0.833392,60.046192,68.479565,critical
57.837106,234.056827,52.172441,0.973318,60.001178,31.435855,normal
56.663795,225.071298,53.503730,0.952296,59.946290,42.298475,normal
79.229694,213.141271,77.187578,0.969583,60.026542,46.661895,warning
100.572685,201.760047,101.589922,0.844705,60.112333,65.509430,critical
82.713710,206.920623,94.953062,0.931297,59.992816,51.169576,warning
65.629278,213.577212,75.556172,0.938059,59.915508,56.039359,warning
58.474016,220.470588,64.312205,0.955436,59.936307,35.796649,normal
58.639195,223.663649,62.834458,0.960585,59.934942,40.565311,normal
54.159025,231.377734,51.078623,0.966864,59.957446,38.416483,normal
32.377893,231.148858,31.519850,0.961035,59.994388,34.870058,normal
44.863763,230.241453,40.747419,0.946969,59.972155,41.448356,normal
53.671922,228.545757,43.974143,0.976624,59.961705,44.415482,normal
59.797596,225.107678,57.036307,0.994860,59.976693,30.507107,normal
73.072751,239.053298,64.780229,0.863936,59.941751,59.636116,warning
84.206747,220.706941,87.985616,0.945661,59.888601,57.569593,warning
49.345335,234.860871,55.090143,0.970143,59.965804,38.736194,normal
72.932913,219.466765,75.123014,0.929319,60.027402,48.495507,warning
40.774628,226.722818,51.269547,0.975139,59.937352,35.108558,normal
106.895905,206.897574,106.579563,0.839834,59.835993,58.246466,critical
83.061465,212.929617,87.704179,0.924465,59.870211,47.669650,warning
54.882775,219.449376,48.904604,0.966754,59.983493,42.300293,normal
99.184103,246.684671,105.374311,0.832929,60.074460,67.387516,critical
81.844027,210.630175,82.457520,0.918785,59.807468,51.820469,warning
62.249429,227.255194,70.779300,0.980418,59.973116,36.856677,normal
60.439719,227.554055,59.037157,0.962894,60.003947,33.022409,normal
86.153033,216.702708,91.792732,0.919780,59.982925,54.169450,warning
101.579590,245.067725,95.836092,0.840006,60.304894,62.455744,critical
73.485620,219.136726,66.657866,0.938851,60.036004,54.398729,warning
74.367983,229.591018,77.000245,0.930503,60.008296,53.102918,warning
62.906072,228.112185,68.078901,0.952369,59.990216,39.510726,normal
103.371792,215.345788,103.686055,0.867038,60.189190,66.952430,critical
70.547801,209.085212,65.419460,0.990353,59.835282,51.169763,warning
80.813136,225.427696,89.380806,0.944169,60.023006,42.122729,normal
49.655631,225.323369,50.290975,0.977517,60.029755,41.225886,normal
95.574339,244.056522,98.527223,0.875302,59.871676,71.873149,critical
87.761333,195.210087,96.861010,0.850796,60.091320,69.923791,critical
83.404394,213.542871,99.848678,0.915751,60.108935,49.275893,warning
56.343525,229.341911,51.418152,0.961152,59.997916,34.792037,normal
52.991074,225.597763,46.104953,0.966902,59.998755,45.915510,normal
54.292368,225.214837,46.735526,0.956059,60.029609,38.237601,normal
70.627989,223.367080,73.653138,0.972407,59.991606,37.357094,normal
57.724726,220.917333,52.840499,0.977051,60.007045,29.835475,normal
61.561422,231.077493,67.929042,0.960465,59.984504,39.827683,normal
97.913497,188.443347,104.101053,0.929266,60.330152,72.584779,critical
67.622672,230.119521,66.144366,0.949173,59.985644,34.517435,normal
95.187580,219.904398,94.065604,0.752600,59.787571,60.308534,critical
78.354942,215.887220,84.495459,0.895453,60.174832,58.715803,warning
65.158153,217.200449,65.755112,0.929488,59.977252,48.626889,warning
62.244475,226.456055,55.693458,0.975065,60.012255,39.137227,normal
58.920372,229.085230,64.153964,0.972699,59.987348,45.861803,normal
42.725916,228.007899,48.701971,0.957856,60.002192,43.759440,normal
69.090063,230.142201,75.841917,0.995444,59.999274,31.951863,normal
45.033503,224.172161,45.207770,0.958138,60.011905,41.789613,normal
74.118606,216.177519,71.793223,0.883285,59.806175,48.477616,warning
88.337600,213.839717,83.462431,0.945798,60.083515,45.479294,warning
78.729447,233.040538,76.495676,0.915402,60.106367,47.391308,warning
85.167104,219.797370,87.263981,0.869128,60.081666,55.591554,warning
96.971914,249.535220,110.353408,0.863418,60.145667,71.270261,critical
81.704316,213.143781,88.775218,0.964908,60.199874,56.559139,warning
100.632442,203.192767,97.735033,0.849538,60.400216,53.126343,critical
58.968429,228.771261,66.487878,1.000000,60.038728,46.354425,normal
86.172969,223.441967,89.374656,0.918029,59.981124,49.367490,warning
49.041002,232.161956,45.705514,0.958194,60.002473,36.742811,normal
45.171338,231.972699,47.230808,0.981591,59.984255,40.995119,normal
66.742057,229.737889,66.587493,0.967443,59.987388,40.184726,normal
76.123261,215.866444,81.395449,0.933096,60.058234,53.203388,warning
34.811066,227.697365,34.580911,1.000000,59.974847,40.123908,normal
93.670855,201.466536,97.627854,0.896729,59.743851,65.110259,critical
72.324100,219.954254,78.325250,0.938103,60.069195,51.637569,warning
99.227115,244.305660,96.596759,0.849652,59.738341,66.405683,critical
55.268112,224.930187,65.035557,0.945787,60.046718,33.497121,normal
59.383122,225.427711,63.459627,0.971201,60.018221,44.218558,normal
54.821899,222.699883,49.956680,0.948830,60.026029,49.426317,normal
78.281200,217.951292,79.171330,0.920024,60.126616,43.892418,warning
46.678485,236.259424,43.209304,0.942419,60.034694,40.180915,normal
65.195911,227.120859,71.970540,0.968980,59.974459,43.240832,normal
99.273112,217.121017,100.065656,0.811966,60.066285,58.165285,critical
70.312201,229.536395,73.890905,0.945131,60.023888,36.081361,normal
58.116417,231.494269,47.992173,0.969037,59.975842,37.467485,normal
73.512254,224.294666,72.639381,0.940086,59.874108,56.637179,warning
79.854354,239.486739,76.157435,0.928908,60.037573,47.047039,warning
85.620254,220.140420,87.299942,0.913200,60.038349,53.208612,warning
59.329553,235.117076,64.635502,0.978271,60.016622,41.590160,normal
72.996031,221.037661,81.905202,0.955243,59.925268,57.502119,warning
57.665896,224.019509,59.066909,0.965859,59.998643,41.008663,normal
62.876531,223.900627,62.044690,0.977642,60.007298,34.110028,normal
71.058598,221.610723,76.225015,0.961970,60.024764,39.838856,normal
55.676442,225.191096,57.076113,0.948591,60.004181,42.522842,normal
55.940964,229.127782,57.326713,0.976398,59.942049,42.885163,normal
55.951263,226.977349,48.850239,0.974865,60.012648,42.187007,normal
58.936330,231.071827,52.775723,0.943903,60.010952,29.951274,normal
45.349222,222.791955,41.033690,0.976877,59.973329,42.945820,normal
54.322212,222.842782,49.241998,0.953974,59.983714,42.756302,normal
51.680357,228.897705,49.692476,0.958992,59.982122,36.008070,normal
98.472679,203.891198,106.755546,0.791904,59.915176,68.184791,critical
80.251631,217.897358,84.196511,0.936996,60.020392,48.330082,warning
67.759513,228.148988,66.117425,0.972829,59.982620,38.206200,normal
89.426840,209.305780,93.968251,0.876087,59.884223,57.516146,warning
109.930998,243.025751,118.352264,0.819385,60.100957,74.943706,critical
49.641065,227.604636,45.170506,0.949303,59.961157,33.524566,normal
97.114586,241.435814,90.919606,0.840187,59.519139,61.475072,critical
77.269254,223.904784,87.274234,0.893180,59.983495,48.396911,warning
59.380662,223.086273,51.496900,0.963284,59.994259,42.354004,normal
41.196297,229.439439,42.010072,0.993047,60.031032,35.695034,normal
111.326375,216.512869,120.801361,0.813030,60.281883,67.387341,critical
89.140979,242.519963,106.101433,0.871031,60.157054,66.062417,critical
67.806169,218.077381,67.369273,0.896853,59.945152,53.304756,warning
48.097496,229.944366,49.936604,0.981395,60.021451,40.592449,normal
107.815133,204.997927,119.532067,0.891142,60.055423,60.376604,critical
63.236238,231.104752,59.401507,0.984728,60.029430,35.402925,normal
96.483017,199.946643,94.882851,0.871921,60.153429,74.677831,critical
84.918499,222.939361,83.294751,0.895623,59.952689,56.829953,warning
71.335897,220.625237,69.557693,0.981401,59.973100,38.663308,normal
68.593298,231.657671,67.375370,0.973768,59.948350,42.170688,normal
82.859863,230.887723,87.957993,0.943093,60.039181,50.112742,warning
115.786446,210.352955,115.452878,0.873307,60.072890,53.888577,critical
95.175907,246.008484,99.394673,0.848857,59.799156,68.492304,critical
81.252556,204.625327,79.859309,0.937941,59.962704,57.362879,warning
52.703053,233.079441,42.915316,0.974117,60.017092,39.683594,normal
75.484473,238.243123,85.323228,0.914699,60.068479,50.702697,warning
76.509396,227.184036,67.874400,0.964183,59.952658,38.656873,normal
88.272809,226.527793,105.637366,0.945327,59.979625,42.465773,warning
52.183903,226.141021,53.217866,0.976763,59.966609,44.795820,normal
76.265848,216.172444,85.628567,0.943780,59.893335,42.501839,warning
65.532388,223.609367,68.333164,0.952754,60.022711,45.019708,normal
101.108365,245.595224,102.963079,0.859163,60.284943,62.826710,critical
49.781817,224.515588,55.079212,0.943921,59.961645,41.423049,normal
97.808827,210.866147,103.107899,0.902591,59.824850,58.660814,critical
90.227009,211.171037,87.867656,0.893863,59.935250,50.340139,warning
83.319729,219.672770,79.893495,0.873657,60.005886,54.061727,warning
70.500527,220.683380,70.619413,0.914132,60.168576,45.849446,warning
65.774055,233.219961,67.178928,0.941342,60.037715,36.512543,normal
55.606905,225.099914,44.060238,0.961200,60.010408,40.521186,normal
82.542909,220.235088,82.873146,0.914581,60.076129,60.800753,warning
63.295291,211.196991,68.759968,0.937362,60.163440,54.293756,warning
68.066530,230.761602,63.256750,0.960343,59.953778,37.777639,normal
48.803056,234.061868,50.789232,0.974290,60.021795,30.986615,normal
71.665465,213.467530,70.944929,0.886829,60.060133,54.392789,warning
42.364110,229.572772,38.079185,0.978178,60.033333,31.825784,normal
73.478398,216.816144,78.351500,0.911287,59.931457,45.291700,warning
59.188906,235.054785,60.948175,0.968198,60.064795,40.815981,normal
83.472328,231.544479,79.891556,0.949739,60.021794,39.273503,normal
45.842498,225.458931,49.839830,0.967527,60.038129,40.651155,normal
78.420269,217.712692,97.229136,0.895005,60.154972,57.533973,warning
52.079580,230.965401,52.886083,0.965659,59.957708,41.609843,normal
106.655372,204.976090,102.754097,0.839459,59.810669,67.157541,critical
83.044003,240.985900,78.269794,0.904510,59.980481,53.493844,warning
69.493248,229.240025,71.434284,0.967019,60.051989,37.897065,normal
38.368052,223.306885,33.144246,0.989432,59.945360,51.605125,normal
62.009886,225.851727,70.019763,0.939235,60.026101,40.907664,normal
98.116136,200.355245,85.513027,0.802747,60.242689,62.575673,critical
69.574784,223.610055,73.087981,0.932831,60.001656,43.817225,normal
89.759039,212.075480,96.750492,0.873758,59.624264,60.856749,critical
69.648199,212.570209,59.662138,0.893530,59.995195,50.076806,warning
69.931018,215.008127,77.283603,0.930448,59.850680,50.020380,warning
70.151579,219.438355,67.813913,0.924629,59.953383,58.555739,warning
57.811090,226.738507,58.941852,0.970162,59.984304,37.292888,normal
108.867518,247.766145,106.390508,0.839303,59.981533,54.734444,critical
56.795218,229.902352,55.930504,0.970553,59.969612,38.637406,normal
112.952463,205.541674,114.511318,0.833875,59.778701,71.177181,critical
84.253619,229.037405,82.547957,0.938219,59.991918,56.665383,warning
96.973740,244.547407,98.771117,0.812370,59.914726,80.109867,critical
62.550292,230.235952,52.243784,0.956849,60.047306,44.454972,normal
93.201869,201.309393,79.892548,0.831272,59.903699,71.656916,critical
59.161828,231.707758,60.312077,0.977392,59.996763,37.820213,normal
43.531700,225.332944,41.956475,0.960270,59.989344,39.106980,normal
52.164871,224.335206,52.509422,0.977617,60.036324,36.072192,normal
53.309694,217.321264,36.737328,0.954988,59.991385,39.453150,normal
82.528630,216.990999,80.515042,0.933832,59.908249,54.365120,warning
40.038920,228.718583,41.766712,0.960041,60.026189,37.680103,normal
64.248031,238.726687,68.412025,0.919968,60.031064,53.563933,warning
105.967131,246.670349,110.944293,0.845105,59.755418,68.894889,critical
80.579029,217.709599,73.430048,0.893620,60.056889,57.658837,warning
100.965408,240.552824,106.835982,0.932617,59.996610,59.614124,critical
92.471599,230.720925,96.169571,0.899558,59.985323,51.416653,warning
79.839262,222.723497,76.092073,0.904555,60.094206,56.295519,warning
98.367289,202.406072,110.597892,0.783554,59.987316,70.980056,critical
46.442367,227.285253,45.032303,0.971082,60.048333,39.636132,normal
64.976527,224.065301,68.829771,0.943021,59.932819,33.941583,normal
105.698702,246.713196,109.718807,0.810801,59.845396,65.872162,critical
96.700335,247.640841,102.760730,0.801262,59.727648,63.753666,critical
106.281391,212.379486,99.153735,0.866771,59.984512,70.119830,critical
80.589042,206.147534,82.306893,0.924995,60.050379,50.879302,warning
67.295696,224.761217,69.404958,0.968592,59.974068,38.164518,normal
101.485609,202.675374,102.908959,0.865341,60.373981,63.801999,critical
88.859070,201.660948,90.162379,0.835697,59.869000,70.495807,critical
86.363536,209.532493,85.627328,0.889910,60.099955,52.823670,warning
87.132872,226.059014,93.626648,0.906165,59.922338,49.616671,warning
77.931219,215.112855,73.814202,0.944174,59.982265,58.358024,warning
77.398258,218.802786,76.694541,0.945787,59.986606,54.196146,warning
40.510803,231.289885,40.005717,0.970646,59.952835,39.468958,normal
70.956668,229.217264,81.940247,0.959622,60.036485,45.554646,normal
87.017047,220.500009,94.115623,0.882906,59.782749,49.752016,warning
81.028633,220.212803,81.895772,0.875988,60.068153,50.516396,warning
75.008905,215.351430,66.043494,0.919574,60.037291,45.302908,warning
109.117515,215.291887,115.793014,0.812623,60.034435,65.833044,critical
95.176147,205.027877,88.771177,0.873933,59.493430,71.719205,critical
56.913791,227.097984,70.343312,0.976934,60.009761,35.850563,normal
47.482304,232.669286,51.446798,0.955612,60.021034,43.743840,normal
70.506865,227.723745,74.373083,0.954215,59.981667,37.780664,normal
80.830208,216.229081,90.850325,0.887239,59.891553,48.714312,warning
53.985096,223.711834,52.674985,0.945577,59.942102,41.210802,normal
72.126720,221.822141,68.512410,0.924655,59.977124,53.541049,warning
96.419358,242.676671,101.915353,0.900195,59.875496,51.690634,critical
82.938491,208.866318,71.428797,0.868640,59.870105,50.276922,warning
48.651303,229.539520,44.321842,0.957295,60.051564,36.894484,normal
46.718318,236.777374,49.317125,0.962263,59.972049,40.603135,normal
73.430009,203.799132,69.690959,0.918025,59.973268,46.569082,warning
62.884684,227.486038,62.010203,0.942192,59.947023,42.071405,normal
54.258633,220.126423,56.460019,0.990766,60.022229,41.069063,normal
70.829764,219.703287,62.093856,0.918185,60.029901,55.594563,warning
51.371413,225.291107,53.577987,0.959697,59.981136,32.275239,normal
96.784552,192.738608,91.263957,0.852679,59.835962,67.882888,critical
86.383483,226.658248,90.239536,0.954788,59.980580,35.265004,normal
75.171531,232.466447,84.252649,0.908011,59.964207,52.588512,warning
73.402935,210.572483,80.750622,0.902393,60.015503,49.827314,warning
91.131144,224.676475,101.963854,0.918783,59.966525,44.883732,warning
87.276568,239.105124,103.262756,0.879062,60.077822,58.402170,warning
42.113039,230.108618,43.026398,0.967346,60.004705,37.952375,normal
47.215273,227.995966,54.032050,0.960041,60.045668,39.102453,normal
43.630977,229.314967,35.821498,0.979989,60.033825,38.951936,normal
56.909647,229.526528,45.891006,0.947586,60.006541,40.206594,normal
96.330495,198.140415,107.249587,0.864711,59.907427,66.669959,critical
90.464197,216.909031,97.442148,0.896788,60.088625,47.957764,warning
57.832208,228.788348,69.085576,0.977085,60.048275,42.964306,normal
46.132006,228.152657,44.472508,0.979829,60.021297,37.664038,normal
74.298531,203.535334,62.384055,0.945845,60.054415,34.200601,warning
83.077995,225.623486,76.125073,0.867872,60.055392,55.465266,warning
82.625090,213.799384,85.495818,0.891287,60.057554,43.225754,warning
69.376180,219.527991,71.707500,0.936865,60.038005,54.815270,warning
86.980618,214.281794,95.900727,0.914338,60.078106,45.351119,warning
65.028667,229.194183,62.803099,0.968054,60.024605,46.050030,normal
81.454753,223.567302,94.607153,0.901153,59.896322,49.554658,warning
75.221269,224.260425,73.389422,0.968377,60.004648,42.643812,normal
67.025265,226.257999,69.452051,0.955052,60.018780,31.937113,normal
55.084976,227.785526,61.422423,0.957663,60.095531,41.125238,normal
39.287140,222.810937,38.931848,0.972398,59.953990,33.964228,normal
48.448774,234.136150,47.340772,0.986614,59.968163,40.111445,normal
54.647967,228.605044,56.868157,0.966388,59.978375,36.684000,normal
106.187158,247.429437,115.328858,0.837700,60.019176,70.263524,critical
53.375937,229.293531,54.623961,0.950859,60.001637,42.042369,normal
83.979747,209.151470,81.968680,0.924755,59.840658,48.088724,warning
74.211823,241.047788,74.045891,0.937970,60.183425,51.994048,warning
47.230391,228.030336,48.130082,0.969393,60.079047,45.530034,normal
50.776962,229.415343,47.408106,0.958426,60.011205,43.116580,normal
112.443368,191.265747,114.458887,0.808847,60.314843,69.089284,critical
58.541739,223.258195,68.481021,0.967017,59.997602,36.250470,normal
44.366555,231.503245,30.326418,0.957153,60.063112,37.800001,normal
67.985619,222.592135,56.250732,0.949866,60.053262,32.378044,normal
90.449484,240.266658,90.698380,0.915082,59.877015,50.297975,warning
84.490975,215.066366,81.122888,0.926520,59.962404,49.558785,warning
98.626589,242.424707,106.890117,0.826182,59.688622,63.487551,critical
100.366874,205.953365,112.121503,0.833398,60.072307,62.707862,critical
54.206956,231.742945,48.248716,0.968360,60.003633,37.010019,normal
59.169155,232.760353,60.066434,0.970416,60.098897,40.360229,normal
87.921178,212.679069,88.745044,0.947392,60.083881,51.484773,warning
81.402241,226.321310,82.235099,0.938231,60.093109,59.908381,warning
92.940771,203.109433,99.749300,0.848977,59.947793,68.984107,critical
81.520876,221.632613,85.886890,0.954370,59.765453,44.034901,warning
101.659567,238.767961,120.910690,0.837682,60.334375,57.335669,critical
84.771273,216.939131,80.724230,0.921136,59.891978,42.839564,warning
61.201148,231.661619,57.004652,0.980553,60.020268,43.554955,normal
78.429987,237.201880,78.311456,0.893224,59.991104,43.846112,warning
44.991146,222.264460,42.875736,0.970584,60.005748,39.935692,normal
44.336816,224.458971,43.902921,0.981744,59.992912,32.542235,normal
60.286005,232.227471,63.725422,0.970051,59.971137,42.561860,normal
60.885297,226.781714,56.467697,0.957160,60.005292,38.460160,normal
49.542269,231.513472,47.758182,0.955454,59.910211,40.066716,normal
49.900214,227.152996,48.031830,0.948614,59.957996,48.196767,normal
102.960902,201.451588,111.553388,0.844684,60.107433,58.619437,critical
100.837953,206.703010,109.454306,0.804023,60.462399,70.769279,critical
81.013310,220.127986,79.824203,0.915195,59.970712,53.766700,warning
104.777780,197.790791,107.083025,0.783606,59.986934,72.105571,critical
96.326446,213.929814,107.594818,0.837876,60.176811,69.404269,critical
90.358617,221.085394,84.674689,0.916711,59.833057,52.931492,warning
61.164409,226.625890,56.323796,0.955034,60.050487,36.384761,normal
93.668728,197.304606,95.938602,0.800444,60.110091,65.098191,critical
45.372411,224.248617,40.118029,0.978774,60.024257,35.044079,normal
52.717527,232.554316,53.025906,0.973749,59.937466,42.006723,normal
45.930645,229.690488,44.263975,0.971556,60.038188,42.550094,normal
77.279720,224.831669,70.689609,0.967595,60.060178,42.062079,normal
47.959262,229.252349,51.588174,0.940019,59.983929,34.539958,normal
62.466702,228.944745,66.793268,0.959707,60.026022,35.778661,normal
57.882762,231.825323,66.931735,0.967244,60.020736,39.602054,normal
102.966327,205.083172,110.821530,0.788116,60.316423,64.977577,critical
111.454050,207.665675,118.264398,0.806452,59.613570,61.387442,critical
55.786773,230.000561,52.081496,0.988858,60.018741,30.941562,normal
93.762034,245.519622,93.244480,0.832586,60.225937,78.881978,critical
71.277441,207.461801,67.193255,0.921507,59.959861,51.700439,warning
102.474849,242.180702,88.669256,0.753029,59.994136,70.397918,critical
34.315478,228.875051,41.839000,0.952798,60.033057,45.362398,normal
84.072529,238.555840,83.538978,0.928087,59.817016,57.897725,warning
53.688345,233.069954,45.757689,0.952954,59.998237,40.528307,normal
44.951280,240.070593,53.450098,0.958991,60.004483,36.616959,normal
92.442295,240.141437,89.126261,0.894800,60.218971,64.579021,critical
80.092720,198.658759,90.609825,0.860705,59.979163,48.835224,warning
58.019713,228.494102,67.147451,0.950060,59.950313,41.861510,normal
59.896239,225.942880,60.948844,0.974708,59.956602,39.752916,normal
106.487815,243.561426,121.100464,0.815728,60.120592,71.204166,critical
56.241447,221.044330,60.176629,1.000000,59.983310,39.317232,normal
90.836696,211.249396,93.321265,0.873278,60.088107,47.637856,warning
55.899963,220.982354,53.769713,0.950822,59.989649,38.450166,normal
75.087657,238.638653,73.689177,0.963151,60.085613,39.071941,warning
79.076207,213.213239,79.773833,0.866012,59.868049,64.447690,warning
55.288456,226.724759,57.767773,0.959223,60.011156,34.487234,normal
79.389249,209.439519,86.981148,0.917307,60.009389,50.542123,warning
103.641438,203.852097,98.242882,0.848661,60.257261,65.473540,critical
44.131670,229.706823,52.691817,0.961178,60.022184,37.490874,normal
50.478108,225.075386,54.156089,0.964128,59.999135,42.096255,normal
73.804344,240.843250,77.444791,0.882775,59.896508,48.813637,warning
56.182144,225.546596,58.653410,0.979218,59.992687,42.027419,normal
103.272758,197.392867,105.002058,0.849358,59.861638,48.605795,critical
52.637062,224.028237,63.198295,0.943652,59.964338,47.984621,normal
79.438184,210.944222,71.057400,0.920993,59.828741,54.123214,warning
56.642584,232.694199,52.871503,0.980750,59.982644,40.051031,normal
38.422517,226.019651,42.324982,0.955517,60.000053,35.055883,normal
59.404012,222.113373,59.615676,0.951764,60.018389,34.840347,normal
85.498294,218.052670,85.438479,0.938048,59.981304,55.134644,warning
33.841532,228.054016,41.563389,0.961542,59.974298,43.438028,normal
53.724509,226.118025,44.539491,0.981050,59.928185,41.715386,normal
97.079044,205.536455,99.660714,0.808759,60.330185,63.544839,critical
80.436554,208.711609,73.338165,0.897045,59.892841,51.276612,warning
48.863848,230.947251,37.650708,0.958771,59.981090,42.416399,normal
64.272362,228.200877,62.754261,0.966159,59.897222,42.133508,normal
82.159050,239.553321,77.405152,0.926056,60.110047,43.648991,warning
64.496602,220.293811,64.090518,0.958870,59.998414,44.139727,normal
79.889723,239.143360,81.300997,0.901295,59.943726,49.418133,warning
87.790738,235.870108,88.925874,0.928302,59.914823,48.672070,warning
66.796240,212.721367,67.540199,0.888199,59.995583,45.928239,warning
54.025829,226.620800,46.440125,0.955494,59.949323,39.315650,normal
79.382942,210.572393,88.763836,0.860340,59.960166,53.576809,warning
79.934137,215.761024,92.707673,0.920446,59.953563,48.339763,warning
82.872657,238.821219,90.415043,0.890755,59.848042,47.252004,warning
62.363832,227.115588,67.351566,0.954507,59.983898,40.001388,normal
75.736959,224.571780,76.633234,0.922918,60.027360,48.745485,warning
56.930929,229.239316,48.378574,0.973670,59.957893,41.392392,normal
44.969698,231.177809,45.711387,0.961116,59.999324,39.135253,normal
62.960015,228.464852,68.923390,0.981556,60.007082,40.034641,normal
78.320511,240.813044,81.474054,0.940018,59.892434,58.096503,warning
48.000617,231.051666,44.923712,0.988231,59.924886,43.386700,normal
81.975636,215.039059,80.217010,0.916305,59.958113,49.269226,warning
66.959629,221.098807,66.704936,0.916301,60.062772,44.750339,warning
73.883007,232.678843,75.445593,0.928545,60.006135,42.257806,normal
106.992689,214.126557,109.876124,0.850329,59.752038,61.728938,critical
104.885351,242.141997,116.100898,0.833735,60.118109,66.053968,critical
86.283572,221.765285,81.372881,0.917806,59.920231,52.460205,warning
88.068471,239.443903,92.324548,0.877405,59.937835,56.269640,warning
77.414529,213.255261,87.159978,0.928761,59.935295,48.741957,warning
64.482432,235.903740,62.824516,0.938329,60.038377,33.304088,normal
55.594318,228.920807,54.788750,0.960189,60.026810,37.864425,normal
63.060230,226.878609,73.658216,0.988678,59.950791,38.554393,normal
97.888417,243.155946,101.118994,0.857530,60.262247,73.135914,critical
72.999478,224.340482,76.059001,0.949711,60.007446,50.401661,warning
65.909496,224.658142,62.499767,0.951353,60.020499,42.206856,normal
102.566427,207.880472,106.173404,0.805186,60.198146,71.259412,critical
83.407029,237.535607,86.141647,0.898970,59.984057,50.444952,warning
55.993720,228.238295,55.219390,0.963594,59.962136,39.283425,normal
72.410826,238.943848,82.155965,0.896817,60.020057,46.653957,warning
103.170680,246.113295,104.386875,0.870674,59.995688,69.263604,critical
93.403964,239.745970,101.985520,0.926889,59.991795,50.616018,warning
103.527454,197.623730,111.586353,0.841531,59.848394,65.666976,critical
95.233239,219.771791,107.031447,0.922831,60.010335,45.575958,warning
65.134228,224.772203,62.889237,0.982851,60.048741,35.407682,normal
62.632521,231.639167,53.087333,0.979739,59.914734,40.633073,normal
66.512722,227.671183,60.029004,0.960276,59.999466,32.181275,normal
63.275344,219.254382,66.918867,0.963806,60.025209,43.060422,normal
77.460393,214.756819,87.646290,0.860487,59.988437,49.105594,warning
87.442298,199.239373,82.545835,0.911691,59.950141,41.606946,warning
54.713553,229.192781,49.540338,0.967037,60.024615,47.976514,normal
45.194526,225.769086,46.805971,0.967283,60.001388,36.252518,normal
83.743773,215.631222,85.545713,0.927840,59.905709,48.733421,warning
58.614919,227.803098,59.767956,0.980900,59.991856,35.260394,normal
39.338645,220.260678,30.995213,0.950354,59.978161,46.019761,normal
51.366451,234.871773,57.670746,0.963681,59.993294,34.489878,normal
57.774130,227.564238,55.523291,0.985597,59.974149,41.096607,normal
70.968322,199.411496,66.717703,0.923630,60.062837,61.496815,warning
82.252988,222.952989,90.253225,0.887315,59.879181,48.755818,warning
41.211809,229.453993,38.610709,0.943746,60.013034,35.859674,normal
103.918561,243.742964,92.670056,0.855398,59.940013,58.186665,critical
37.743320,230.575301,39.069737,0.964896,60.007129,40.128250,normal
106.396793,207.106600,110.834191,0.763388,60.278103,68.772985,critical
88.968661,210.255141,97.281405,0.869364,60.046756,68.991407,critical
90.381866,239.141259,97.019878,0.844766,60.337751,62.745770,critical
88.003645,202.707919,90.527390,0.784851,60.053466,66.058220,critical
77.727921,216.959150,80.772820,0.947314,59.913587,45.251790,warning
101.156229,210.779876,110.486457,0.883080,59.864549,68.147789,critical
88.555022,208.072502,83.145429,0.884916,59.966885,52.756199,warning
84.552966,206.078852,98.757895,0.913597,59.909805,47.853509,warning
68.643046,215.068479,56.195375,0.911669,60.004486,42.004323,warning
106.063144,241.723647,112.404376,0.864913,59.972458,72.945876,critical
70.063958,215.317147,68.269169,0.863455,59.847246,46.256549,warning
95.953498,194.758282,100.774102,0.832330,59.808584,55.439299,critical
40.869549,226.284687,34.591745,0.968602,60.009692,43.027831,normal
77.169099,218.299458,77.351892,0.934646,59.968297,51.804689,warning
89.669539,244.119915,97.769503,0.832008,60.339481,71.618612,critical
74.129511,239.867365,70.587610,0.930749,59.811387,51.863246,warning
99.671648,204.442170,95.125353,0.792361,60.343960,60.252080,critical
50.474214,230.819253,56.818299,0.964232,60.031162,40.357722,normal
79.938929,222.121382,76.561210,0.933077,60.009224,50.868782,warning
58.806266,228.503989,55.546387,0.972157,60.042665,39.163222,normal
53.997784,230.377838,48.971388,0.931618,60.008058,41.032797,normal
68.493844,240.313097,66.737369,0.864614,60.176592,40.863458,warning
50.847497,220.758040,47.608520,0.955041,59.959587,32.489552,normal
46.767218,229.458723,49.873729,0.967486,59.971894,35.402903,normal
83.780334,227.321143,86.222548,0.934323,59.975253,47.636233,warning
95.249663,245.696837,94.323813,0.894921,60.199708,71.969067,critical
56.171908,227.222790,57.577334,0.959010,60.024378,44.540218,normal
71.467184,214.509036,81.294061,0.885060,59.935302,52.603661,warning
99.439042,207.438909,99.681467,0.838098,60.294271,69.376262,critical
48.284496,228.550133,51.404547,0.997964,60.020657,43.910750,normal
76.707885,240.168510,74.957438,0.847649,60.210744,49.069297,warning
109.508120,220.399338,116.043220,0.858269,60.005897,76.069747,critical
46.544393,226.202216,58.184768,0.964657,60.093668,39.606642,normal
58.672618,230.069982,63.107967,0.959666,60.002781,47.579673,normal
71.754561,240.853198,80.147913,0.857291,59.973319,50.639868,warning
103.814331,194.336894,111.837304,0.867391,60.278498,70.987350,critical
69.740533,213.493451,63.931126,0.913355,59.979059,53.691887,warning
83.900473,212.971400,93.004081,0.971640,60.066237,48.000411,warning
47.582821,229.473040,41.009956,0.971394,59.968879,42.147438,normal
52.432825,232.026648,46.630597,0.974431,60.026868,43.405108,normal
115.968586,240.546594,124.642304,0.815297,60.170585,69.401188,critical
52.950565,233.914209,51.598872,0.976041,59.999041,37.969213,normal
98.385014,215.967332,103.423926,0.816995,59.965070,65.122974,critical
95.422541,207.080907,89.288783,0.861634,59.695749,65.012618,critical
82.504244,214.872508,81.582039,0.935989,60.034768,60.047310,warning
81.195070,222.879862,85.519715,0.919865,60.091881,47.846921,warning
85.026952,217.860468,80.690898,0.921075,59.994902,47.630293,warning
60.731875,225.273879,60.281765,0.939505,59.993908,38.075257,normal
75.889847,243.277204,88.038133,0.909433,59.996055,52.595644,warning
75.615012,211.331168,77.250106,0.962280,59.957776,57.161489,warning
56.239528,229.167974,56.225959,0.988496,60.030275,41.714445,normal
58.512808,229.294800,61.650932,0.948258,59.971900,37.613678,normal
83.807201,217.334937,90.982448,0.842429,60.020726,49.346736,warning
75.528970,223.925331,69.317778,0.908276,60.008506,46.306328,warning
88.569019,223.732022,86.917132,0.906127,60.057584,51.598251,warning
84.628915,238.793516,81.022938,0.901601,60.009191,57.252055,warning
101.616818,208.137391,106.423865,0.838006,60.307161,58.712156,critical
74.888572,234.490524,80.022621,1.000000,60.032919,39.013402,normal
55.423914,229.514908,51.443494,0.945576,60.044742,45.773972,normal
55.893590,231.936732,68.107867,0.945831,60.020608,41.600497,normal
97.465669,210.261735,103.265130,0.842754,59.849828,59.772819,critical
58.703397,227.506827,63.456995,0.973867,60.076060,36.604049,normal
48.636121,226.068524,46.340322,0.949238,60.019012,40.997743,normal
74.350405,219.732860,83.006142,0.889870,60.093738,49.648991,warning
44.231092,235.452048,37.356799,0.956600,59.977410,39.686581,normal
86.436189,221.115522,95.782450,0.909386,60.041009,52.363308,warning
107.742153,193.968406,107.250915,0.832425,59.770941,72.099375,critical
63.284905,230.393814,63.656348,0.926854,59.906555,41.827901,normal
72.764516,219.219205,71.133384,0.917970,60.059816,45.023398,warning
55.910267,227.737558,56.158475,0.983261,59.921652,36.355509,normal
77.358295,234.776208,88.323204,0.902713,60.040547,52.269384,warning
81.861015,226.924007,85.859704,0.925330,60.014047,59.395212,warning
75.673844,215.191786,81.503499,0.904170,59.944518,64.282342,warning
60.960844,227.164833,62.035663,0.954884,60.025263,41.620627,normal
70.966280,222.721644,75.426626,0.877671,59.773039,50.872992,warning
83.799342,215.996984,90.505259,0.880668,59.940376,49.046402,warning
68.874783,228.290295,72.109574,0.974821,59.906632,41.448248,normal
65.404844,221.133366,71.105992,0.959875,60.017464,40.616129,normal
64.630930,227.885992,55.961635,0.959709,59.994935,36.908750,normal
73.420769,231.330969,69.771927,0.939413,60.046993,39.349613,normal
70.685150,212.984300,68.778226,0.923007,60.008973,49.723032,warning
63.562133,226.492061,69.911601,0.957108,59.963031,39.664284,normal
57.791423,226.574254,57.787630,0.955586,60.043199,40.358624,normal
70.249444,230.388446,63.303030,0.966039,59.971254,30.489664,normal
58.923063,229.205676,56.134640,0.963500,59.972734,38.188633,normal
94.111732,241.897746,93.458970,0.823567,60.057556,61.855849,critical
89.096788,197.723011,88.916534,0.819093,59.620397,65.108768,critical
87.568769,205.180133,92.109905,0.828348,59.857617,60.372780,critical
103.176168,209.432666,101.626820,0.810678,59.973251,64.971711,critical
113.532329,244.662404,114.905963,0.845875,59.884748,75.254356,critical
93.563825,240.267912,108.313296,0.835057,60.046037,64.373758,critical
53.827905,226.912474,46.995418,0.973031,59.951576,37.625587,normal
51.091759,225.009646,52.287765,0.965268,60.042566,38.791081,normal
77.885118,219.103709,88.653040,0.910330,59.965173,46.113049,warning
73.145340,227.501239,66.640242,0.996372,60.003816,36.618870,normal
74.711926,241.450006,76.577703,0.902228,59.976968,54.213337,warning
51.587234,228.006552,47.321713,0.967963,59.994715,39.364680,normal
60.017412,231.711417,54.029618,0.961989,60.013410,37.312297,normal
77.207983,228.444433,73.269462,0.976517,60.001745,37.171561,normal
104.060733,211.843613,111.258264,0.845255,59.738746,55.642205,critical
72.295118,219.206258,72.567444,0.905140,60.116698,47.847578,warning
100.903508,205.227043,96.736733,0.813528,59.878992,58.407835,critical
108.830220,218.685733,108.162524,0.844710,59.976771,73.525144,critical
91.825258,225.168394,88.593651,0.901677,59.895584,50.119205,warning
75.210087,236.841053,79.447158,0.945404,60.123364,42.102539,warning
77.989011,227.489873,84.591844,0.884588,59.931231,56.857487,warning
63.925944,225.016647,65.268708,0.954488,59.988094,38.094734,normal
96.064314,217.262490,106.984213,0.788649,59.733426,68.033411,critical
78.859506,237.712849,84.724434,0.945653,60.189909,43.214792,warning
49.896561,221.181549,59.108820,0.955644,60.010656,42.844121,normal
45.155284,231.347691,54.323162,0.979084,60.010291,36.437180,normal
71.027597,212.230376,72.084673,0.962597,59.832826,46.299232,warning
53.141396,229.435818,47.531885,0.992827,59.983380,43.536577,normal
99.546479,197.663611,111.464860,0.863544,59.644170,60.381225,critical
56.253031,223.134403,59.214088,0.964603,59.930384,38.905704,normal
81.249092,203.941266,74.814304,0.944503,59.908878,50.821121,warning
46.585798,230.657493,51.393217,0.967061,60.080378,31.130640,normal
81.870186,211.440226,82.908207,0.921351,60.045956,46.720193,warning
52.499549,230.352113,50.356633,0.963559,59.978144,33.456390,normal
50.907866,225.010733,62.959099,0.997163,60.015110,40.346194,normal
85.751021,207.778841,87.190642,0.922403,60.069014,52.736374,warning
59.504376,231.369767,63.472554,0.967217,60.018100,40.405116,normal
71.917241,210.913988,78.233632,0.925543,59.912909,45.919254,warning
55.840411,227.304064,61.066540,0.950939,60.077040,37.089457,normal
81.962746,224.310281,91.816263,0.900440,59.866546,49.923627,warning
50.833590,227.112847,51.891986,0.987101,60.013441,42.430973,normal
53.483542,228.541182,58.454987,0.979836,60.025049,41.136355,normal
60.633998,229.584311,68.991377,0.997204,59.956485,40.036791,normal
55.998119,222.653654,59.398259,0.979123,60.040789,40.208181,normal
67.178505,224.566256,67.512459,0.949084,59.951231,36.451846,normal
54.772886,232.229930,52.690598,0.966926,59.976174,39.501673,normal
53.145360,223.964207,62.259388,0.985942,60.020395,34.807951,normal
105.185289,245.453848,118.586003,0.856409,59.968691,66.014642,critical
65.197666,222.090539,60.503306,0.957565,60.067584,35.979958,normal
79.109352,214.582935,83.963543,0.928978,59.934220,48.548643,warning
106.576221,201.837842,112.050844,0.853908,59.607078,54.247174,critical
58.377562,233.383831,65.954096,0.973526,59.971672,38.012833,normal
78.711127,219.676395,82.708905,0.892159,60.083986,45.121630,warning
96.022926,218.480613,96.464781,0.932367,60.054871,51.976248,warning
47.144735,229.084228,51.298546,0.970413,59.942440,40.626777,normal
97.694536,204.692776,101.836681,0.844812,59.878274,60.407665,critical
102.824412,242.618615,103.010406,0.872701,59.988766,64.472800,critical
58.031656,229.248583,55.793149,0.979395,60.000975,42.510766,normal
46.466758,234.738542,48.185035,0.953453,60.042877,39.012039,normal
75.745540,212.742595,77.373988,0.941475,59.890087,49.185780,warning
78.493149,240.794943,76.637459,0.922429,60.022763,51.379560,warning
82.853058,216.496430,89.557988,0.936396,60.175981,47.989665,warning
55.439317,226.716774,62.008257,0.965549,60.008610,35.563131,normal
33.108688,230.571973,26.933707,0.937898,60.037448,42.218646,normal
50.244563,225.864330,49.879823,0.962084,60.062238,36.648025,normal
84.294618,212.435779,86.840155,0.921289,60.044564,47.918752,warning
34.683085,232.249013,31.978093,0.966402,60.008417,40.717818,normal
49.420307,226.325043,47.099359,0.979548,60.043623,39.457925,normal
74.253996,229.192025,67.836335,1.000000,60.025533,35.722459,normal
54.637759,225.504481,47.442271,0.966501,60.018651,41.287094,normal
95.852153,215.937924,99.173509,0.944200,60.047905,52.608913,warning
75.035597,232.830973,71.881750,0.899778,60.032791,46.363385,warning
75.538579,236.756730,77.090494,0.926905,60.107053,49.084191,warning
58.754554,223.473919,63.736401,0.960097,60.033999,37.265775,normal
57.465107,222.205813,54.029653,0.953474,60.025181,32.569284,normal
51.135863,232.856110,52.435035,0.984226,59.964605,39.511809,normal
95.436588,243.618046,94.462934,0.865839,59.980882,61.466928,critical
65.181360,237.205670,61.366059,0.925961,59.860883,50.016261,warning
57.911591,229.180020,54.108557,0.941770,60.011569,35.268144,normal
75.926295,219.090516,75.793727,0.948103,60.044979,49.576606,warning
63.907089,232.028430,68.846832,0.930267,59.997447,43.341539,normal
81.463035,219.521998,74.015935,0.965933,59.829562,49.478864,warning
91.417815,208.460596,83.111666,0.857439,60.016780,53.275265,warning
63.062358,231.262069,66.391289,0.941306,59.995066,35.829334,normal
61.740715,228.007815,52.397746,0.988231,59.989335,35.853851,normal
56.251748,233.522654,45.573268,0.946885,59.972958,44.952845,normal
93.907706,213.128115,94.475693,0.861256,59.722401,68.226833,critical
112.095544,208.570776,112.821675,0.897882,59.893305,72.038588,critical
73.311250,222.619657,67.551874,0.930137,59.955637,42.760536,warning
50.348824,229.846984,53.436482,0.965499,60.021698,40.776290,normal
56.628956,222.110081,61.250255,0.968571,60.058040,32.695275,normal
70.128463,231.372763,77.184970,0.964464,59.937622,35.159084,normal
114.958663,204.321111,126.705677,0.800645,60.118657,63.797909,critical
63.451415,223.983195,61.810822,0.943368,59.994953,30.486211,normal
45.024359,217.921753,45.924544,0.988473,59.985125,45.162934,normal
58.130788,229.909147,53.466478,0.994528,59.967549,38.447902,normal
49.364495,222.836092,44.105975,0.954470,59.963416,43.566424,normal
84.228443,220.111653,87.883419,0.908526,59.919863,42.700358,warning
53.384666,223.911370,54.209735,0.984260,60.012107,34.483951,normal
47.225361,227.501684,44.601740,0.945938,59.933472,45.371649,normal
117.875235,211.161664,120.080186,0.869100,59.588274,79.325726,critical
98.330996,193.631192,100.650692,0.826242,59.774181,74.467993,critical
63.296160,217.197531,76.875399,0.945317,59.991750,42.671511,normal
68.577357,226.304201,63.879217,0.946713,60.025489,43.111321,normal
83.805546,218.447449,85.977354,0.908237,59.992428,49.466156,warning
76.915824,227.929737,72.073681,0.977949,60.021919,36.134883,normal
58.636558,229.390808,70.165275,0.962931,60.056233,44.831686,normal
62.936792,226.310880,68.998853,0.960888,59.985594,42.802252,normal
63.421934,223.291939,66.959610,0.985186,60.003052,42.858793,normal
58.419267,236.090085,54.160464,0.942492,59.955886,36.993041,normal
75.143936,219.621415,75.126992,0.910643,59.982656,55.112328,warning
65.563191,233.359337,57.788898,0.943297,59.940718,43.605369,normal
80.908684,223.512582,94.327604,0.911814,60.029178,50.851216,warning
80.461804,225.005080,84.086247,0.917999,59.941005,48.067454,warning
46.969160,223.034835,35.370364,0.951082,59.925543,42.604934,normal
47.311066,232.242789,43.785762,0.976388,59.951709,43.473076,normal
79.262382,217.405270,79.742625,0.916543,59.892561,38.178554,warning
78.897157,210.362011,75.181500,0.910572,59.881876,48.835382,warning
45.116372,229.907198,45.012542,0.961021,60.034954,40.709545,normal
55.064544,222.259520,49.482453,0.947436,59.995192,36.906730,normal
64.026210,222.062372,61.941017,0.959381,59.992206,33.413753,normal
61.391907,223.027991,55.741124,0.959452,59.929984,48.238065,normal
67.408033,225.572272,65.048777,0.954674,59.985590,44.628475,normal
78.765708,223.627317,89.681663,0.913649,60.053019,44.830417,warning
94.892277,197.631713,115.005942,0.827587,59.728776,57.383499,critical
79.993642,209.887006,86.771793,0.951901,59.947871,59.188578,warning
89.542944,227.312451,88.026994,0.918229,60.181594,49.302442,warning
38.868403,231.737930,42.529776,0.964764,59.982657,39.405495,normal
47.742826,226.783463,41.973960,0.985632,59.959774,35.443089,normal
45.613868,233.192057,46.884819,0.989414,59.997958,39.863129,normal
50.297534,217.366779,48.268118,0.948897,59.962150,33.437243,normal
50.481126,221.100609,50.149076,0.948782,60.030909,45.183584,normal
80.280890,213.781125,83.146886,0.888344,59.921131,46.615840,warning
46.640711,230.982654,47.410903,0.987088,60.049397,29.342084,normal
101.587560,200.090091,110.646378,0.818405,59.889072,70.140306,critical
77.874791,227.719387,82.638298,0.890898,59.995072,51.671307,warning
105.327945,243.887738,103.590221,0.840881,60.078892,63.678921,critical
78.204947,236.509794,79.245810,0.928709,60.183831,49.641550,warning
47.520486,226.322607,52.630839,0.987883,59.966976,37.895458,normal
54.788800,238.578896,50.345254,0.968610,60.007111,41.102107,normal
79.732131,224.667884,89.775681,0.941421,60.131156,55.663996,warning
57.389163,228.367203,55.168279,0.942818,59.988309,38.294990,normal
54.476485,232.132495,49.845035,0.967135,60.016351,36.967378,normal
99.742437,206.336513,115.850797,0.891604,59.903548,64.457381,critical
100.324758,202.018057,94.667269,0.853313,60.047903,56.009386,critical
46.011719,222.863407,32.412547,0.967414,60.001802,45.591120,normal
49.231087,233.565290,51.535048,0.974375,59.992930,34.616742,normal
48.665076,229.706010,40.494819,0.921054,59.963377,34.730241,normal
69.508395,239.290560,77.917571,0.897082,60.001734,52.871287,warning
54.623326,233.218077,58.888138,0.985268,59.973466,36.688764,normal
64.296705,220.276895,64.263185,0.949526,59.979921,42.992278,normal
42.100721,227.880130,41.166854,0.962011,60.030713,44.304325,normal
77.654143,217.605001,77.165545,0.942675,59.984481,45.671989,warning
62.883630,228.095910,65.699614,0.972064,60.006676,39.946158,normal
100.964990,244.438881,108.327831,0.802965,59.939659,62.945183,critical
76.466167,232.547005,74.250533,0.942706,60.056647,40.105198,normal
61.730728,231.363447,58.707546,0.978100,60.005004,40.180015,normal
76.924872,221.579750,78.982735,0.874892,59.925277,52.985696,warning
77.207797,243.555467,79.860313,0.877214,59.996210,53.814773,warning
50.296786,230.729432,51.116405,0.960457,59.946134,39.080409,normal
113.537610,246.506407,117.091175,0.865975,59.816167,62.023194,critical
77.486732,216.620909,76.636473,0.926918,59.956629,48.070326,warning
51.638333,229.820382,51.800103,0.986677,59.943915,44.754188,normal
60.336126,227.070360,59.350558,0.948234,60.001300,34.130317,normal
47.560707,226.351534,38.096452,0.953065,59.997921,37.577317,normal
74.785766,214.104437,76.156151,0.921543,59.975483,52.277565,warning
89.597676,216.271182,93.574971,0.932446,60.110470,54.998961,warning
59.584045,231.455089,60.481725,0.959659,60.019112,37.211312,normal
101.019537,243.117646,104.430968,0.909266,60.172186,61.075637,critical
64.446944,228.210990,59.296153,0.955180,60.008281,35.837193,normal
105.255938,211.054565,108.690567,0.810556,59.806062,56.296379,critical
88.432566,213.169199,89.974996,0.952616,60.204905,47.946409,warning
48.267695,234.852939,43.206828,0.946999,59.986332,40.919111,normal
92.275014,219.189569,95.970725,0.886383,59.919543,48.791814,warning
57.058258,226.554275,59.979096,0.961523,60.023806,40.197874,normal
42.405795,230.794645,44.260781,0.979041,59.937921,38.566026,normal
68.370080,227.967562,56.533688,0.954809,60.025395,44.862753,normal
77.194041,223.076366,75.273226,0.906464,60.030184,52.258866,warning
100.680421,206.877547,114.256445,0.866930,59.859747,55.156322,critical
78.484106,213.457525,83.363907,0.945122,59.924710,52.900573,warning
59.933683,228.928521,62.989044,0.961627,60.026327,43.689447,normal
109.360011,201.927051,118.667893,0.872941,60.559489,66.581176,critical
55.513532,222.958173,48.998074,0.966974,60.010703,40.563566,normal
63.228813,230.093952,60.283508,0.988375,59.959458,41.744831,normal
57.402694,231.737290,58.096298,0.991273,59.955341,39.078027,normal
50.103356,226.452694,53.238863,0.983122,60.036722,34.970227,normal
61.417797,222.205332,63.161628,0.959608,60.016441,41.987377,normal
88.962006,222.449437,83.907828,0.966473,60.104267,52.703856,warning
49.606252,226.702072,44.977755,0.947665,59.994283,37.789272,normal
48.467566,229.071758,38.951226,0.973403,59.926571,37.611713,normal
78.033764,196.710219,75.003787,0.887848,59.996060,47.123080,warning
45.677146,226.772683,44.429412,0.977895,60.020337,38.116856,normal
92.109667,209.724017,103.252283,0.846702,60.197908,69.888189,critical
101.762749,243.869745,107.824135,0.840555,59.700843,58.718684,critical
80.164056,212.537353,83.515677,0.928022,60.104987,48.556257,warning
44.275112,228.030266,48.187686,0.973582,59.956235,40.644197,normal
113.393079,237.400161,118.286825,0.813025,60.076663,66.291228,critical
77.814390,219.739879,85.156778,0.914392,59.840158,52.628152,warning
34.296297,229.771450,31.834794,0.970202,60.017863,35.468304,normal
45.483784,219.997754,45.523091,0.975611,60.002273,32.732719,normal
105.104882,202.276872,115.020163,0.857218,59.993648,65.086620,critical
74.438061,219.951452,77.738493,0.956853,59.997693,52.832906,warning
63.084252,215.497427,72.653685,0.892444,59.882502,47.791837,warning
79.205076,216.065942,90.180052,0.948732,59.951093,58.703980,warning
77.898110,216.178324,70.659156,0.929543,59.847612,45.517786,warning
66.486535,223.937157,58.957858,0.964122,60.009799,41.024626,normal
52.989611,228.698577,55.307102,0.966751,59.980930,31.842843,normal
106.626558,247.253046,107.643802,0.859775,60.178921,73.449246,critical
79.331562,213.066171,82.091261,0.935296,59.921346,57.548371,warning
70.706224,215.431915,80.509958,0.955633,59.943454,44.410711,warning
80.265300,230.419454,81.549579,0.925566,60.094973,45.307252,warning
67.764212,218.112586,70.721658,0.905036,59.983767,57.586070,warning
82.797873,225.399481,82.770569,0.968484,60.036578,52.665048,warning
55.121306,222.729891,58.219781,0.972910,59.957833,40.275371,normal
87.873467,218.813027,94.560378,0.951010,59.996874,44.646803,warning
71.071505,225.229013,68.314803,0.975732,60.005773,38.698332,normal
57.584191,225.984234,64.913017,0.958739,59.967009,35.135808,normal
94.243579,207.389129,98.295331,0.873119,60.333852,58.215929,critical
104.321834,215.588195,103.115879,0.877558,59.922935,63.392345,critical
99.032347,200.052092,107.798260,0.892888,60.298376,66.543622,critical
100.647707,242.066565,114.974532,0.855290,59.695427,71.668879,critical
103.679320,239.598230,107.618385,0.806842,59.928909,68.606711,critical
95.447447,224.030423,96.815431,0.894810,59.920686,47.606879,warning
67.282943,231.902434,73.098042,0.974499,59.999448,41.339820,normal
97.146051,207.386461,87.706476,0.856558,59.862557,74.334742,critical
85.498973,222.523695,96.424868,0.901777,59.891960,54.376670,warning
63.403089,231.433842,67.716903,0.968423,60.062464,45.952592,normal
73.025387,226.152032,80.683689,0.989366,60.012616,39.960308,normal
58.192714,223.096781,54.695967,0.978560,59.999422,40.538453,normal
54.426872,232.194734,60.909307,0.983912,59.998060,40.650670,normal
42.185249,223.416674,34.956448,0.963199,59.957806,34.683530,normal
107.516404,213.134022,112.877257,0.767586,60.129495,72.630883,critical
81.491261,230.420716,93.922027,0.929422,60.033881,49.099781,warning
90.408126,220.475495,96.968262,0.791060,60.350361,64.386544,critical
86.127650,213.335322,94.869578,0.899442,60.101514,49.477501,warning
50.533785,226.602708,42.541772,0.993093,60.038192,41.301427,normal
44.835236,226.876309,46.399489,0.962493,60.052414,37.690068,normal
74.734506,241.088846,76.133849,0.936321,59.903998,51.208091,warning
65.285374,220.877107,65.374892,0.957724,60.051860,43.179594,normal
113.680552,243.087992,103.534213,0.889584,59.903171,68.866138,critical
67.703500,226.055846,65.235433,0.962541,59.980491,37.080734,normal
66.052564,228.344144,75.172125,0.918594,59.976631,36.982726,warning
84.806862,233.157926,81.655619,0.909219,59.995525,61.680601,warning
80.049723,219.650157,86.625823,0.891524,59.890774,59.860808,warning
41.658267,225.289614,40.391395,0.938077,60.018964,46.172302,normal
65.028877,235.949012,63.699121,0.974150,60.020127,39.067235,normal
43.186900,230.390798,52.916522,0.971857,59.950635,34.078681,normal
56.129997,228.663025,54.347962,0.958541,59.972982,38.310191,normal
83.216073,224.349300,80.926895,0.938971,60.047357,41.352366,warning
98.077685,205.785708,100.399729,0.816437,59.701648,75.769372,critical
72.629144,208.783652,76.352824,0.921281,60.007063,44.118180,warning
43.877218,230.522504,46.749012,0.972067,59.973929,34.283113,normal
74.389057,222.245695,73.039847,0.909351,59.935176,52.391129,warning
68.867349,229.323958,64.953743,0.965113,60.018326,40.384586,normal
56.476209,232.263915,55.894744,0.945407,59.999692,38.851554,normal
79.832453,230.270329,86.013253,0.953427,59.971709,46.524785,normal
92.849060,202.495448,80.408457,0.879750,60.307071,57.903597,critical
65.800642,229.680903,62.884408,0.979950,60.011200,26.765885,normal
102.595673,205.828427,105.283215,0.769343,60.212494,58.382837,critical
75.577788,219.425391,84.028078,0.918376,60.071008,51.328039,warning
101.388423,203.989746,120.259090,0.830518,59.437904,71.967493,critical
101.533383,206.064564,97.176020,0.859479,60.042635,65.335293,critical
107.745406,189.509281,112.585113,0.855383,60.516805,64.555359,critical
54.022887,226.104029,58.507891,0.969205,59.994110,39.712159,normal
66.995283,218.865239,62.263125,0.937497,59.981013,48.984912,warning
51.084281,230.346761,50.953676,0.941467,60.027009,37.629203,normal
106.763286,205.497129,112.975693,0.815724,59.811877,62.325808,critical
45.262830,229.391504,50.858461,0.940209,60.005312,37.748257,normal
58.239367,230.196545,55.746654,0.946232,59.941373,40.662246,normal
48.707644,227.033688,49.126132,0.966550,59.993221,41.474089,normal
93.583368,235.986165,100.972459,0.932037,60.103206,47.316895,warning
66.984526,219.300622,72.324648,1.000000,60.024873,33.217686,normal
47.457087,226.217539,39.132104,0.962784,60.039175,44.359703,normal
59.391773,223.795321,60.130381,0.977344,60.005630,38.304739,normal
106.141189,208.708905,105.376940,0.806101,59.717608,60.331292,critical
84.429347,225.301380,80.814599,0.944681,59.941194,47.818623,warning
49.851257,229.038690,50.111362,0.972093,59.962495,38.343882,normal
70.555058,233.033388,69.559586,0.965430,59.976607,43.003772,normal
45.748881,225.320112,44.326528,0.978674,60.000243,34.753514,normal
80.078936,223.424378,94.412285,0.915606,60.168026,51.416331,warning
50.822674,232.084405,59.830304,0.942153,59.977843,48.325435,normal
57.783852,230.250794,59.302291,0.954973,60.003222,36.480696,normal
88.715927,245.435505,76.906754,0.886272,59.750741,59.075071,critical
92.316172,214.259264,88.750514,0.902908,60.095388,52.753059,warning
90.365886,214.744426,93.765986,0.935989,60.099452,63.409008,warning
66.904805,224.801549,67.163025,0.955306,59.958516,39.155871,normal
83.719345,220.196198,86.385987,0.904871,59.769224,47.918527,warning
59.669605,231.086294,50.804370,0.935775,59.960939,38.671246,normal
75.106934,208.537999,68.484105,0.922457,60.082029,42.862862,warning
43.406448,228.512172,43.439541,0.976321,59.975462,43.302969,normal
52.648350,225.334511,57.377363,0.950398,59.971705,39.602672,normal
54.904138,229.330849,57.797877,0.974412,59.987343,38.958522,normal
106.866779,218.149597,113.278025,0.821964,60.282831,52.516622,critical
76.365953,245.417680,75.712922,0.794685,60.145805,64.748564,critical
81.138872,207.799810,89.734779,0.916628,59.824069,56.911990,warning
49.701525,230.057565,49.898427,0.943688,59.995954,41.607311,normal
107.782343,195.604382,111.157160,0.764689,59.763557,73.694982,critical
79.775423,214.508661,87.260301,0.911115,59.891042,56.458043,warning
83.649887,202.667734,86.792545,0.912385,60.000680,56.218360,warning
97.003593,240.919596,101.649498,0.933780,60.071431,42.733710,warning
58.453090,235.204012,65.703683,0.974674,60.022750,46.409068,normal
110.911843,197.564283,120.906957,0.791705,59.854833,70.852176,critical
62.104947,228.656658,62.791491,0.949722,60.017438,39.968857,normal
110.954302,246.233153,116.427956,0.808213,59.624352,65.530939,critical
113.582194,212.449316,120.743553,0.851244,60.168171,61.405175,critical
77.178154,222.585208,81.128077,0.932180,59.990774,52.781163,warning
94.677531,206.399000,84.626410,0.796710,59.780109,58.058168,critical
47.659243,227.663014,53.412642,0.968683,59.993506,42.660399,normal
84.225281,218.777858,86.548019,0.834533,60.241988,74.292882,critical
74.194525,219.108495,82.767347,0.906299,60.132936,49.738456,warning
74.433450,226.089893,70.316873,0.899855,59.939509,41.215777,warning
99.681104,199.935381,104.635891,0.861388,59.993710,64.583789,critical
63.607999,230.593342,61.381193,0.983466,59.943326,41.270555,normal
55.098381,228.441886,54.496543,0.969909,59.996001,33.482293,normal
102.158626,203.171129,88.571611,0.848570,60.043893,62.623206,critical
43.739406,234.803438,45.190180,0.943469,59.991876,36.981342,normal
96.432770,197.159148,110.344781,0.844779,59.871591,58.392838,critical
82.582296,227.396087,86.139947,0.879736,59.948907,59.501809,warning
48.618908,228.940113,40.002739,0.958800,59.988765,43.143774,normal
91.834930,225.820094,95.807560,0.880618,59.914103,51.567064,warning
75.029064,225.193556,75.824057,0.964080,59.987335,33.963065,normal
109.883329,199.195721,110.267829,0.851121,59.694808,68.885345,critical
87.363450,209.914087,93.600485,0.911301,59.862231,43.421985,warning
80.438277,222.536195,81.169499,0.958023,60.060534,42.139306,warning
59.749264,229.812804,65.854458,0.969498,60.001859,36.977669,normal
61.695579,227.288059,64.295834,0.989797,60.081191,37.849214,normal
82.556260,213.684590,87.654096,0.904802,59.988014,50.445761,warning
83.216619,204.435782,75.481140,0.874145,59.917990,50.239726,warning
54.559502,229.360363,58.896078,0.983477,59.993800,38.005253,normal
89.764976,212.540464,91.104316,0.894608,59.923191,53.858824,warning
73.878238,229.762588,63.045513,0.976543,60.028504,37.834215,normal
69.774323,218.184355,75.279636,0.936722,59.984544,56.114943,warning
79.112583,214.214598,88.897269,0.942095,60.001421,54.019137,warning
81.210030,221.329246,96.584205,0.911897,60.088182,49.058040,warning
84.503063,221.473957,86.483693,0.935934,59.942732,51.498017,warning
104.407430,244.522638,107.792363,0.846121,59.890381,78.071643,critical
39.213774,228.286456,43.049588,0.952354,60.005853,39.602411,normal
96.483030,239.603426,110.538190,0.879039,60.367335,70.118783,critical
49.372723,224.908972,51.552170,0.926081,60.003788,34.323302,normal
49.418837,228.802866,43.087644,0.943951,59.983290,40.540947,normal
99.143555,214.613037,112.370411,0.799465,60.144129,65.903063,critical
78.451656,222.193213,79.355613,0.960586,59.785675,46.136607,warning
75.994769,218.835799,75.992655,0.917322,59.846396,47.491405,warning
75.489783,215.984202,89.396755,0.923785,59.856797,53.289770,warning
53.689375,223.704905,47.741568,0.990999,59.981429,43.901215,normal
43.073672,229.845578,43.740473,0.980601,59.968684,42.958920,normal
73.333201,221.481103,74.788167,0.921704,60.057514,52.492216,warning
58.768992,232.104840,65.532397,0.982639,59.963866,40.290854,normal
84.577417,209.261728,91.272036,0.897021,59.927481,54.408026,warning
92.696046,203.898904,93.799087,0.845942,59.715258,69.004212,critical
67.607988,226.705043,68.546810,0.915716,60.148007,53.968036,warning
55.912782,229.646803,61.224523,0.960963,59.981087,42.174395,normal
115.529898,201.494037,120.227822,0.834463,59.956933,72.403483,critical
87.308187,225.306631,86.657854,0.884219,60.020851,56.525979,warning
106.455346,204.612757,116.202855,0.854131,59.935042,70.356011,critical
83.699092,222.752806,79.870992,0.889349,59.881341,61.050773,warning
71.906000,217.231530,61.470381,0.967406,60.070116,53.744997,warning
72.624763,230.810911,68.283750,0.945445,60.018515,43.131814,normal
69.155419,226.052132,71.417312,0.900431,59.911891,51.602015,warning
97.047639,210.172711,95.113716,0.831898,60.088057,66.607271,critical
72.259196,219.320982,72.903822,0.882085,60.040724,53.874191,warning
78.280270,220.787910,65.032713,0.909126,60.039790,45.197695,warning
103.247574,242.266098,117.540150,0.758386,59.967703,58.972201,critical
58.140052,231.113936,57.097503,0.953026,60.038596,45.015771,normal
54.038812,228.123268,58.632746,0.936751,59.962296,41.329432,normal
63.105397,226.712830,64.004819,0.951336,59.994091,36.844163,normal
99.061571,202.912182,94.750152,0.844844,59.808341,70.034548,critical
59.121253,229.773402,58.797434,0.972005,59.965911,39.507428,normal
69.039104,219.156978,57.984570,0.909590,59.915171,38.141933,warning
70.907097,215.272158,70.221255,0.937622,60.090188,48.745343,warning
103.111754,196.412485,90.173587,0.819309,60.103961,59.379873,critical
94.417435,194.808138,95.061271,0.834844,60.139251,68.766450,critical
93.068620,229.283009,94.120244,0.917784,59.835507,57.165369,warning
62.800894,232.900565,68.850187,0.964956,60.019874,37.566564,normal
73.631262,232.218957,70.497328,0.914993,60.016003,45.965543,warning
45.202081,232.427016,46.935883,0.977322,59.963025,37.042807,normal
94.944527,245.613966,93.000016,0.864853,59.922532,67.285179,critical
95.716625,211.852403,105.433329,0.813656,60.170949,70.183384,critical
76.970875,227.284600,79.990250,0.958844,60.104681,49.405409,warning
89.468258,210.910327,89.846535,0.820432,60.021979,64.234114,critical
106.000616,207.448478,106.258974,0.853419,60.272583,60.929890,critical
74.087050,224.391222,72.111101,0.945140,60.072057,48.384141,warning
98.662139,244.137998,99.599030,0.796774,59.953018,76.202822,critical
47.887124,229.008410,47.508834,0.980773,59.993924,39.672068,normal
106.703647,195.372652,114.946709,0.880975,59.957482,64.936283,critical
51.609344,232.943650,58.897088,0.946383,59.976325,35.812500,normal
70.863380,222.448324,69.820491,0.920070,60.021388,47.067352,warning
97.639216,205.199020,90.869890,0.817607,59.684806,71.794138,critical
104.585051,242.932952,115.880711,0.839069,59.491093,65.354491,critical
60.495161,219.404593,63.323443,0.946831,59.929141,44.554318,normal
86.498419,218.857054,90.135400,0.906890,59.962953,52.346519,warning
67.111998,236.507160,69.572865,0.886392,60.016790,48.599367,warning
97.065026,242.710915,116.869982,0.823284,59.939659,62.652850,critical
48.573375,224.053226,56.493770,0.962410,59.990250,44.550468,normal
70.288012,228.447178,62.852578,0.899549,60.030491,41.310682,warning
57.664496,224.244830,58.669662,0.948285,59.947503,34.297250,normal
100.457850,205.425842,106.533808,0.888780,59.915246,65.602049,critical
59.073301,226.416037,59.837518,0.954385,60.068510,34.825408,normal
92.448397,241.887407,98.497394,0.805821,60.360453,56.494013,critical
107.139160,203.984606,116.012049,0.850929,59.905053,70.585122,critical
57.868079,223.934871,62.710577,0.980534,60.105624,38.650493,normal
101.825602,210.160935,102.979397,0.802625,60.323252,66.567788,critical
58.451427,226.107069,68.716284,0.976568,60.014651,36.051711,normal
74.464994,233.674263,74.625975,0.956537,60.026180,36.662444,normal
55.840096,230.673139,61.900596,0.959715,60.002594,38.954653,normal
78.325982,217.039634,79.807049,0.857404,59.962428,46.413383,warning
108.477121,246.692023,124.400457,0.825348,59.528371,55.470396,critical
98.715435,248.769377,105.395133,0.858462,60.167025,59.527557,critical
64.270758,230.049108,66.363112,0.993580,60.015242,36.816273,normal
93.509274,214.010743,94.662050,0.842027,60.186734,65.117593,critical
52.037573,229.618510,57.275356,0.983887,60.049515,39.365871,normal
103.744352,210.848655,101.443107,0.874156,60.319646,63.117265,critical
88.087268,225.563975,85.170876,0.944280,59.997870,57.143160,warning
87.733302,202.989445,77.712138,0.827367,60.037676,71.315255,critical
67.546365,214.128696,71.018931,0.908072,59.868240,46.373014,warning
70.543394,228.260435,70.215822,0.964436,60.022784,41.779847,normal
39.519538,230.457494,34.512723,0.947816,60.033930,30.671910,normal
101.663484,211.808483,106.978714,0.880048,60.136765,56.934806,critical
106.795792,196.287205,109.371183,0.843502,59.893737,69.414474,critical
104.360220,207.353613,117.280545,0.790480,60.191543,72.031276,critical
101.266697,211.401603,102.369315,0.900458,60.156813,65.804398,critical
59.075461,230.023750,59.091753,0.959206,60.007379,42.864955,normal
87.541888,220.733364,86.482292,0.915576,59.886116,75.101306,critical
75.623073,222.158379,66.579970,0.906140,59.846616,54.972885,warning
59.133796,224.551874,55.707479,0.971566,59.996040,32.953760,normal
60.347966,225.472577,52.923129,0.960971,60.003973,40.537520,normal
105.148823,207.707905,95.807748,0.750415,59.900389,72.004590,critical
85.653343,207.251708,98.758077,0.940342,59.924684,54.520620,warning
97.495933,211.497764,104.653598,0.801490,60.085832,61.643706,critical
79.872880,212.112636,79.043341,0.909240,60.039354,47.344002,warning
74.773242,217.466131,80.405509,0.904192,59.792763,57.473657,warning
70.310656,230.064501,72.797330,0.984866,60.021951,44.032456,normal
105.455584,239.819419,107.518393,0.822914,59.614015,60.791079,critical
57.215745,226.299095,53.406269,0.978606,60.023422,42.937225,normal
50.261819,226.662619,54.701324,0.956847,60.051992,33.639068,normal
50.647957,230.056246,49.889176,0.987113,59.951843,37.258761,normal
50.404060,228.256243,39.043849,0.966750,60.048437,45.068474,normal
101.279849,202.494433,116.426325,0.844286,60.031035,67.643308,critical
71.010607,215.845700,73.105422,0.890043,59.803335,53.057863,warning
63.216586,231.494446,66.761105,0.988712,60.004795,47.978714,normal
86.669248,247.412380,94.896317,0.869075,60.031772,66.855563,critical
106.555739,242.217445,105.225095,0.803942,60.054790,69.476122,critical
53.666148,230.656309,51.525383,0.962673,60.009580,36.226620,normal
45.832845,231.116941,38.648476,0.976527,60.048210,36.885579,normal
71.646912,228.982951,63.541271,0.880727,59.962731,50.419402,warning
112.707289,217.695909,105.504037,0.841770,59.722918,66.574911,critical
71.110548,241.072634,75.237907,0.926733,59.963831,58.077834,warning
94.633509,203.511464,95.200401,0.870794,60.379477,65.873432,critical
51.732500,231.833370,44.463251,0.952939,60.051236,41.322233,normal
79.521105,225.850955,82.338223,0.924065,59.979455,48.932069,warning
50.386260,229.812845,45.743584,0.978576,60.023790,44.327798,normal
82.500758,199.543342,84.296424,0.902643,60.044743,42.630167,warning
105.158093,239.327948,111.302760,0.833796,60.060202,63.895448,critical
80.797652,210.891607,80.420156,0.932924,59.985554,50.443269,warning
72.011680,218.003120,82.676781,0.900513,59.880847,48.691314,warning
104.035690,216.893268,116.717952,0.862231,60.158836,67.652442,critical
78.178021,238.170145,82.514040,0.905553,60.023902,50.382473,warning
78.729552,221.240720,85.911253,0.900817,59.933967,43.243631,warning
112.752427,207.172288,124.330403,0.882266,59.767090,67.327810,critical
103.433374,200.234388,109.965348,0.833760,60.116481,60.579915,critical
81.058697,216.198929,87.127809,0.916754,60.001158,56.346747,warning
56.035291,224.995497,57.625574,0.984967,60.037742,40.601391,normal
78.040974,224.975774,79.361079,0.905072,59.930906,43.593350,warning
80.418455,220.451814,72.183047,0.918071,60.140777,47.914292,warning
70.157529,233.836775,73.999127,0.954134,60.030380,45.420966,normal
104.803815,247.140981,107.072643,0.777949,60.301727,68.884844,critical
68.342312,223.112983,62.911925,0.970879,60.024594,37.961605,normal
53.456059,226.393832,53.344960,0.971846,60.019475,35.746558,normal
93.419088,207.817469,96.903946,0.865322,60.248023,65.067193,critical
60.376748,234.427730,54.311756,0.945566,60.025079,40.828759,normal
93.424997,205.797570,91.070212,0.842958,60.135656,64.072721,critical
107.662480,222.472491,108.388121,0.866301,59.999337,60.248478,critical
84.733969,239.145407,79.999414,0.861756,59.991737,43.875713,warning
52.431177,226.493740,58.215478,0.975207,59.997709,40.328873,normal
99.151325,202.061026,109.990749,0.887360,59.872156,63.376238,critical
73.302018,220.660436,66.775195,0.938369,59.950897,50.358501,warning
52.393482,230.484457,49.692609,0.978313,60.018286,41.508665,normal
56.722384,224.295392,61.446180,0.953410,60.019152,43.657427,normal
102.706656,192.014969,103.379401,0.787581,60.102804,66.220115,critical
118.675830,206.657905,112.367836,0.831061,59.950523,73.161349,critical
100.062331,244.096780,96.869265,0.799530,59.660921,55.518441,critical
75.585807,215.286702,78.831354,0.931410,59.922575,53.062512,warning
52.457201,232.177601,54.555621,0.993949,60.052017,41.328162,normal
50.282265,226.021590,52.126632,0.980706,59.997697,42.800445,normal
65.802667,231.236167,63.256003,0.972974,59.963857,27.979335,normal
80.112504,212.878370,84.036353,0.893012,60.102581,49.399186,warning
49.277533,230.183081,40.906457,0.961558,60.022754,33.829508,normal
54.230906,225.803802,56.923490,0.960315,59.991895,37.157233,normal
62.124785,223.830810,60.307105,0.969592,60.027229,39.937067,normal
81.938385,228.695093,83.167412,0.877293,60.044015,48.161986,warning
56.142152,232.663236,61.415877,0.963373,59.991566,41.814190,normal
99.696606,211.169704,93.796390,0.872645,59.991614,67.631674,critical
59.005812,225.561979,63.593791,0.964783,59.987864,38.604551,normal
90.891593,228.551265,91.585742,0.950025,60.040671,51.171675,warning
73.697825,232.653707,79.226568,0.933037,59.966646,33.271632,normal
78.856518,238.955001,65.658356,0.916223,60.002215,43.415363,warning
56.467777,223.994295,57.919128,0.961136,60.003846,42.441678,normal
71.609985,220.309923,75.417337,0.928890,60.022473,53.257735,warning
69.280005,225.307824,73.427901,0.998856,60.075449,39.720507,normal
84.732494,242.085091,83.697864,0.943930,60.117608,56.270383,warning
80.267226,216.185440,69.490105,0.960063,60.119424,54.855615,warning
110.669097,212.168193,112.996798,0.879557,60.393945,77.977167,critical
39.753424,232.237080,46.007146,0.971212,60.017530,33.505240,normal
39.155610,227.926855,41.983795,0.943788,60.028038,46.156349,normal
89.455785,224.898058,93.058870,0.874260,59.930390,47.423986,warning
47.614474,234.767258,46.510864,0.963146,60.021710,46.352779,normal
94.220354,194.246250,81.690837,0.814920,59.929804,60.660411,critical
81.203393,220.709943,78.040075,0.962912,60.179315,55.116642,warning
49.620369,223.948192,49.473521,0.957751,59.971885,39.370843,normal
56.917626,216.521121,56.746609,0.967068,59.984121,43.750229,normal
97.042999,193.029672,106.773498,0.842472,60.142014,63.304049,critical
86.718968,242.003710,93.632277,0.924866,59.969900,44.206211,warning
66.079126,230.519866,65.541479,0.967976,60.002187,41.752890,normal
71.439207,221.489757,73.967039,0.863057,60.037236,57.959381,warning
100.917433,191.515466,106.076544,0.877068,60.138280,74.986696,critical
98.307008,212.787272,111.015647,0.856518,59.575281,68.116495,critical
83.835758,217.416788,76.179910,0.929149,59.999502,50.614062,warning
44.660061,225.184588,36.170425,0.997167,59.986617,37.402955,normal
73.404401,240.890365,66.261660,0.951624,59.949360,47.140155,warning
50.466245,234.782184,47.915290,0.970337,59.962182,42.939845,normal
104.263194,204.814562,103.005075,0.884938,59.805081,68.897241,critical
93.027525,207.571650,89.214539,0.801175,59.947446,74.444433,critical
61.540094,240.955667,64.024798,0.934037,60.032990,49.866534,warning
114.768703,205.728233,121.385431,0.816928,60.161007,64.004471,critical
110.439876,206.299194,103.407206,0.839720,59.879236,62.029824,critical
75.867501,214.689747,73.596731,0.924356,59.942091,45.179333,warning
78.925463,212.860988,76.913901,0.898261,59.999999,58.053898,warning
52.271473,230.431618,53.581712,0.955912,60.016528,44.244319,normal
61.192656,233.514151,63.523359,0.965070,60.001696,33.612189,normal
47.736715,230.153375,48.769234,0.953822,60.041771,35.244912,normal
102.156483,241.518205,107.772061,0.893126,60.261464,66.975982,critical
92.190887,204.312941,98.816340,0.849592,59.800262,63.135544,critical
59.603520,227.820736,69.429791,0.969758,60.059738,42.305703,normal
111.550372,206.639421,122.945311,0.833753,60.151596,68.728739,critical
57.244564,230.731527,63.980147,0.949434,59.907608,39.255678,normal
91.285486,222.384732,93.128532,0.913477,60.018799,55.399394,warning
95.770861,216.012746,94.804475,0.908466,59.909810,74.848138,critical
50.794060,220.174412,49.120254,0.944963,60.074070,42.008622,normal
60.685845,232.478243,55.146980,0.974868,60.023471,36.452644,normal
80.869824,234.999315,79.448991,0.911135,60.027254,55.893396,warning
51.568357,222.324667,68.361010,0.962029,59.999793,40.336205,normal
61.601446,226.268726,66.130002,0.978405,60.011893,38.246809,normal
114.222869,243.963532,125.955231,0.799898,60.202146,63.310170,critical
41.256036,228.784397,41.259614,0.968464,59.997103,42.480471,normal
89.667134,204.326883,92.373612,0.887327,60.022196,44.595202,warning
98.586659,246.236081,101.630795,0.853845,60.171419,69.136934,critical
62.861453,229.782618,65.857864,0.948056,60.011741,41.732218,normal
109.916018,245.321880,96.645675,0.861055,60.044988,60.082526,critical
92.508514,202.207440,104.932483,0.911474,59.988070,48.085257,warning
74.431739,217.474951,75.359434,0.911156,60.059765,54.436778,warning
61.200248,230.524412,63.051500,0.968607,59.967902,39.326846,normal
77.201231,219.651972,84.386413,0.863941,60.105829,68.301232,warning
81.737119,231.675881,85.186716,0.881165,60.193670,54.228187,warning
39.156818,227.053336,38.509859,0.948168,59.990246,42.424569,normal
52.630797,221.200173,62.495020,0.957619,60.045391,43.423325,normal
40.830549,226.040726,28.869322,0.973656,60.001752,36.953291,normal
81.937440,224.706299,84.759873,0.929926,59.803166,52.304580,warning
53.265144,223.256499,41.088439,0.916491,60.025919,35.051321,normal
86.220819,219.743551,94.514284,0.897412,60.021863,38.715227,warning
49.636957,225.928746,51.484453,0.961796,60.007019,41.674024,normal
69.519420,229.775366,68.699959,0.973328,59.995160,42.835330,normal
76.491207,220.751141,87.747490,0.932585,59.883426,57.451394,warning
103.655886,246.899800,101.876809,0.780225,60.055492,59.315549,critical
66.828682,225.855078,73.347103,0.917857,60.081060,50.554946,warning
58.947667,227.239859,58.516391,0.939411,60.005425,37.358932,normal
48.031440,226.517196,48.973596,0.973151,59.975587,39.461184,normal
107.151332,211.875373,105.597021,0.884883,59.966637,64.578871,critical
85.121408,214.816100,74.646572,0.975287,60.013668,51.033735,warning
82.402592,220.108774,78.266825,0.885850,60.159748,50.865681,warning
59.329553,230.968820,62.184480,0.982721,59.939573,42.506485,normal
109.002162,207.420488,105.246637,0.834740,59.861675,55.770636,critical
100.935334,207.298451,102.472825,0.832662,59.888925,66.991097,critical
62.793738,229.350027,62.444891,0.957758,59.998662,40.571864,normal
94.885992,215.079375,96.401145,0.923377,59.865694,54.435860,warning
86.541358,209.146113,94.062015,0.983714,59.904578,47.822503,warning
80.879987,210.683335,81.484792,0.885054,60.123142,48.144737,warning
50.378128,231.387577,51.221722,0.955199,60.047039,41.628238,normal
50.596646,223.875943,50.985495,0.941659,60.020594,37.870230,normal
102.789814,244.966474,108.472532,0.830805,60.155442,64.421254,critical
86.175236,225.466320,93.508048,0.901566,59.919577,41.109685,warning
58.428131,227.717814,58.836106,0.966119,59.994290,39.578814,normal
51.462397,218.215589,45.304997,0.966726,59.989210,42.571884,normal
98.452987,242.308423,96.345312,0.803247,60.171230,50.369701,critical
88.420101,214.391107,90.372769,0.942339,59.811878,48.810834,warning
51.591263,221.351983,54.835317,0.976584,60.033091,32.700239,normal
47.498593,233.311174,54.518203,0.957911,59.999482,32.121940,normal
64.820729,228.797560,64.085622,0.981186,60.004194,35.846800,normal
67.925014,228.614990,70.909393,0.986985,60.019570,34.925285,normal
52.170951,221.396256,52.540421,0.945959,59.965139,38.383756,normal
36.979292,230.332576,37.080190,0.979551,60.013873,38.311225,normal
106.292596,216.778143,101.995987,0.768027,59.719347,66.826144,critical
52.007392,231.798528,53.494966,0.984074,59.996582,34.859047,normal
35.966719,238.678060,32.668045,0.961009,60.042293,29.462530,normal
49.161596,228.684703,52.044968,0.964044,59.999530,36.799386,normal
67.950051,225.846925,65.433623,0.957214,60.053134,31.069424,normal
46.901291,230.013043,43.270723,0.966858,60.022085,44.643348,normal
51.087120,220.861365,59.151700,0.969737,59.957748,40.485839,normal
53.796467,226.723140,63.766877,0.971202,60.098083,36.709167,normal
81.213165,220.568000,78.446242,0.924581,60.086425,40.147490,warning
53.074032,228.424585,52.951789,0.993829,59.986204,36.428782,normal
99.013710,209.395162,113.976921,0.882892,59.524686,73.870548,critical
40.603534,229.075636,41.251383,0.947350,60.009470,38.104044,normal
77.862078,218.080852,69.670933,0.898796,60.030050,48.157585,warning
60.145905,238.266588,67.008954,0.964923,60.005639,42.710807,normal
51.613197,225.620964,51.839319,0.969087,59.950364,44.811836,normal
48.255420,224.918926,42.568494,0.966934,59.990523,42.333395,normal
58.792361,228.179986,56.870095,0.977021,60.029798,29.062987,normal
98.889406,193.451673,108.092768,0.891888,59.647596,68.384736,critical
98.571070,203.269927,98.872619,0.822881,59.933870,60.086856,critical
94.295983,244.840359,94.499743,0.879749,59.930069,73.984305,critical
56.921363,229.303318,59.950553,0.980350,59.983193,39.903286,normal
104.225546,245.891327,85.151786,0.804412,60.299941,58.740325,critical
76.736323,226.703255,64.092717,0.963476,60.010762,48.900181,warning
103.637022,209.029035,103.557943,0.843245,59.628463,74.613363,critical
65.254698,228.400254,62.854753,0.981773,60.050090,38.164626,normal
57.437040,226.947508,54.315720,0.959756,60.029531,41.191328,normal
98.515641,206.652052,94.792834,0.836419,59.532149,67.852652,critical
80.042106,215.206542,79.683836,0.916513,59.924084,46.398671,warning
33.222666,237.726974,31.896650,1.000000,59.985627,36.104332,normal
96.447227,195.001646,105.246521,0.883969,59.816934,67.299492,critical
83.628236,230.395269,86.667969,0.918946,60.048903,52.090805,warning
76.318958,212.254326,78.393863,0.904384,59.993645,45.863910,warning
81.272339,223.520639,73.209911,0.898953,60.000737,55.720527,warning
68.504088,195.372989,70.601606,0.918203,59.924876,47.208107,warning
60.510196,236.459300,65.378657,0.937284,59.983620,43.876718,normal
76.742896,230.291025,77.956477,0.979791,60.125325,50.802991,warning
81.369907,208.695579,83.005358,0.900890,60.071967,56.138726,warning
110.466051,199.970060,118.146938,0.911528,59.824416,74.392240,critical
109.076035,199.915436,109.746899,0.845887,60.086771,66.952660,critical
78.566653,227.723049,87.721976,0.921483,60.004114,63.030423,warning
100.621152,247.289191,107.568712,0.877928,60.120151,59.979000,critical
58.612261,226.793289,57.315293,0.978070,60.047338,41.568466,normal
90.655652,205.488192,86.415080,0.922323,60.221906,69.054226,critical
43.491103,232.342912,39.350948,0.953072,60.023294,37.420765,normal
64.165721,219.540962,60.409882,0.969712,59.981579,40.385327,normal
98.515612,240.972417,95.823410,0.906298,60.170148,63.898963,critical
93.525129,208.106960,99.287865,0.870346,59.692102,74.384734,critical
66.047433,234.520715,66.778340,0.953264,60.050086,38.231805,normal
44.504356,228.473846,44.223767,0.976737,60.065948,38.601158,normal
47.575295,224.089631,48.063598,0.979927,59.932145,32.378048,normal
77.632400,235.752727,85.901743,0.902488,60.027347,45.753337,warning
47.146745,229.937001,44.388743,0.957201,60.012938,41.808455,normal
39.207426,224.414788,37.470944,0.984606,60.053875,45.244907,normal
61.074080,229.170832,57.186860,0.986577,59.959986,40.439066,normal
62.803625,233.750690,71.143109,0.959489,60.005477,36.289866,normal
46.857448,229.626912,46.860717,0.979081,60.014195,36.793152,normal
39.377823,223.191013,38.894662,0.972649,60.037791,36.296819,normal
51.614107,230.551807,50.077799,0.979739,60.017634,38.897284,normal
36.972212,230.509718,46.324490,0.961016,60.047316,44.329359,normal
57.481141,217.789952,62.793661,0.961373,59.954984,33.805064,normal
55.258163,224.837157,53.790455,0.954337,59.997657,41.086906,normal
68.090696,223.884106,68.820196,0.972706,59.885877,47.724541,warning
92.541670,206.499552,95.433862,0.869539,60.266097,63.793620,critical
108.964234,222.751546,121.506732,0.868938,59.603992,69.245111,critical
77.376496,230.458981,75.436227,0.946666,59.987927,47.762239,normal
103.536132,246.358570,118.146081,0.869739,59.957630,62.161649,critical
88.131754,199.318725,89.551371,0.866737,59.921049,60.057208,critical
88.190058,200.448889,97.000943,0.892925,59.993252,63.346016,critical
113.761444,201.648554,111.085555,0.852671,60.228806,63.770184,critical
114.010069,237.707850,115.872584,0.850917,60.052179,68.415520,critical
32.751845,226.948362,27.944123,0.942487,59.996153,39.504414,normal
85.252968,216.025650,80.462944,0.917869,59.955134,44.165726,warning
88.595367,207.432118,87.763858,0.944580,60.012695,52.094401,warning
60.447927,231.751196,69.804191,0.943798,60.038349,34.443589,normal
92.443040,246.696202,86.656367,0.869779,59.944606,53.913023,critical
60.110819,226.707334,66.068991,0.958842,60.024516,44.502410,normal
52.626339,234.298369,51.522165,0.978603,59.972445,41.785370,normal
40.454278,230.853390,47.630125,0.974173,59.990725,40.196041,normal
97.152404,242.976284,91.717809,0.872376,59.859036,61.293435,critical
85.735702,217.381602,92.777317,0.927783,60.055353,54.357453,warning
52.268311,226.286480,51.311871,0.975190,60.002483,32.303077,normal
86.097293,241.030399,96.955654,0.917120,59.877798,44.007349,warning
84.974256,225.099660,84.349837,0.901544,59.925574,57.483228,warning
118.116815,199.888458,119.110099,0.864292,60.299226,66.554644,critical
89.393617,221.547449,93.786068,0.914051,60.005252,47.304090,warning
91.314286,209.768595,92.902595,0.908463,59.914492,42.988442,warning
46.061742,235.390166,42.451843,0.929324,59.971929,35.172547,normal
65.984208,220.948743,68.918471,0.969867,60.017496,37.429169,normal
67.134411,224.526139,63.934975,0.971773,59.978431,40.378131,normal
61.665610,230.404971,66.740869,0.967319,60.008186,43.238723,normal
91.456887,230.094698,94.517540,0.845744,59.979009,50.601761,warning
74.071470,237.996784,79.349025,0.874409,60.003945,53.738400,warning
50.924399,232.368192,47.886828,0.973838,60.049715,35.048031,normal
90.645955,203.975712,102.900548,0.888352,60.062364,46.057659,warning
69.392354,226.984881,64.898481,0.894148,59.878461,38.005558,warning
79.677256,223.476872,84.540750,0.957904,60.009190,53.807323,warning
74.642694,213.118823,85.170193,0.896838,60.007193,42.773814,warning
80.601697,222.896164,85.004689,0.896201,59.915860,50.076240,warning
85.115341,209.661282,80.085679,0.907534,59.838507,57.308184,warning
92.564374,245.121213,101.961062,0.827731,59.601360,68.169231,critical
88.735275,227.826222,83.943678,0.892219,59.912843,56.255876,warning
83.931856,222.690081,74.185578,0.933675,60.144213,49.588891,warning
52.920749,232.082801,54.360994,0.942404,60.026956,42.277990,normal
83.990040,225.137280,83.920545,0.896505,59.902746,46.230998,warning
96.684226,206.456894,92.941894,0.922266,60.395674,60.573066,critical
72.065333,217.805573,75.374018,0.910316,60.000583,50.483127,warning
57.165771,223.088909,55.151884,0.957712,60.011873,44.619361,normal
49.981497,227.973137,54.428137,0.968972,60.017663,43.094664,normal
43.275154,228.606077,50.474471,0.950423,59.949739,29.266015,normal
58.921318,221.503548,61.327170,0.965263,60.000595,44.869971,normal
42.710233,225.125453,41.660595,0.983212,60.007467,39.845917,normal
63.196537,236.042074,58.980037,0.940435,60.004673,40.580841,normal
94.406486,243.500784,108.779701,0.826815,60.299435,69.489345,critical
64.144746,228.814944,62.164246,0.984613,60.023548,37.893034,normal
78.780341,207.761209,75.654180,0.893210,59.950456,49.426503,warning
52.789556,229.268011,49.100654,0.985532,60.022847,35.164008,normal
76.753820,226.565345,75.317704,0.955205,60.083495,33.933866,normal
78.420314,217.461720,82.176366,0.881398,60.123835,52.574950,warning
58.027240,231.503349,60.123106,0.998588,59.974244,41.604224,normal
72.384253,225.209064,74.633927,0.908727,59.897430,50.141423,warning
79.831656,216.904367,80.528261,0.930061,59.763893,47.932775,warning
48.184478,236.969309,57.409985,0.952791,59.943696,39.763085,normal
72.589061,215.166421,73.890043,0.915719,59.936063,46.614183,warning
87.423083,223.426287,89.143907,0.925989,59.951298,51.270548,warning
24.097270,223.425035,23.366770,0.990604,60.020292,38.430813,normal
104.152442,207.153673,107.847905,0.877632,60.045162,63.304851,critical
53.211115,224.033769,46.141511,0.955585,59.992886,38.937996,normal
108.720511,243.804086,107.236871,0.826247,59.713525,67.773973,critical
78.254971,210.848108,80.596241,0.930598,59.874157,56.697912,warning
50.042058,226.879770,47.030448,0.950528,60.017875,36.481968,normal
63.160558,229.696640,60.018186,0.982069,59.972805,40.892760,normal
108.781739,208.475744,116.727270,0.826750,60.026715,54.462730,critical
50.972695,224.528208,64.466524,0.976426,60.007302,39.420704,normal
81.583960,195.510779,71.576624,0.930609,59.976415,52.725007,warning
53.216231,224.542606,44.005394,0.957460,59.945021,36.298954,normal
63.153880,231.018438,53.075103,0.948436,59.978788,43.804892,normal
95.727350,239.711108,90.297322,0.874891,59.920563,72.142405,critical
62.216799,218.378795,63.787644,0.950292,59.992652,45.554565,normal
91.321792,243.181992,98.448547,0.840851,60.094879,74.277007,critical
56.047170,225.234407,57.977585,0.939414,60.028957,40.213647,normal
73.065719,222.328897,62.784239,0.973380,59.991879,59.879057,warning
57.096659,229.086126,60.265305,0.967059,59.972831,37.569723,normal
45.773479,226.749964,44.977149,0.954520,60.029990,41.959205,normal
69.054409,216.483611,67.097638,0.945788,59.886245,51.764695,warning
97.192670,239.665063,96.070385,0.870371,60.120111,61.941104,critical
71.970534,223.055510,69.643059,0.912934,59.977275,48.816233,warning
49.921116,229.272726,54.352944,0.973317,59.996367,45.731900,normal
99.365222,207.024163,109.092292,0.867091,60.125905,66.711159,critical
56.003495,224.834949,61.410994,0.995076,59.978434,39.961698,normal
32.393204,221.775582,32.797817,0.970014,59.974447,39.249448,normal
56.762724,226.585907,52.017614,0.948741,60.068079,43.235986,normal
90.612231,220.036098,82.550320,0.948036,60.067967,56.342108,warning
75.078395,235.482468,83.702734,0.959864,60.067725,54.016637,warning
88.683790,247.652990,88.700447,0.825437,60.098424,69.256386,critical
54.593902,220.809236,46.552738,0.957635,60.003487,43.925813,normal
95.143987,202.099649,99.711656,0.848101,60.176803,74.322084,critical
57.096832,225.885157,64.622059,0.954014,60.010516,31.241557,normal
66.371235,234.885819,62.351128,0.985571,60.015975,39.688935,normal
47.881725,229.959857,52.410443,0.959086,60.017828,35.940742,normal
112.318222,207.816288,114.494255,0.843316,59.938794,71.566706,critical
73.274475,216.086143,73.393099,0.913070,60.081685,58.956228,warning
68.103415,231.444588,73.872966,0.874056,60.040375,49.212582,warning
39.376104,225.260643,33.046352,0.983738,60.010811,41.068358,normal
83.121015,219.746807,78.815450,0.884391,59.861472,46.058401,warning
91.686698,202.120435,92.674554,0.824887,59.960551,75.210669,critical
56.160736,228.226996,53.672915,0.966238,59.955837,32.485683,normal
58.988332,230.261465,63.403397,0.946829,60.006710,35.469582,normal
72.800468,215.071869,79.538140,0.953435,59.810966,43.780520,warning
52.202210,224.544873,59.679168,0.968132,60.058942,41.451268,normal
37.076045,224.293310,36.233401,0.964027,59.922518,32.966883,normal
61.605955,229.548703,60.700330,0.950102,59.994994,38.089225,normal
49.884440,226.190581,48.181096,0.933680,60.024304,38.059178,normal
111.151202,243.298434,110.132985,0.882461,60.201834,63.709798,critical
57.313912,224.345820,54.991508,0.969584,60.005948,48.356245,normal
58.025985,234.640557,57.514759,0.986733,60.016813,39.397275,normal
83.582822,237.946364,88.166593,0.881585,59.968371,45.135199,warning
49.390272,224.185973,50.288364,0.964089,60.024917,43.717660,normal
58.503528,223.980848,54.700512,0.983357,59.985103,42.302395,normal
73.668422,240.548862,82.908026,0.879625,59.942981,57.360385,warning
54.012877,220.484389,56.452526,0.940727,59.969276,30.945365,normal
83.410355,246.001612,82.337231,0.847302,60.004786,68.893119,critical
60.291807,231.455175,55.744646,0.976101,59.964496,39.662833,normal
49.485332,226.155712,46.896237,0.990099,59.989885,39.422132,normal
79.205397,222.365748,84.513695,0.927990,59.909399,50.106483,warning
74.225427,233.340936,78.881581,0.884396,60.029751,51.458254,warning
106.885148,243.270361,106.192679,0.817319,59.939258,60.171536,critical
39.854018,227.184294,35.513988,0.975769,60.016674,41.158541,normal
95.002766,211.756530,93.063759,0.841142,59.912676,54.469985,critical
87.061918,211.101610,85.715654,0.922772,60.079842,48.617409,warning
49.336122,224.769081,49.686239,0.974574,59.991010,33.000753,normal
60.731165,228.879188,55.949935,0.947356,59.952733,27.915169,normal
81.624220,215.249177,79.711700,0.871989,59.940569,48.208688,warning
41.184270,219.595836,43.917160,0.948340,60.015393,38.160006,normal
53.551279,221.160761,55.979114,0.947608,60.018043,40.703582,normal
69.043630,228.264030,66.379231,0.979251,60.012644,43.148621,normal
64.268713,226.436810,67.542999,0.970983,59.932986,45.051179,normal
69.908003,217.589025,66.652055,0.913851,59.898432,55.120222,warning
79.879806,208.806288,80.791836,0.962370,59.938189,50.047005,warning
94.738084,217.230573,88.926127,0.901920,60.058057,58.023192,warning
74.578181,215.130571,77.905834,0.869807,60.014706,40.242556,warning
69.090251,219.249657,70.565857,0.933254,60.030338,44.050771,normal
37.397223,227.705415,40.689159,0.963170,59.992036,41.850162,normal
54.893723,231.536520,53.025770,0.980543,59.950505,42.072747,normal
43.965789,235.144435,49.762252,0.968923,60.023503,44.913687,normal
97.429022,200.517479,95.595396,0.793745,59.923670,76.610950,critical
49.381021,229.963104,46.383661,0.944467,60.019077,38.400774,normal
86.265535,237.099586,92.101641,0.939206,59.955277,48.493498,warning
47.854025,230.686010,42.346430,0.975464,60.025211,38.120611,normal
73.023498,212.078361,57.720569,0.887281,60.018050,52.161399,warning
46.185640,228.254317,41.227375,0.964098,60.014027,41.798919,normal
88.344661,218.587598,88.434494,0.896944,60.030473,43.576511,warning
57.437920,226.330739,62.958501,0.936627,60.017246,48.187057,normal
65.595895,228.210492,56.906165,0.978903,59.973521,36.450613,normal
99.818189,228.157219,110.696753,0.922707,59.984514,46.416924,warning
62.656668,218.028550,64.446800,0.966500,59.954413,34.550948,normal
114.490445,245.422882,127.712348,0.882193,59.897032,55.243648,critical
60.641280,224.022093,58.071541,0.986915,59.994132,41.342033,normal
55.455958,230.016731,57.833119,0.956239,60.005471,38.695690,normal
78.524901,215.682991,77.103631,0.896438,59.980208,52.433383,warning
82.220068,219.571776,85.318569,0.895412,59.861604,52.444584,warning
91.561859,207.024322,97.676988,0.864818,59.903010,65.273789,critical
82.015162,241.623020,84.776675,0.918843,59.943534,48.086753,warning
52.631471,221.496465,58.547604,0.966417,60.014187,45.138959,normal
55.991419,236.750707,54.871376,0.961647,59.960293,44.048605,normal
47.583193,226.484391,43.771716,0.986221,59.995098,39.825685,normal
80.820329,238.841325,85.527972,0.897120,59.993017,42.374469,warning
96.616035,202.340467,83.627023,0.846746,59.903055,70.390361,critical
53.108537,221.607151,51.800483,0.987251,60.012376,32.103447,normal
63.400141,228.722132,70.414565,0.993095,59.965208,40.086990,normal
38.806539,238.958321,44.202808,0.977932,60.004937,37.907662,normal
42.071546,227.904193,45.060406,0.967373,60.071287,40.625320,normal
61.156279,229.364779,63.400284,0.984965,59.981653,42.497496,normal
93.927174,215.159012,86.618843,0.929202,60.021968,44.464697,warning
70.988246,224.736023,79.877801,0.970464,60.017402,33.079096,normal
104.590843,242.596756,109.225784,0.842730,60.244199,70.897063,critical
53.972831,231.761759,56.629205,0.952656,59.997092,38.675541,normal
87.658966,224.277749,88.877339,0.892281,60.026106,45.251568,warning
82.170623,219.476060,79.702736,0.910337,60.183942,51.815202,warning
79.176647,236.499054,82.813057,0.955963,60.049199,54.126852,warning
54.172307,233.588789,51.771015,0.955302,59.992852,33.060327,normal
49.229817,225.765330,42.795775,0.978905,60.023471,37.691853,normal
54.815024,227.039403,46.487944,0.969204,59.971482,28.549749,normal
72.437187,226.065575,69.516900,0.937893,59.984140,53.194264,warning
59.970921,227.105312,60.033375,0.964723,59.985223,39.727712,normal
79.284529,219.264440,72.910541,0.880802,60.249768,52.378200,warning
48.571123,230.753955,50.853376,0.959151,59.950293,35.236290,normal
95.251807,217.555660,104.640238,0.932270,59.933158,47.252540,warning
76.030415,229.400915,76.318346,0.960395,60.067564,29.764969,normal
38.668997,225.904197,38.643301,0.978694,59.991930,41.952024,normal
46.327921,232.883833,52.671845,0.990786,60.069812,37.080251,normal
58.140783,226.818899,54.723191,0.949272,59.978714,41.812216,normal
51.270716,224.535766,54.373360,0.978886,60.056540,42.350681,normal
52.235480,226.046684,54.449232,0.940580,60.000123,32.334148,normal
39.374575,226.094994,35.379908,0.968011,59.950043,39.214816,normal
103.371343,204.028416,106.724449,0.798723,60.148805,63.623937,critical
50.772854,227.871544,41.977041,0.936338,60.009904,31.574922,normal
54.014554,226.077512,50.065270,0.966758,60.063866,38.721808,normal
90.250969,193.283886,77.002498,0.813077,60.038136,72.140582,critical
62.141296,228.111348,62.162685,0.960954,60.044386,35.752732,normal
48.561180,230.529630,52.383449,0.975058,59.987631,35.366568,normal
81.424470,224.992982,76.934020,0.903398,59.986396,57.418759,warning
58.699437,229.222688,60.107593,0.973008,60.072642,46.577319,normal
47.488787,229.080357,42.796897,0.946618,60.023033,46.829017,normal
101.112556,204.875959,98.531536,0.902224,60.328109,75.912236,critical
54.821324,237.566533,54.690764,0.962704,60.005928,31.929784,normal
41.549172,226.098239,50.260366,0.979584,59.990240,40.845749,normal
97.668433,248.439547,82.446891,0.831696,60.049997,69.974834,critical
96.430165,246.104085,93.106030,0.802511,59.810581,70.374866,critical
56.172743,225.942012,60.928469,0.966866,60.010391,32.577435,normal
68.419697,235.947437,77.616124,0.888478,59.978151,40.797934,warning
102.881905,244.013547,102.026429,0.876030,59.868318,74.916793,critical
54.895512,219.515053,57.784851,0.972086,60.006623,41.875420,normal
59.800223,229.993399,55.312975,0.955831,60.037390,35.289298,normal
82.377496,205.684490,85.998228,0.902278,60.186994,43.917690,warning
97.638827,246.240961,98.678739,0.894301,59.604037,61.960497,critical
60.296253,228.160980,57.290302,0.952096,60.073909,37.086219,normal
97.554660,216.666394,103.152783,0.863424,60.316892,71.491638,critical
61.847204,236.260693,63.869208,0.962540,60.047244,42.801295,normal
52.444510,232.856479,54.322444,0.958906,60.000301,33.284317,normal
55.657499,223.382370,52.675941,0.974377,59.965260,47.473371,normal
49.968330,229.472982,44.102027,0.966141,59.991182,31.455286,normal
53.353880,231.203425,52.008110,0.969355,60.008589,38.608032,normal
43.722485,225.751947,51.029227,0.985836,60.057158,43.799560,normal
72.350824,227.741134,71.742457,0.978132,60.017803,36.727891,normal
48.215790,229.289464,43.186915,0.967707,59.988935,37.702299,normal
47.784109,229.855179,44.965218,0.985024,59.960091,37.821340,normal
97.086482,210.034595,97.289354,0.807513,59.820762,77.698969,critical
76.469882,221.776651,63.681306,0.924313,60.053507,59.707530,warning
52.228884,225.607590,60.825784,0.931157,60.001352,40.128985,normal
65.634862,233.519011,65.323114,0.960214,60.020177,38.737909,normal
53.211833,233.293436,59.832474,0.985088,59.958698,44.527549,normal
44.264040,220.856054,42.620176,0.949644,59.952398,34.403086,normal
65.015053,235.874006,68.542916,0.968615,59.983534,37.098991,normal
40.327614,226.147368,41.592779,0.964632,59.979610,41.054172,normal
76.468118,222.783990,75.725913,0.964684,60.037233,32.490409,normal
54.519346,229.582995,59.308196,0.981046,59.985654,38.233973,normal
60.870924,233.508803,66.255260,0.973663,59.986930,40.756735,normal
79.616177,216.278523,79.891179,0.919040,59.885006,56.473566,warning
46.354038,232.679718,47.271898,0.944532,60.039781,43.001740,normal
77.601909,223.898975,64.161162,0.886580,59.823580,56.947967,warning
46.526361,229.185952,42.938081,0.926805,59.971978,35.360230,normal
49.636906,226.037080,48.996605,0.990918,60.030186,33.169125,normal
64.647300,224.208070,72.846071,0.915164,60.110170,41.586141,warning
85.999367,222.124112,87.547994,0.888330,60.250772,60.443011,warning
75.381687,225.294722,76.891090,0.909823,60.059014,46.355985,warning
111.629441,212.682365,115.100162,0.833486,60.128865,69.728016,critical
93.019784,246.613709,101.081365,0.830657,59.770992,70.764616,critical
53.903000,222.157824,54.539910,0.961953,60.017065,46.247807,normal
72.982307,220.694266,73.304607,0.932351,60.050880,53.449748,warning
96.911648,197.541184,96.842903,0.861264,60.258824,67.667665,critical
110.229693,242.710183,114.276177,0.812906,59.835094,60.189815,critical
78.635733,226.864104,84.740421,0.950394,60.083084,37.272672,warning
63.262879,222.898906,60.354284,0.965349,60.004912,35.832066,normal
107.983028,246.327431,110.238075,0.848564,60.028776,63.549037,critical
45.685233,226.099100,43.598127,0.965208,60.038988,38.803379,normal
58.048179,233.788467,53.541061,0.976206,60.034517,36.836540,normal
92.527306,209.697728,102.622810,0.951095,59.913857,47.334433,warning
114.572281,206.389391,113.911895,0.881221,60.336978,59.350373,critical
92.654671,240.105224,108.478232,0.879726,59.711914,64.953759,critical
73.304331,214.434788,80.479798,0.941503,59.868803,56.062910,warning
59.824193,227.612945,60.796712,0.974701,60.016822,42.644535,normal
43.803067,233.037962,47.184976,0.960965,59.946128,34.675753,normal
69.518400,231.235514,70.369760,0.963796,60.081020,37.645431,normal
71.314531,211.504039,59.763034,0.920743,60.036154,45.124687,warning
61.457970,230.284714,60.313669,0.979840,59.990498,37.975506,normal
59.136181,226.466979,52.534717,0.961139,60.000020,41.010902,normal
38.680141,230.193225,40.115233,0.995303,60.019905,39.855575,normal
87.862410,217.542757,91.002591,0.924671,59.957569,49.003745,warning
49.423412,222.809522,49.427582,0.967996,59.980862,37.676406,normal
63.251801,228.722610,66.291062,0.968793,60.000809,35.950401,normal
105.997205,199.316348,102.176927,0.829723,60.239399,65.696863,critical
41.516152,230.631394,34.566651,0.950069,59.917065,37.369290,normal
40.191247,229.320530,45.124663,0.965026,59.900175,38.470648,normal
86.437772,221.118186,92.336545,0.881354,60.063048,44.267806,warning
59.190140,225.340011,61.563224,0.953806,59.997643,40.166320,normal
52.606709,235.277631,53.629269,0.948175,59.968017,37.130464,normal
45.920615,228.887216,54.532168,0.969841,59.983550,41.334119,normal
40.981793,233.791566,38.751051,0.972395,60.021486,40.777550,normal
82.172514,222.157035,86.972726,0.882750,60.110903,54.182358,warning
86.907224,221.553342,83.450773,0.936497,60.054281,48.947710,warning
101.034756,242.980665,96.095554,0.819501,60.569848,75.715080,critical
84.974352,214.526479,93.345375,0.888943,60.021612,52.158113,warning
49.830412,219.824059,58.117497,0.954801,59.983439,36.410759,normal
61.436816,223.793628,60.023393,0.949238,60.017639,41.309762,normal
68.181616,233.054486,65.212565,0.968411,60.003407,43.838449,normal
69.512301,230.011588,73.231672,0.985455,59.992074,38.747100,normal
44.266332,227.832037,44.387939,0.953923,60.001654,38.789511,normal
45.467624,229.765165,51.472488,0.943882,60.011911,44.004894,normal
92.991754,211.189663,108.759145,0.856539,60.026949,71.450005,critical
54.279283,229.294895,48.999009,0.974287,60.025533,41.537662,normal
94.010754,198.458777,96.089669,0.863190,60.242799,64.943754,critical
111.534802,198.739646,112.378481,0.822789,59.792381,59.276053,critical
69.093377,231.543317,70.527589,0.961960,60.005158,41.563815,normal
74.062954,235.494219,77.352633,0.918565,60.025643,43.883352,warning
65.790594,230.064347,62.683423,0.969507,59.961109,46.301089,normal
97.443972,206.663706,99.308473,0.828367,59.629980,61.427858,critical
81.686208,208.978037,79.716255,0.899207,59.973406,46.206224,warning
48.843120,226.460953,48.410660,0.953997,59.991632,35.864201,normal
50.956034,225.692097,49.737720,0.963932,60.059106,45.194459,normal
80.442993,229.357262,90.568648,0.924628,60.068148,55.482463,warning
48.204939,228.982979,47.032754,0.942282,60.058598,42.442893,normal
62.154276,229.030116,69.186296,0.952552,60.032466,34.888023,normal
102.267663,244.176536,110.936569,0.871263,59.873521,72.405970,critical
60.945559,227.565516,58.629932,0.932965,59.955107,45.988585,normal
86.427066,211.296154,94.293535,0.844871,60.068473,78.828276,critical
76.029282,225.225581,82.060747,0.914151,59.987930,45.360445,warning
45.483267,229.855369,42.823537,0.974644,60.039477,35.415753,normal
73.447722,228.581964,71.241508,0.963519,60.154326,54.084725,warning
86.279655,223.913188,85.630535,0.907845,59.898838,42.840500,warning
45.063307,226.766486,43.213042,0.954791,59.990121,37.824142,normal
48.570417,224.624203,51.011408,0.965961,60.024352,33.950503,normal
50.581867,233.869373,49.934523,0.977111,59.962662,40.652244,normal
38.463748,232.709452,36.416437,0.983424,60.022739,30.972092,normal
67.102139,221.173711,66.294797,0.899555,60.031430,53.938372,warning
83.312416,226.417914,87.937505,0.900284,59.922704,42.874748,warning
56.135231,231.244843,59.058476,0.977096,59.991968,33.294742,normal
96.000205,221.524248,96.350530,0.877057,60.086745,48.784763,warning
54.289920,228.317599,52.636106,0.949208,60.036070,43.101680,normal
113.471614,211.487998,113.520032,0.859530,60.173821,72.228146,critical
107.947606,201.864170,111.040769,0.838043,60.392523,64.596437,critical
114.842087,216.760073,127.898438,0.788946,59.921258,62.594274,critical
60.211101,217.693496,54.394941,0.999285,60.069926,36.740968,normal
88.220658,251.060540,89.562311,0.841831,60.042261,69.919552,critical
50.387840,220.839307,55.870270,0.996969,60.059523,40.484215,normal
45.421770,230.661393,49.986101,0.989434,59.936728,37.142053,normal
89.214240,220.305679,93.211725,0.897773,59.815598,38.596716,warning
78.971773,208.489314,75.533785,0.944668,59.853829,58.483796,warning
102.061446,208.663277,104.493700,0.801255,60.091554,65.189073,critical
77.016991,222.873613,78.802268,0.898040,60.097391,30.785326,warning
54.965037,222.322603,59.491660,0.948982,60.053302,33.864895,normal
47.954420,225.457037,46.258457,0.956972,60.013502,44.385152,normal
66.233770,229.920000,59.446450,0.945362,60.011873,39.651753,normal
92.487773,198.699541,87.398443,0.830622,60.215452,65.446915,critical
57.855077,232.515847,59.267275,0.951319,60.006427,35.521768,normal
88.440708,208.074894,104.698909,0.963187,59.953199,49.872340,warning
54.118495,227.573150,50.191914,0.971792,59.981829,38.073579,normal
59.624569,235.495992,63.938022,0.984043,59.963809,40.256554,normal
71.582260,213.065849,77.866278,0.967819,60.039465,36.026951,normal
90.733094,208.073577,98.703576,0.861064,60.432643,69.283709,critical
103.133399,212.417345,103.654429,0.803710,59.882276,58.723361,critical
46.442948,224.016253,49.257351,0.953180,60.007937,33.704377,normal
87.148833,215.054736,86.930014,0.898785,60.127716,44.036301,warning
62.355590,236.605826,74.628269,0.966703,59.979168,35.408467,normal
47.780474,228.164297,45.874432,0.949978,59.968574,34.909470,normal
103.683922,211.523496,102.917508,0.838818,59.974683,64.738197,critical
44.404265,225.105313,37.823083,0.967176,59.965656,40.205020,normal
64.477189,223.985488,69.815342,0.963688,59.972726,44.709216,normal
54.078798,226.084197,56.591227,0.971018,59.963551,42.908384,normal
104.410303,198.209092,111.479334,0.888574,59.649147,65.017060,critical
80.242147,240.654103,86.121383,0.909029,59.971693,52.501940,warning
75.120205,223.087339,70.448708,0.978342,59.917943,36.217380,normal
51.904479,226.829749,55.121849,0.937183,60.000894,40.030339,normal
105.084070,201.649073,110.383173,0.851554,59.609400,57.687281,critical
56.452912,230.027141,68.775319,0.951697,59.996819,36.595493,normal
52.075665,225.474682,45.504559,0.959945,59.992876,39.450025,normal
47.050942,222.894314,52.726052,0.989502,60.027316,37.552451,normal
79.716119,220.087583,85.254302,0.925599,60.089696,53.981905,warning
97.243696,249.626066,109.418589,0.836851,60.106551,70.026080,critical
88.986811,210.263886,75.360575,0.863449,59.957160,68.263926,critical
49.614821,221.698681,53.887581,0.987492,59.995824,36.497714,normal
79.808813,227.839259,85.543551,0.873555,60.010836,49.091585,warning
95.100046,205.756262,91.817735,0.838317,59.919260,67.465068,critical
49.079199,225.346830,50.970956,0.956100,59.998757,25.531037,normal
75.304352,216.695283,83.766242,0.941409,59.972613,43.522605,warning
53.649733,224.652978,41.993172,0.982057,60.037208,45.041987,normal
58.955147,233.225824,54.379780,0.951910,60.001827,37.025591,normal
41.336298,228.351326,41.932789,0.987947,60.046918,38.087046,normal
104.582704,188.261034,106.242170,0.864837,60.176279,65.448795,critical
83.510141,217.791601,83.910657,0.924987,59.962555,47.284691,warning
56.068744,231.716427,57.146036,0.939438,59.992449,38.598744,normal
83.792958,207.972749,96.196231,0.883119,60.049122,56.936400,warning
100.032863,213.684592,98.151624,0.848235,60.011806,59.822823,critical
38.988733,226.530148,33.802441,0.957406,59.992545,35.417021,normal
57.595634,224.446603,58.208359,0.951522,59.982487,32.882750,normal
93.658454,245.203117,93.499256,0.836459,59.700364,66.226658,critical
97.776813,205.766480,101.693063,0.792573,60.137954,59.029293,critical
74.750562,215.599282,83.114722,0.901851,60.013434,56.877442,warning
44.308556,223.881655,43.436179,0.947799,60.034415,44.758164,normal
72.845977,213.235426,77.906551,0.899628,60.024000,45.503762,warning
106.957530,207.493624,99.071238,0.809303,60.410959,58.377566,critical
53.119371,221.756625,49.566358,0.978412,60.000147,41.355401,normal
40.423334,226.868037,39.751571,0.951439,59.936435,36.994356,normal
75.698055,222.798073,76.033093,0.960515,59.869944,47.660216,warning
103.692374,244.427413,100.697215,0.815293,59.936193,77.112705,critical
71.580223,223.612642,78.875947,0.940453,59.971971,42.259553,warning
79.110077,225.580869,86.618935,0.896158,59.974528,56.290974,warning
56.835170,221.345012,51.774426,0.945180,59.936035,38.753651,normal
112.116862,206.921244,120.762252,0.858531,59.929635,58.588404,critical
102.435544,241.838357,106.101556,0.830973,60.277196,67.258620,critical
73.234477,238.647462,82.132728,0.975335,60.060110,53.712349,warning
100.186375,243.673807,103.564796,0.788626,59.923157,71.115103,critical
46.486622,225.571413,52.317424,0.949723,60.021501,40.283477,normal
76.308877,214.115845,84.475032,0.938315,59.890947,46.732281,warning
57.456030,227.634565,46.377110,0.961399,60.013606,33.381055,normal
72.326781,225.942233,77.546046,0.964833,60.034105,40.457147,normal
63.224733,223.717803,69.810664,0.953554,60.004834,29.999775,normal
84.909469,224.834478,88.221736,0.905780,59.917245,52.755370,warning
82.736425,237.272483,84.473943,0.899346,59.992675,48.984924,warning
75.275735,204.576781,74.580644,0.907516,60.032870,49.997512,warning
63.360699,226.405658,66.947898,0.960294,59.983924,38.296483,normal
25.427975,226.749620,27.958382,0.979347,59.997637,36.242319,normal
78.198610,219.027072,77.095871,0.945452,59.956664,47.026257,warning
51.358482,230.097930,51.891694,0.961697,60.007946,37.227582,normal
59.809205,233.352395,66.521416,0.953101,60.027270,40.376108,normal
52.236941,232.548338,51.650231,0.984011,60.028247,37.827325,normal
71.004260,222.896475,67.220323,0.922606,60.008881,42.676548,warning
49.845667,227.784307,50.130155,0.980098,60.012263,39.295875,normal
94.023412,243.945248,102.735444,0.792758,59.680181,66.690974,critical
79.744470,217.643011,76.773814,0.896275,60.036896,38.565977,warning
81.002193,212.143289,83.804594,0.935883,60.082739,58.466935,warning
63.375728,227.204593,63.947378,0.953051,60.004362,35.319939,normal
60.317167,226.445539,60.771694,0.986666,60.029717,41.695102,normal
46.237294,231.824959,34.059933,0.968123,60.026566,47.366094,normal
74.775893,205.710998,81.045331,0.936579,60.152584,55.699751,warning
45.788954,231.561158,40.306306,0.977599,59.997652,38.247069,normal
111.007909,208.167110,117.905697,0.799419,60.044754,52.673518,critical
73.096868,239.294434,81.990301,0.931432,60.033683,54.192929,warning
37.096945,222.301345,29.850615,0.963236,60.008286,43.767582,normal
55.123457,226.706785,52.792112,0.963550,59.993380,41.378634,normal
103.239986,214.391330,108.289575,0.793611,60.518606,72.039764,critical
60.610089,225.619405,61.839385,0.985299,59.953926,32.999213,normal
82.665641,217.423683,87.787570,0.903119,60.079585,45.412590,warning
53.921627,228.172188,54.378897,0.997886,59.952281,37.436785,normal
64.174028,229.509063,71.447993,0.944273,60.005811,39.198098,normal
67.873596,227.405833,68.317385,0.962327,60.001903,36.096035,normal
80.051097,221.173613,82.272066,0.911561,59.857669,38.329073,warning
81.174645,207.419458,82.394309,0.928094,59.999948,56.965672,warning
48.263905,231.519802,44.472199,0.956819,60.027578,36.279189,normal
85.161658,222.501727,86.110551,0.907173,59.970015,54.247402,warning
49.923037,228.916674,44.152925,0.953612,59.961151,32.369207,normal
47.644469,226.898842,44.442674,0.952787,59.985233,39.038166,normal
45.213363,230.122182,43.258927,0.986915,60.003609,34.742915,normal
71.997880,211.046802,69.824196,0.901589,60.067205,47.752648,warning
81.038125,228.461433,73.733874,0.898888,59.972209,55.224467,warning
49.452055,229.924177,51.826873,0.956976,59.979901,40.688378,normal
105.575165,246.875728,112.480126,0.872869,59.872493,70.523267,critical
94.641846,207.621958,89.374675,0.939003,60.093820,74.135184,critical
59.031517,225.278516,57.036797,0.948943,60.001744,32.055045,normal
92.781317,208.880661,99.793077,0.889844,59.944163,70.960221,critical
62.375731,227.876814,48.963211,0.968780,60.009609,38.636781,normal
47.425485,226.305965,48.150970,0.953657,60.036247,40.959096,normal
46.643659,231.589689,53.991510,0.976929,59.987427,40.474790,normal
57.433372,226.067462,60.317691,0.964580,59.964055,39.153458,normal
99.387028,196.383688,95.952494,0.874618,60.446599,61.043821,critical
56.811338,232.680257,50.096599,0.980294,60.027877,35.290299,normal
72.733956,219.978858,81.503281,0.907444,60.017770,44.818761,warning
61.844006,222.285349,64.406413,0.965542,60.063575,43.414763,normal
95.918209,241.667808,101.112820,0.837226,60.045027,74.187449,critical
84.350523,219.204001,93.467954,0.904912,59.970608,54.377442,warning
108.310599,210.826721,118.812179,0.837380,60.102430,69.399431,critical
71.135861,227.271000,66.758436,0.951144,59.954850,38.563160,normal
61.514673,227.746568,72.186006,0.955863,59.990079,37.076914,normal
84.295839,223.090518,83.621162,0.896487,60.084361,58.732134,warning
66.034710,229.046436,65.491974,0.954178,60.024812,39.757854,normal
74.873707,218.485260,72.283012,0.906696,59.882504,59.910650,warning
90.260075,210.327342,97.858607,0.848955,59.682874,63.523846,critical
53.158190,229.410636,51.600492,0.996817,60.059873,35.776430,normal
63.366632,225.414370,62.319424,0.967557,59.969293,46.958353,normal
78.999697,217.165285,75.862486,0.895144,59.884858,52.276080,warning
58.931377,226.597156,57.694043,0.980182,60.015908,36.165844,normal
65.837060,222.278488,67.412336,0.954086,59.970319,45.901810,normal
44.656621,227.997581,39.096413,0.978936,60.046196,35.318083,normal
83.455293,220.616937,89.271794,0.942240,60.050772,42.615850,warning
47.321821,227.625787,40.300589,0.986381,60.042683,41.198819,normal
49.936826,228.516582,56.996515,0.964936,59.987771,41.033841,normal
58.101837,224.967650,64.840043,0.983541,59.966710,42.913961,normal
91.287577,236.563164,86.677955,0.910853,59.951119,49.193768,warning
84.959019,210.326067,81.852761,0.936046,60.128028,49.092000,warning
44.305561,230.329612,42.573468,0.972189,59.959234,48.362023,normal
111.359472,209.643547,119.641608,0.856350,59.808463,72.793742,critical
68.852049,219.169054,67.815988,0.913589,59.969941,50.198049,warning
59.089558,224.729223,62.089669,0.986735,60.033843,35.042111,normal
74.790543,226.412453,76.726732,0.964729,59.944455,48.309353,warning
71.605097,215.723785,70.035038,0.914420,59.827328,47.447683,warning
92.528899,204.416380,104.746845,0.793980,60.198138,53.885492,critical
85.675112,192.858969,83.629210,0.808362,59.894685,59.954558,critical
61.411512,223.022611,50.064214,0.953147,59.965034,39.312002,normal
55.135605,223.468149,51.171459,0.977628,59.972755,41.693968,normal
73.718473,219.085061,74.187481,0.901214,60.100060,52.073582,warning
60.618508,223.419299,60.037885,0.974275,60.019772,41.702817,normal
72.304883,226.437240,75.752740,0.947880,59.978133,38.508280,normal
54.787404,231.422623,52.926372,0.967908,60.036587,39.316147,normal
76.877155,223.865256,79.668130,0.917183,59.997090,47.181004,warning
72.211689,226.904654,74.352869,0.964505,60.018437,37.130175,normal
69.602893,233.438125,67.634023,0.954752,60.094512,36.893752,normal
48.687021,228.890941,55.577691,0.995135,60.035455,44.108845,normal
79.558812,224.281222,81.132095,0.902690,60.048137,52.445453,warning
45.197428,229.019622,46.611235,0.956958,60.044990,43.675814,normal
68.567436,228.582470,62.934671,0.968332,60.068735,42.224207,normal
58.125748,231.062687,50.714712,0.940918,60.028594,42.689292,normal
89.523564,230.313892,95.833869,0.888718,59.981711,54.289334,warning
82.336327,227.690154,78.656572,0.961498,60.031761,35.396808,normal
80.886471,236.486680,71.073912,0.934734,59.892977,51.310680,warning
48.438167,230.371100,42.776635,0.950869,59.956766,45.370419,normal
101.130325,194.638717,107.743214,0.864015,60.150364,69.534965,critical
76.817465,215.111154,81.953736,0.889771,59.973766,41.665234,warning
57.207965,226.313636,59.826321,0.945940,59.986010,37.428523,normal
112.617086,204.373818,123.902794,0.814518,60.152846,50.944678,critical
72.448322,224.698726,70.043818,0.969115,59.950109,36.449069,normal
75.263652,220.337216,72.798187,0.905107,60.028356,50.539923,warning
88.574769,219.045647,88.475204,0.906558,59.821106,52.743058,warning
49.594498,225.874291,31.710438,0.985412,59.941585,31.967429,normal
48.939054,230.179573,39.507800,0.959291,59.972846,36.678906,normal
100.120878,242.472009,99.885681,0.898277,60.206235,65.793848,critical
50.160212,228.181762,50.370482,0.954418,59.978910,37.784244,normal
46.016713,233.708814,49.647955,0.971004,60.095119,41.455831,normal
61.573062,233.696417,68.207493,0.962310,59.983005,35.300786,normal
65.729213,226.394186,71.290274,0.964316,59.990645,44.698682,normal
68.924718,231.521348,72.278006,0.954552,60.077963,36.798475,normal
88.492646,218.214892,95.339737,0.913974,59.962739,56.289193,warning
70.067102,215.727853,71.364187,0.922560,59.850126,49.918864,warning
77.036973,210.842773,80.028386,0.928923,59.878189,46.488042,warning
80.431393,238.206117,79.442856,0.953334,59.911915,59.340676,warning
55.546406,230.531787,56.008282,0.995484,59.997851,37.195015,normal
72.893374,229.186952,76.142277,0.894028,60.169326,49.841150,warning
61.925992,227.406089,58.057851,0.985640,59.989102,39.450983,normal
63.006825,229.731681,66.943404,0.979557,59.982306,34.741065,normal
54.364082,227.632060,46.801191,0.975419,59.999194,39.656231,normal
99.193604,198.613195,100.152273,0.822194,59.826982,66.888908,critical
58.838130,233.101443,54.146551,0.973999,59.998830,37.564473,normal
57.572402,228.998176,60.295177,0.966109,60.048748,39.548393,normal
69.893161,232.000438,71.320706,0.960532,59.942774,36.194034,normal
76.552808,208.738990,76.871481,0.873655,60.051295,59.062640,warning
66.045162,230.154029,63.939180,0.968430,60.022683,35.455948,normal
67.586894,222.311026,67.583788,0.963401,60.072356,40.248722,normal
65.309914,223.414563,68.520551,0.942593,59.981847,46.045656,normal
69.940519,232.269188,73.681512,0.877658,60.148974,51.859675,warning
51.713771,233.332327,54.041611,0.953847,60.043685,41.104236,normal
100.138890,198.194921,107.341776,0.855975,59.719028,61.895353,critical
42.634720,225.904808,31.664917,0.958533,59.927363,37.480539,normal
57.402548,243.581397,61.585820,0.973478,60.059270,36.316379,normal
57.945363,230.335075,60.634116,0.983024,60.083141,38.252905,normal
85.584510,217.826723,81.492574,0.959462,60.113623,53.412306,warning
33.973120,219.421532,37.866404,0.970474,60.051324,39.939467,normal
43.145044,230.788396,39.025362,0.966249,60.006543,42.328366,normal
68.019948,231.261280,70.398111,0.974644,59.976542,41.542942,normal
43.926758,231.261157,37.443894,0.975119,59.974705,41.420688,normal
43.347059,227.555692,37.467192,0.945840,60.085394,41.924898,normal
57.541030,227.294077,56.965769,0.991248,59.992431,40.470101,normal
86.110197,252.741109,81.391433,0.884768,60.327849,72.805853,critical
76.854269,214.933375,71.004866,0.917336,60.052764,55.844337,warning
108.026093,207.256614,102.453057,0.842919,59.949105,60.366306,critical
62.293303,229.088694,65.224563,0.945011,60.017800,40.058699,normal
30.682860,226.719417,35.979611,0.976119,60.010176,42.975512,normal
48.822327,228.115709,50.077803,0.970632,60.001612,33.011292,normal
36.455696,223.750977,51.109513,0.952019,59.963184,32.965955,normal
83.379007,219.839575,91.633394,0.899773,59.999116,53.037766,warning
69.325290,229.036824,76.098215,0.971715,59.975548,41.619343,normal
97.832940,246.289339,108.325207,0.791980,60.126412,66.802883,critical
76.586024,216.507191,74.221857,0.909607,59.971753,61.969106,warning
42.381832,232.351268,37.341361,0.974049,60.011454,44.412691,normal
86.058523,240.882466,82.092240,0.929409,60.103331,43.423669,warning
107.663647,208.696912,103.129594,0.813519,60.199839,74.705307,critical
91.394669,214.108038,92.954119,0.922481,60.218218,47.693002,warning
47.777147,227.981425,51.418483,0.989349,59.957127,48.660496,normal
94.569711,240.412275,88.460222,0.915641,59.975512,46.141761,warning
55.467994,220.596888,57.113968,0.966447,60.035638,40.921405,normal
51.909501,227.869890,54.172012,0.979938,59.986544,41.024050,normal
49.000231,230.679893,54.526670,0.981639,59.994838,42.845334,normal
44.584239,229.548666,48.748560,0.942802,60.016070,35.496901,normal
58.210944,219.966993,53.581425,0.991218,60.049326,38.375279,normal
53.845693,227.986592,60.913132,0.973002,59.981239,37.078983,normal
81.463231,243.692525,94.665790,0.926364,60.309056,54.147892,warning
61.839191,230.263431,58.028840,0.986006,60.038856,40.271435,normal
67.940756,231.570632,72.265522,0.964694,59.992420,37.649187,normal
91.706062,212.269907,104.919051,0.784696,59.988215,61.767038,critical
45.343279,229.650386,46.547597,0.958244,59.984402,46.532890,normal
39.182667,223.570548,33.618258,0.968571,60.009090,37.045877,normal
74.611256,229.392034,73.932755,0.885371,60.070782,53.602268,warning
57.833822,228.461419,59.719606,0.969250,60.004588,43.072294,normal
90.137046,220.472610,83.306045,0.928374,60.122650,47.886066,warning
45.592037,233.340789,39.088099,0.978744,59.988641,43.690593,normal
106.650431,209.649366,108.462958,0.803961,59.977211,72.318648,critical
92.190072,219.593424,95.543704,0.920340,59.937561,50.621924,warning
74.654245,242.705846,81.075091,0.950030,59.862978,50.364919,warning
102.604009,205.478239,98.434010,0.796326,59.919813,68.406732,critical
54.332199,228.081822,54.673504,0.966958,59.998104,40.864755,normal
107.851765,250.356908,116.001589,0.886501,60.314117,64.196759,critical
59.417950,227.821477,62.595183,0.940815,59.997432,38.432173,normal
54.091742,226.657293,51.509230,0.990178,60.001252,46.184659,normal
51.589159,227.460690,52.843714,0.956129,59.935633,41.375735,normal
72.943178,224.533419,71.080954,0.884767,59.976168,48.623819,warning
89.341768,220.298793,87.613064,0.893677,60.072401,43.731866,warning
59.382836,226.952902,62.004247,0.992628,60.002113,39.219096,normal
74.768534,214.923849,68.288305,0.880860,60.038598,45.487770,warning
87.239505,204.488603,83.229615,0.891040,60.067580,48.482549,warning
56.870796,227.113378,50.284309,0.936400,60.063797,37.737347,normal
79.397918,220.423702,86.445128,0.920647,59.953389,52.469001,warning
58.256358,230.463615,58.445868,0.974364,60.018613,42.909214,normal
38.770771,217.541288,40.769808,0.944125,59.992880,41.469548,normal
85.990120,218.021047,84.662464,0.924877,59.961482,59.950200,warning
76.323447,216.336505,74.583032,0.918005,60.147826,56.824606,warning
103.089469,204.046975,105.777739,0.855079,60.137646,73.868205,critical
83.518209,238.799353,88.765415,0.897460,60.109833,49.969025,warning
51.811708,225.846630,48.813928,0.965209,59.970274,32.688532,normal
47.060724,228.622997,44.472123,0.958475,60.039744,38.440538,normal
49.364928,231.629109,52.932445,0.973570,59.934817,37.738353,normal
77.498385,215.298619,84.099108,0.910283,60.090198,47.711872,warning
84.700856,225.754638,94.181587,0.910325,59.908886,49.522066,warning
53.651322,230.081134,54.040226,0.939357,59.984911,44.159605,normal
41.083573,228.593280,39.719954,0.970587,60.023186,36.994786,normal
85.324341,234.962420,91.636291,0.931734,60.011519,54.650440,warning
55.155954,232.632667,49.196595,0.961615,60.029521,42.120702,normal
102.399049,223.251717,100.175335,0.833284,59.727244,58.977287,critical
59.417652,226.248554,59.600845,0.950664,60.007495,33.320500,normal
72.218554,213.476768,65.117825,0.937874,60.037918,46.479759,warning
103.818966,245.862850,105.675261,0.829714,60.098449,58.426982,critical
87.059475,237.645605,82.942676,0.930741,59.917975,54.273103,warning
68.242191,231.107473,71.614981,0.954758,59.948486,42.692006,normal
61.360024,231.509536,65.163543,0.968094,59.982036,39.719374,normal
50.261514,234.137857,40.252295,0.982682,59.995156,39.722721,normal
74.502894,220.617834,71.485410,0.907824,59.967367,47.117467,warning
86.500110,230.443356,84.262911,0.947518,60.025708,50.489876,warning
56.900654,238.054852,51.710224,0.966325,60.003567,42.108368,normal
66.738168,227.078095,67.229756,0.984763,60.018590,32.860611,normal
81.768011,238.847036,76.377422,0.884301,60.032207,48.519379,warning
110.083198,195.271873,110.255523,0.820545,60.467038,65.658674,critical
88.939428,210.279200,99.837186,0.917850,59.920819,52.228167,warning
86.342009,219.600269,86.620529,0.924993,59.907858,46.326372,warning
77.784846,214.442654,84.435108,0.930561,59.970876,54.665689,warning
53.683611,228.041983,45.582568,0.979354,60.027800,44.628922,normal
39.519109,228.273250,42.060038,0.963563,60.047088,39.367781,normal
84.506954,223.036889,85.477535,0.939580,59.988521,46.548695,warning
104.384325,245.747270,102.004106,0.761798,60.048068,71.225473,critical
77.913257,212.001964,72.242306,0.972074,59.978909,57.034341,warning
58.533574,218.137315,51.418548,0.947705,59.964726,38.976081,normal
60.415375,223.189622,55.598270,0.954101,59.981700,40.203704,normal
97.482661,208.382327,96.979085,0.810653,60.091436,74.367899,critical
52.926857,227.469626,52.205598,1.000000,59.955277,34.333805,normal
49.372387,226.368424,51.872756,0.917062,59.993956,34.285635,normal
69.512410,227.376525,68.797641,0.979851,59.967781,31.544234,normal
66.992949,223.782495,67.038783,0.978321,60.023963,40.840984,normal
88.718130,237.670588,82.867888,0.864084,59.967822,44.683114,warning
67.882878,237.809231,68.666978,0.892205,60.034272,54.388772,warning
57.280240,227.981959,53.606784,0.948487,60.041966,35.184129,normal
87.133867,215.746469,80.102683,0.858112,59.698954,51.628339,warning
88.743960,210.371879,78.511349,0.898621,60.075941,56.190797,warning
45.302921,230.292487,40.955893,0.962994,59.961413,41.286673,normal
49.230972,228.309188,54.168784,0.961386,59.982126,40.049589,normal
84.898216,214.315291,77.159264,0.940578,60.016397,47.883871,warning
65.128192,233.417814,60.837071,0.962568,59.969468,36.605899,normal
52.031241,228.340124,52.559926,0.940976,59.995078,33.968363,normal
82.101151,232.865395,80.231853,0.957190,59.979080,42.145999,warning
108.212625,243.506170,109.680613,0.811852,60.363998,62.396290,critical
104.942453,203.146668,102.867735,0.838542,59.905706,70.935538,critical
36.712773,228.274383,47.450695,0.982494,60.025213,35.474445,normal
84.371060,217.390792,85.863065,0.943822,59.913917,55.029631,warning
73.239708,214.041874,70.722870,0.930648,59.870287,47.358854,warning
80.562610,219.647837,79.637467,0.903197,59.952227,51.472930,warning
49.182823,223.624347,46.874996,0.982159,60.038168,37.742345,normal
103.498224,241.935113,106.456550,0.844566,59.650799,64.010578,critical
58.595777,220.075963,56.431657,0.968671,60.000043,46.174208,normal
82.508581,238.519433,87.891607,0.896960,59.995818,48.957754,warning
85.892296,213.433747,84.139617,0.954213,60.055457,53.315929,warning
98.855360,208.108773,105.802770,0.848528,59.990209,74.497445,critical
86.871853,221.465311,80.577070,0.894159,59.797823,54.935542,warning
96.426745,244.332420,99.783717,0.863272,59.873617,71.292016,critical
75.555907,209.691967,85.694326,0.951718,60.140807,50.492722,warning
85.320068,238.940451,94.341295,0.850289,59.803280,65.910529,critical
84.528851,219.278826,76.906868,0.925613,60.085594,51.855018,warning
80.092695,213.212393,91.666325,0.928265,59.926842,52.523620,warning
53.326381,230.445192,58.905906,0.957308,59.915805,38.341677,normal
104.305473,205.700642,116.061715,0.834739,60.039926,62.008300,critical
51.144818,231.341985,49.730724,0.969149,59.940124,41.994328,normal
75.580259,223.736948,81.585224,0.886088,60.188488,46.601551,warning
55.944175,229.087824,51.331893,0.941519,60.024900,35.020878,normal
41.847781,229.045907,37.714465,0.937909,59.979436,39.787225,normal
50.314109,231.128588,52.778171,0.959249,60.057447,45.045532,normal
98.529779,206.715762,97.215404,0.791991,59.961854,62.348203,critical
51.565315,232.875155,53.601826,0.934219,59.970929,39.833556,normal
78.578957,210.478180,91.621834,0.949013,59.921020,46.634746,warning
44.181816,227.102370,49.799219,0.954769,60.057206,36.326606,normal
84.704016,237.400065,84.244914,0.921318,60.029629,58.330412,warning
52.030718,227.461999,52.568559,0.992681,60.030893,36.694581,normal
66.358440,228.917344,69.875278,0.968587,59.981854,42.134540,normal
44.841450,224.662680,45.547692,0.955974,60.073152,34.952571,normal
88.653991,218.808392,91.994790,0.863063,60.025726,53.415305,warning
60.570912,226.349962,61.829596,0.975340,59.985854,43.464435,normal
70.900673,221.062323,69.559246,0.917571,59.986935,46.420590,warning
56.224560,226.217586,54.102870,0.966350,60.005381,39.873283,normal
94.780879,198.212337,92.905471,0.832933,60.051127,69.333588,critical
103.058051,208.839657,117.912030,0.877941,59.963845,68.874701,critical
64.604252,228.670489,62.633346,0.961739,59.949304,31.729861,normal
58.390303,231.450867,58.101415,0.947325,60.005791,33.924276,normal
77.636797,214.119086,74.503145,0.879582,60.085346,54.776037,warning
46.852840,221.988099,41.116641,0.955585,59.978795,38.187620,normal
105.647692,243.161700,93.200826,0.841719,59.777636,74.448405,critical
50.253803,228.418921,58.988364,0.947964,60.065288,42.769840,normal
53.011500,223.983323,52.154536,0.958563,60.055279,40.741749,normal
65.568296,221.783850,68.485741,0.958729,60.003106,40.035696,normal
75.447796,224.639146,70.503892,0.946219,60.018761,42.925251,normal
61.316559,227.266628,65.879914,0.964934,59.969738,39.496890,normal
38.264239,234.175076,39.260045,0.941549,59.998106,36.208671,normal
84.126931,209.572332,91.182531,0.930894,59.945468,43.400068,warning
48.048798,233.135608,48.397493,0.932616,59.959039,35.479546,normal
105.227728,209.580540,109.888531,0.846284,59.840453,59.704313,critical
36.567186,226.444345,33.702990,0.959974,59.961436,41.743135,normal
64.211591,227.766366,67.097343,0.968705,60.050852,34.548629,normal
89.460194,207.654556,88.630267,0.784229,60.328649,76.019842,critical
63.061238,226.757268,64.262194,0.969158,59.904980,40.826903,normal
80.715239,211.535529,88.772053,0.938686,59.977953,52.581083,warning
60.944611,233.332753,66.492785,0.964471,60.036299,32.636199,normal
57.777616,233.562545,67.960248,0.963165,60.002945,36.765795,normal
45.381327,222.868299,45.593285,0.960630,60.038125,37.891086,normal
79.522217,214.657425,82.833800,0.908615,59.931946,47.700747,warning
61.216489,234.864938,61.421085,0.936401,60.011158,40.444259,normal
109.428570,242.033129,103.197410,0.900155,60.129209,68.980049,critical
46.824996,222.066421,46.128791,0.964268,60.039173,36.505594,normal
48.506405,226.508487,47.884320,0.961649,60.009480,35.413110,normal
82.303567,212.844159,70.145379,0.915857,59.895712,48.474206,warning
58.691588,230.619842,51.699833,0.963139,60.017215,42.970187,normal
87.144003,221.278617,84.065509,0.935660,59.990194,55.597606,warning
45.242319,221.079526,38.281264,0.986605,59.991447,35.156300,normal
82.358085,226.035899,84.354221,0.878309,59.702327,49.296757,warning
56.744211,233.214244,64.014883,0.955610,60.045945,38.394928,normal
56.780018,234.113248,57.034811,0.951269,60.031740,41.637055,normal
112.103963,208.721764,127.700751,0.823058,59.822451,62.401355,critical
79.760109,225.276964,80.362088,0.910414,59.932358,47.554802,warning
82.935709,213.715247,83.143979,0.893685,59.971261,43.365656,warning
45.591725,228.984466,47.317223,0.946725,60.017647,34.378745,normal
55.500786,219.636167,53.193486,0.961680,59.970619,37.066642,normal
50.939578,232.530707,52.342622,0.985389,59.971613,41.524354,normal
60.444648,222.312292,42.140200,0.963544,60.036825,39.286994,normal
42.231674,228.994464,41.916152,0.975616,60.054825,35.534094,normal
65.886525,207.361270,70.540559,0.839052,60.079874,55.134480,warning
47.210599,227.228345,45.825809,0.939465,60.002537,35.759146,normal
40.118724,232.636748,36.930721,0.966412,60.059414,35.642646,normal
86.813188,217.419171,79.164320,0.895009,59.924163,50.087862,warning
45.676247,224.095185,49.609340,0.964801,60.022827,34.503624,normal
53.110222,224.378290,47.580400,0.961245,60.021601,43.911444,normal
68.837603,228.282460,70.920631,0.932134,59.990409,34.032033,normal
61.059962,227.078687,64.737096,0.992260,60.007811,36.575108,normal
49.740237,237.126197,41.821654,0.978047,59.945635,37.516749,normal
67.578846,226.122985,60.339553,0.965329,60.035511,39.320062,normal
120.803552,205.917100,118.533990,0.833494,60.128555,69.217804,critical
99.043644,208.911552,104.546672,0.879848,60.124088,68.917603,critical
51.433866,228.866922,48.904093,0.979580,59.981144,47.490027,normal
52.284801,219.118776,43.069007,0.949741,59.938496,43.047648,normal
63.129909,230.206780,58.005218,0.977446,59.983099,33.826461,normal
74.611446,222.952374,78.758816,0.945639,60.095814,42.265105,warning
54.399415,228.712582,51.619514,0.949992,60.000552,35.293988,normal
86.588077,216.805125,90.404933,0.933351,59.916702,54.717260,warning
81.098682,238.045742,84.411497,0.954040,59.975840,45.925059,warning
72.292837,216.814382,66.540826,0.926137,59.929106,54.093280,warning
50.100634,223.372783,56.783987,0.980101,60.021518,40.020805,normal
96.733105,207.534140,110.474144,0.769225,60.108415,61.825343,critical
87.357310,218.491817,86.925400,0.945725,60.062809,47.622912,warning
75.436623,241.635983,76.027150,0.911797,60.052555,50.805075,warning
84.508974,216.202461,87.569842,0.926349,60.035298,53.328678,warning
55.118394,223.264247,57.793375,0.972958,59.991249,40.807023,normal
59.764488,232.685235,56.385690,0.964624,60.029060,40.274652,normal
38.580474,225.831397,42.600302,0.965900,59.986272,33.586352,normal
104.772157,197.156980,111.314683,0.840132,59.979093,64.804499,critical
97.181295,239.934828,100.252951,0.800679,59.892744,67.647597,critical
58.245074,230.453908,63.634014,0.953073,59.973211,38.924926,normal
50.156544,235.097381,48.075228,0.957661,60.023570,31.381747,normal
82.740602,216.288851,85.901314,0.899746,60.022023,56.847056,warning
54.067814,230.192479,62.723773,0.973708,60.016494,41.778765,normal
107.000795,197.080903,123.386497,0.824389,60.200220,64.452436,critical
57.008592,220.126729,48.898453,0.950387,59.943490,39.233903,normal
54.183309,228.002569,54.275218,0.971511,59.964522,32.372100,normal
63.006432,227.999177,59.584481,0.934042,59.996496,43.951178,normal
81.536596,207.123592,80.883914,0.897898,59.900885,42.657606,warning
54.543505,227.670376,56.791188,0.976620,60.000192,37.764361,normal
90.729648,204.382035,90.439896,0.842864,59.522517,67.153899,critical
89.497842,205.826925,79.578682,0.845153,60.196604,73.114642,critical
68.263538,213.913439,70.948339,0.933379,60.017200,52.283553,warning
103.272433,218.928054,110.101027,0.804468,59.790990,69.533115,critical
86.125273,240.680473,87.447043,0.927100,59.996766,47.659200,warning
96.742561,242.323316,94.265947,0.907329,60.153350,63.234423,critical
43.424671,226.106307,49.717648,0.975081,60.036449,39.904090,normal
40.780011,220.334678,35.857597,1.000000,59.954511,35.601770,normal
76.135919,239.933210,63.847248,0.910424,60.209668,39.717133,warning
98.543181,202.292983,112.303546,0.843008,60.061819,63.433179,critical
105.900381,197.805340,95.537521,0.874164,59.808769,67.522971,critical
74.444414,233.778685,74.377020,0.906349,59.881060,55.447251,warning
77.321865,206.827481,78.092844,0.952066,60.005378,41.671458,warning
97.346031,244.585627,103.555600,0.890458,59.807938,65.484765,critical
53.373462,231.798874,55.568189,0.948790,60.025201,41.364125,normal
93.170601,203.329512,95.711683,0.860418,60.165598,67.848088,critical
85.595700,239.780469,89.020992,0.933248,59.970615,58.581576,warning
93.214148,203.245734,92.216253,0.882394,59.915339,43.477731,warning
105.545741,241.370239,101.256185,0.836397,59.784886,60.677019,critical
82.346536,209.626054,81.341790,0.934513,59.991761,45.978206,warning
58.822892,227.762662,63.847535,0.927354,60.001017,40.320520,normal
93.587509,214.148835,94.429297,0.905811,59.887364,76.615814,critical
99.752791,203.985670,90.732888,0.854557,59.984901,55.414786,critical
54.957054,228.606049,57.067212,0.954712,59.989492,46.427528,normal
107.343741,197.187830,114.755546,0.848477,60.047763,72.021689,critical
47.759203,224.614324,44.967967,0.978660,60.016286,40.084474,normal
27.735705,232.765663,20.693394,0.977573,60.071075,37.245450,normal
32.069720,226.405466,31.281940,0.938944,59.939273,40.674797,normal
45.539796,226.373258,37.323362,0.951736,60.042356,40.909804,normal
81.168646,224.896558,85.404173,0.936304,59.942833,47.767700,warning
55.294026,228.785141,61.092569,0.967672,59.995031,40.562025,normal
85.903800,217.712080,91.056197,0.941491,59.953143,48.875080,warning
75.292665,241.393744,76.334947,0.901763,59.979439,42.898468,warning
103.416352,200.540855,117.549930,0.893307,59.394137,62.929220,critical
45.774709,225.415186,56.738697,0.964154,59.940386,33.616304,normal
102.441798,202.920171,110.475475,0.853029,60.211024,57.389251,critical
36.941268,229.483622,31.625050,0.969655,60.042377,47.099796,normal
79.645728,239.835047,86.470749,0.923086,60.026560,48.010361,warning
47.391021,233.008445,47.141652,0.952655,60.018458,42.281258,normal
81.777790,225.768996,83.978779,0.891236,59.970397,43.750664,warning
50.450680,224.909464,44.217180,0.986936,60.059183,30.717711,normal
85.884013,217.403930,90.803612,0.861423,60.011635,58.303914,critical
76.237253,238.168423,66.190104,0.918475,60.109527,52.032415,warning
64.812793,225.775796,64.768092,0.957115,59.978749,38.173657,normal
50.664252,229.684407,44.975082,0.960644,59.987881,42.326937,normal
67.175244,218.305781,60.641929,0.949184,59.898997,60.454879,warning
97.147356,220.408421,82.096230,0.848761,59.728538,76.159249,critical
86.120041,214.024970,88.564637,0.890253,59.935686,42.881389,warning
53.023803,231.572561,52.454424,0.991096,60.014140,38.187652,normal
55.675924,229.920892,66.476903,0.981074,60.003683,36.071651,normal
47.942280,235.329785,49.237518,0.967292,60.073504,39.317952,normal
92.647150,203.507745,92.761972,0.839364,60.399995,68.812751,critical
78.690339,239.512341,77.603042,0.917816,60.151381,56.152242,warning
72.539664,216.430883,66.499614,0.891267,60.145587,49.650641,warning
34.268295,233.262448,30.431698,0.915315,60.059481,36.320732,normal
82.599562,225.818473,80.627820,0.950417,59.835497,55.269466,warning
72.993080,225.235937,80.739080,0.944661,59.942329,48.474793,warning
89.447098,217.599919,78.712643,0.886167,60.000024,50.531212,warning
48.591690,226.320272,50.405159,0.943282,59.997717,37.979361,normal
46.619235,226.480572,44.081687,0.965907,60.033543,42.024930,normal
79.548277,211.840597,80.695855,0.935109,60.260343,48.000092,warning
77.310372,217.151747,71.218334,0.974543,60.049074,52.649731,warning
89.324784,198.726313,95.720565,0.841481,59.889723,63.640089,critical
84.222421,221.253467,82.810716,0.951450,59.964479,46.878866,warning
42.891894,231.026060,39.397161,0.959638,60.038843,36.329791,normal
88.224131,231.514555,94.369716,0.893997,60.159846,48.311438,warning
36.382737,223.355918,33.140510,0.960293,60.054328,39.714519,normal
67.787256,223.149296,72.273169,0.972543,59.961224,45.784368,normal
47.680177,226.397727,53.982398,0.961515,59.974546,35.162053,normal
85.311222,227.895683,77.248601,0.914292,59.943347,51.717305,warning
55.937563,228.319257,56.591011,0.958009,60.022250,39.753403,normal
49.272165,220.905335,51.807259,0.939149,60.024904,42.645540,normal
81.074547,216.936462,79.516117,0.895800,59.940419,51.439873,warning
80.295896,217.304294,80.356891,0.913906,59.916888,54.634962,warning
78.216362,219.331777,92.318936,0.926473,59.884487,50.086110,warning
75.625454,212.719450,80.843798,0.947481,59.961462,34.525348,warning
90.247651,223.615927,91.314259,0.929588,60.067961,49.223144,warning
51.099389,230.612374,55.907367,0.951210,60.062324,40.254419,normal
95.104934,245.682420,99.105718,0.794037,60.047235,68.681568,critical
58.265801,224.502754,59.862615,0.971497,60.031437,43.447522,normal
47.236673,228.853598,44.621548,0.981274,59.978359,41.297771,normal
82.486937,218.414026,78.948964,0.906198,59.819705,47.611099,warning
83.624183,242.472898,78.754262,0.921238,59.862297,52.677716,warning
77.945269,209.298640,81.976872,0.895104,60.060981,53.314734,warning
101.901609,206.791242,92.843077,0.825051,60.319836,73.697536,critical
67.569736,229.839936,68.084772,0.958048,59.962750,42.595398,normal
78.000037,215.502912,82.125967,0.896019,59.967802,61.473601,warning
98.097830,203.752915,83.957525,0.930152,59.669417,64.047607,critical
61.417135,227.441218,59.391407,0.993697,59.992162,39.983470,normal
98.395815,213.842006,99.755513,0.857818,60.169028,69.059256,critical
79.127325,229.240109,74.581656,0.904102,59.932934,53.541798,warning
44.213316,227.189787,46.098937,0.953088,60.022022,41.259966,normal
92.817978,218.799606,99.982083,0.902868,59.872844,50.543213,warning
83.912978,211.988855,97.314721,0.915432,60.181561,47.524508,warning
55.772817,228.947804,65.420592,0.962622,59.993889,32.828068,normal
55.564861,224.095334,52.693961,0.945118,60.008578,42.811057,normal
99.228950,206.444179,107.332585,0.865871,60.173348,58.365104,critical
64.227197,227.565887,76.030338,0.973378,59.994522,37.182306,normal
50.676626,227.583457,41.959004,0.987773,60.010717,41.801383,normal
57.001056,230.466162,52.496151,0.973848,60.073798,44.769966,normal
81.144013,217.981382,89.638286,0.906546,60.081427,53.306156,warning
84.287306,238.036085,79.970433,0.894577,59.874739,56.684891,warning
50.060972,223.981803,58.831650,0.946699,60.041473,40.871762,normal
113.526143,212.868687,118.936884,0.830112,59.786898,64.977715,critical
100.697616,197.987063,107.476396,0.796851,59.798593,68.341137,critical
45.304246,220.696176,43.818055,0.962070,60.024631,37.953230,normal
50.837961,229.899066,49.835874,0.944176,60.040401,42.773001,normal
64.075434,224.942346,59.123534,0.963814,59.991310,28.697464,normal
62.717824,214.673663,62.593165,0.963539,60.017675,52.991240,warning
55.566921,231.764464,56.043355,0.984003,60.032556,40.145950,normal
69.410838,235.749586,63.724456,0.907843,60.012101,43.650883,warning
85.142258,222.367402,84.980971,0.922323,59.962097,41.593936,warning
52.719429,229.531296,52.748491,0.941771,59.894734,38.427055,normal
98.597246,243.751295,99.708318,0.845359,60.047745,69.953321,critical
70.325011,223.328662,71.053135,0.894964,60.096526,46.272187,warning
50.731726,229.596134,49.619877,0.972211,60.032098,47.242450,normal
84.268134,215.744718,89.444275,0.955418,60.118515,54.073776,warning
66.145437,218.229046,70.601415,0.929324,59.913388,38.092309,warning
76.345572,235.566797,75.732354,0.890401,60.076051,57.251304,warning
57.559092,222.562479,50.897302,0.952963,59.958960,36.744265,normal
51.084679,224.191182,50.661730,0.954195,59.985414,46.580223,normal
60.444023,224.504080,62.014439,0.960288,60.021446,38.595293,normal
76.171606,229.222761,79.848946,0.917733,59.963546,54.975144,warning
56.186290,225.913007,56.093653,0.956082,59.981410,41.249667,normal
50.377336,224.113986,48.037852,0.961199,60.015863,39.035447,normal
62.875092,233.435277,57.779068,0.984635,59.997874,41.083467,normal
80.457191,214.878639,82.433436,0.937801,60.032535,55.639672,warning
72.230809,217.518182,77.725653,0.931752,60.069424,50.393468,warning
48.305477,222.458913,52.481466,0.973238,59.986023,34.628908,normal
61.907857,234.689454,56.377350,0.947135,59.959242,36.633044,normal
54.787698,221.995035,60.779478,0.937214,59.989695,38.491197,normal
71.496182,214.385615,71.297772,0.917057,60.042356,57.818956,warning
97.404569,199.359616,94.936902,0.826732,59.728164,63.352395,critical
89.883431,216.983201,84.578449,0.908185,59.987350,45.082963,warning
50.988354,228.195632,43.757766,0.956495,60.018415,44.723226,normal
54.729533,223.809599,51.129304,0.953164,59.992658,42.613888,normal
70.023767,233.902555,69.154505,0.965227,59.955902,41.066886,normal
71.417890,237.986900,67.845259,0.923149,59.833699,45.741907,warning
76.162159,218.125784,82.279734,0.907275,60.018979,45.770730,warning
65.624440,223.706826,68.082520,0.988558,60.000427,35.694771,normal
59.075817,214.502810,58.751334,0.948103,60.043665,37.379870,normal
75.244243,215.793040,73.067384,0.882165,59.875955,46.125992,warning
38.453196,234.191065,34.209960,0.968510,60.079753,42.386215,normal
49.589191,223.830404,58.090224,0.949160,59.958147,39.609904,normal
90.928727,217.762840,92.498911,0.893781,59.840539,47.214065,warning
104.296182,246.400272,120.759821,0.837196,59.766031,71.284152,critical
76.328439,228.224649,71.731380,0.894570,59.931379,60.561765,warning
83.349394,218.050278,90.894824,0.941751,60.092400,49.643963,warning
98.663380,241.976083,99.186403,0.842007,59.756338,63.127791,critical
62.494377,230.082055,53.156538,0.961587,60.051692,37.786713,normal
48.578479,228.921580,55.317543,0.949693,60.008096,41.520007,normal
49.617406,225.049752,48.989840,0.970587,60.099602,41.992962,normal
80.926453,220.150841,88.265619,0.936107,60.055857,53.155497,warning
60.471518,230.605408,54.277979,0.963066,60.062096,41.050974,normal
45.994214,227.341366,47.054352,0.940548,60.029391,39.462665,normal
72.549889,216.551837,78.808293,0.922987,60.012226,51.672899,warning
60.317061,221.171007,63.002681,0.974556,59.991098,29.803568,normal
53.201416,228.504913,48.416941,0.965143,59.964518,38.321539,normal
46.796856,225.944072,50.450161,0.978821,60.001188,36.539268,normal
102.201866,210.404140,95.613898,0.859259,60.186754,57.626952,critical
45.814973,228.579967,50.293253,0.956443,59.997236,40.436872,normal
95.878133,218.722053,93.778040,0.921241,59.999757,48.889641,warning
70.558214,217.497021,64.566947,0.850864,60.011612,47.938104,warning
83.938496,227.607646,73.332951,0.891262,59.877370,43.398673,warning
102.679314,244.569751,103.281034,0.867285,59.629234,68.990718,critical
40.639491,230.015477,38.844548,0.956181,59.998793,44.391544,normal
60.360781,229.601761,59.546646,0.957665,60.028040,40.746292,normal
96.307708,250.004975,91.431979,0.805183,59.669441,73.698088,critical
56.848487,227.658613,62.892115,0.975923,59.987405,38.347411,normal
72.562178,228.307936,76.545831,0.893529,59.929703,54.595481,warning
93.169445,212.021194,103.600388,0.890192,59.833889,49.780147,warning
44.209713,230.209424,38.315652,0.966217,60.037888,37.835991,normal
111.252837,203.640327,117.488865,0.812823,59.567102,73.996492,critical
56.673857,225.902537,58.682576,0.943676,59.983115,39.741955,normal
53.578576,219.010149,44.641123,0.953998,60.016684,42.892860,normal
92.659967,244.168675,90.027174,0.846722,59.841504,56.688647,critical
88.677647,240.183183,86.153853,0.863635,59.976898,53.619996,warning
81.879331,219.863804,75.459470,0.912848,60.077860,49.240147,warning
92.792840,247.867581,96.617838,0.868695,60.288530,59.805008,critical
52.933494,231.159202,56.179775,0.969657,59.926970,45.910088,normal
45.292700,220.912968,44.454121,0.945791,59.945861,38.894368,normal
63.014199,233.033927,58.763392,0.990221,60.031210,37.234830,normal
53.825479,223.948459,51.651614,0.978915,59.977355,42.523193,normal
81.594474,231.628651,84.088220,0.974853,60.025323,55.113420,warning
58.530905,226.351640,51.268030,0.969103,59.898588,36.109602,normal
110.667711,242.481669,115.734657,0.823342,60.027736,66.188322,critical
53.762515,233.101436,55.382084,0.966693,59.945039,38.007084,normal
80.185060,219.542939,86.529306,0.950554,59.944153,60.980464,warning
110.160139,241.955475,113.127843,0.867444,59.423366,75.511269,critical
74.421588,232.978739,80.863919,0.871211,60.071912,55.855841,warning
48.242993,233.324667,54.053793,0.958085,60.010204,43.114066,normal
114.517121,205.958088,108.216007,0.844344,60.041056,59.871783,critical
76.571147,226.625672,80.897263,0.856891,59.843349,49.009972,warning
81.950624,218.717869,79.990247,0.941760,60.194476,54.393123,warning
100.616445,209.870754,112.912476,0.870486,59.976195,64.142332,critical
81.687256,211.478553,87.162257,0.906900,60.033849,47.810464,warning
56.231195,238.877156,55.613306,0.964516,59.937884,34.236907,normal
64.847863,228.618207,58.704596,0.966381,60.009504,37.016888,normal
79.786586,223.106574,78.620774,0.914517,59.839034,43.307798,warning
75.318776,209.152284,76.417988,0.916692,60.027223,45.844154,warning
56.586386,232.410884,51.190482,0.972477,60.044912,42.989240,normal
50.683578,233.791322,48.403055,0.978461,59.917818,38.841401,normal
51.387752,227.646843,56.803647,0.950406,59.980507,41.152964,normal
73.102664,241.510618,81.484000,0.896436,59.852366,59.479745,warning
84.561471,239.489539,95.151674,0.955207,60.036362,43.930193,warning
73.226738,211.597678,70.470893,0.936112,60.055035,51.233319,warning
60.888822,220.880536,67.614347,0.982947,59.954746,38.389876,normal
108.783777,205.971966,131.052020,0.784599,59.949178,67.468365,critical
45.142468,224.337254,49.818962,0.971391,60.030282,38.820680,normal
78.648601,238.888341,85.778205,0.909375,59.866877,50.799275,warning
98.774073,210.444503,98.997541,0.857648,59.800646,79.493231,critical
103.935672,221.102094,99.587453,0.866791,60.129750,60.180408,critical
48.694820,230.594387,41.838515,0.954466,60.010239,40.389667,normal
77.553673,241.489632,74.316994,0.918269,60.051925,46.812395,warning
51.904265,219.257875,53.493423,0.966498,60.044940,41.283609,normal
55.449424,221.838397,54.946021,0.962856,60.035669,41.193413,normal
68.023834,216.653033,66.671901,0.913219,59.930273,51.238051,warning
36.675744,225.521211,35.076634,0.959030,59.984894,39.303278,normal
92.449450,195.425711,96.811917,0.837326,59.706060,69.674028,critical
65.539574,234.268003,66.246617,0.962507,60.041314,44.055887,normal
55.386905,237.620463,57.405778,0.944967,60.029167,37.256824,normal
90.616657,213.955685,87.394141,0.879022,60.141996,52.331102,warning
54.751331,230.251760,55.827272,0.957681,60.079439,34.003690,normal
51.390123,230.437476,59.126856,0.989556,59.979180,42.038547,normal
74.524203,239.595856,69.826090,0.946346,59.864704,50.571011,warning
51.874307,224.902080,52.370490,0.973252,59.969326,47.088048,normal
76.157453,229.980355,73.505022,0.944061,59.945458,35.861587,normal
75.784721,220.409186,83.318053,0.930314,59.986645,53.113184,warning
88.025737,223.904079,92.007037,0.890858,59.887541,54.077531,warning
78.710913,223.509682,87.168447,0.940749,59.865230,42.898611,warning
98.216029,217.484628,100.137019,0.795189,59.837201,58.018221,critical
102.389747,189.829339,88.682591,0.853979,59.866200,76.459677,critical
100.775966,200.502749,107.323125,0.768535,60.309668,68.980790,critical
43.460575,229.760831,42.405152,0.980400,59.938969,39.436867,normal
62.195885,223.779685,56.318545,0.967291,60.004442,34.731837,normal
72.889069,217.495299,73.899241,0.929348,60.089691,42.216321,warning
99.595393,245.832589,90.121005,0.855842,59.856225,57.278536,critical
75.455316,220.973450,66.985634,0.963945,59.985834,38.015129,normal
62.446830,226.831810,55.794016,0.966756,60.049056,40.277134,normal
86.826197,206.338315,87.074104,0.930619,60.127586,48.382282,warning
98.881930,202.323189,104.076634,0.887319,59.930445,59.189238,critical
62.902576,228.069295,65.349321,0.968458,60.049300,40.355271,normal
82.080744,203.337966,77.732123,0.934899,60.026186,51.481529,warning
81.635407,239.309958,85.806726,0.950539,59.933024,53.887778,warning
103.456666,211.393835,103.010557,0.909853,60.004719,62.249557,critical
81.550845,210.030060,86.905705,0.931379,60.021712,52.038391,warning
56.902223,229.388789,61.741540,0.974602,60.003615,50.054629,normal
91.344058,197.540660,100.445699,0.817044,60.252414,57.192597,critical
51.492082,226.526982,49.330819,0.966249,59.999115,41.954256,normal
66.967604,237.158948,61.050395,0.955184,60.008239,36.823616,normal
88.534047,215.380378,79.236246,0.880125,59.900671,63.883724,warning
112.253613,204.914279,123.715298,0.839761,59.855806,67.884791,critical
112.888373,203.244332,106.407115,0.851215,60.113058,72.911586,critical
71.225529,225.923687,70.529114,0.973906,60.015461,46.183762,normal
73.980224,220.458442,67.757200,0.907164,59.953002,45.238234,warning
57.883172,233.010265,51.104449,0.966581,60.049276,39.340118,normal
92.220868,212.864353,90.779562,0.899078,59.944963,65.093234,warning
96.721325,208.412423,95.322571,0.822522,60.058821,65.762610,critical
53.643330,229.258382,52.066198,0.958800,60.010257,48.198816,normal
72.941668,223.733948,67.431761,0.874885,59.965371,42.474930,warning
106.508306,203.349157,110.652940,0.808109,60.425180,68.460251,critical
49.213906,232.750676,58.482131,0.957022,59.935918,38.488525,normal
108.474500,213.329874,110.689759,0.826771,60.091731,69.061082,critical
63.859761,227.857410,61.506113,0.993483,59.995264,36.278243,normal
69.179491,228.429940,72.448918,0.973354,60.025958,38.685615,normal
99.547964,244.391839,106.707938,0.776858,59.956839,68.589189,critical
47.059264,232.639635,49.097137,0.945873,60.014552,44.960948,normal
63.533994,227.930761,66.807159,0.980006,59.964690,38.884361,normal
57.331083,225.704289,54.455327,0.940351,59.950277,36.299864,normal
103.292574,201.666397,103.010664,0.787537,60.331570,68.382446,critical
88.653957,222.963439,91.468595,0.910332,60.052180,51.999284,warning
89.338655,223.404502,93.345496,0.880820,59.948339,50.192604,warning
112.069300,196.729713,117.357281,0.822608,59.793085,61.073092,critical
102.913852,249.753887,99.604855,0.844738,59.720215,68.054586,critical
53.168061,232.973964,56.084195,0.990228,59.968225,39.842761,normal
43.128347,225.715852,47.076572,0.970177,59.992836,39.427592,normal
42.705756,232.570152,58.751715,0.967907,60.031300,39.602200,normal
71.251490,238.348785,63.120148,0.952546,60.079341,51.073544,warning
57.516729,228.091533,58.231590,0.951238,59.975666,35.404999,normal
88.196321,209.279156,94.390994,0.788111,60.469263,62.432913,critical
63.088432,235.575586,63.215629,0.963409,59.987123,38.514641,normal
49.966333,223.737914,42.779480,0.959167,60.029087,34.584593,normal
75.603336,219.045818,73.842372,0.912706,59.814103,53.331811,warning
97.636568,220.899459,103.231926,0.895694,60.053461,50.759769,warning
56.164221,227.095165,58.149250,0.973539,59.980995,39.134554,normal
87.928629,209.557335,91.155097,0.923074,60.135018,47.933244,warning
108.051193,243.360780,105.497548,0.903429,59.852902,69.065646,critical
46.400720,223.597762,48.883732,0.960996,59.993160,39.065585,normal
53.994188,232.679001,55.213309,0.963422,60.054033,31.456331,normal
78.253663,222.125828,85.402912,0.919648,59.982338,52.904495,warning
64.508658,230.333671,57.113213,0.962007,60.009703,39.556647,normal
83.622518,196.152299,83.422047,0.907880,59.957270,51.519074,warning
62.533645,232.113322,58.083234,0.986703,59.970663,36.154293,normal
80.414902,236.684930,77.734252,0.922293,60.071425,53.017153,warning
57.777990,238.936753,58.020195,0.942250,59.973435,36.771583,normal
58.832029,228.935078,53.562039,0.920264,60.006823,37.370505,normal
54.598219,230.980608,55.206003,0.964725,59.998292,42.086495,normal
80.487208,218.475207,83.450486,0.907256,59.888602,52.359319,warning
60.831280,224.006404,64.706248,0.955308,59.990659,36.041230,normal
41.325436,225.695658,30.300539,0.952237,59.976539,38.215841,normal
47.250362,220.511699,40.320954,0.979743,60.011864,47.848011,normal
80.032351,220.310508,86.312900,0.931048,60.051363,55.751666,warning
111.241497,246.128349,129.755719,0.818806,60.093846,66.629398,critical
59.770243,223.954594,63.815134,0.965749,59.969162,42.020899,normal
99.217070,241.846536,109.015310,0.877676,59.815859,60.178270,critical
54.941966,220.281518,53.818443,0.961540,59.961234,42.533060,normal
89.668552,205.576937,94.341124,0.923510,59.978553,61.332040,warning
44.295903,227.739743,48.169838,0.978022,60.016018,39.926995,normal
55.918509,236.333878,59.956361,0.976418,60.036296,41.069600,normal
90.896359,193.687075,100.583439,0.853214,59.917679,71.247419,critical
108.618041,242.861495,114.230369,0.804002,60.066293,61.825242,critical
61.343801,228.790048,55.454624,0.950686,59.968681,29.283847,normal
48.237258,214.855690,46.041073,0.965518,59.988462,40.858728,normal
54.044698,228.431402,45.539497,0.960814,60.007830,38.697943,normal
84.687608,217.851088,88.323139,0.914885,59.957558,50.868255,warning
84.089220,214.949933,75.893792,0.911593,59.916227,58.041506,warning
93.206477,225.036218,104.120168,0.914720,59.936219,56.755896,warning
82.249965,218.154426,75.803611,0.916405,60.027097,50.162715,warning
75.723066,220.501549,86.079263,0.903453,60.075906,54.340079,warning
88.844548,212.821247,83.135618,0.919305,60.002340,54.363014,warning
43.401873,237.662053,45.176968,0.946137,59.966711,37.777631,normal
99.052240,241.245931,112.530781,0.814989,60.177884,66.263902,critical
65.096483,221.261701,60.628506,0.949078,60.010251,38.618023,normal
103.008697,197.612166,114.787446,0.806612,59.350846,77.908929,critical
80.551651,239.433291,87.133867,0.895493,59.963141,49.504129,warning
53.276791,222.154932,58.342194,0.957382,60.047215,37.195289,normal
51.927339,226.044688,61.207942,0.973610,59.939537,41.361501,normal
49.587462,231.962820,51.062098,0.980270,60.013726,46.825695,normal
95.932311,204.511177,100.073718,0.933607,59.896843,70.680457,critical
37.838194,233.545831,31.617943,0.976624,59.945454,39.011767,normal
80.072114,205.704443,78.585119,0.910707,59.975232,46.436683,warning
99.486389,210.956888,99.273918,0.819587,60.294873,61.467571,critical
77.085921,204.811849,69.040251,0.915133,60.045224,46.793548,warning
101.600292,242.485436,117.196774,0.843008,60.078071,68.357180,critical
32.004119,229.748371,33.158009,0.939304,60.007044,40.360148,normal
76.043812,224.706038,84.673169,0.902724,59.946372,50.743157,warning
57.425974,229.372332,68.020653,0.973657,60.021525,37.754860,normal
72.294284,226.208947,72.381215,0.930754,60.052356,53.721205,warning
65.371272,228.366846,75.012166,0.938328,60.018836,49.301982,normal
65.546310,227.877047,60.958682,0.940976,60.028787,38.060874,normal
95.048232,213.931257,91.155937,0.794969,59.736355,64.857830,critical
50.796886,226.141859,49.624764,0.944058,59.932913,33.798217,normal
45.618478,231.471359,47.201598,0.975876,59.998114,32.843036,normal
75.774951,215.881182,69.908793,0.936586,59.998598,56.477048,warning
46.912724,231.943620,51.461375,0.971869,59.987167,42.257726,normal
52.169691,226.943107,51.196675,0.949589,59.955462,44.272511,normal
107.188832,189.484000,102.331425,0.860823,60.025680,64.652069,critical
91.868195,242.272067,94.160007,0.796266,59.770597,68.898206,critical
58.652558,227.985879,62.454854,0.958003,59.995807,38.679862,normal
89.682493,200.840478,98.988711,0.777882,60.290051,66.532500,critical
77.897373,213.460510,90.566701,0.912812,59.944404,50.013881,warning
90.081349,210.637101,93.407000,0.875140,59.967119,45.046998,warning
81.396625,237.943581,91.370609,0.937177,60.099663,47.237986,warning
95.922615,242.801701,94.593396,0.857593,59.923677,63.566103,critical
114.422490,204.461165,118.443236,0.827612,60.045915,60.244242,critical
72.132693,205.378673,78.202061,0.964393,59.928492,44.843719,warning
61.740670,230.191188,59.452590,0.973140,59.997828,44.152703,normal
57.946742,221.668290,70.986795,0.963838,60.022465,40.540271,normal
113.236740,209.526770,115.712916,0.849830,59.634593,71.154297,critical
103.602930,246.272280,105.452233,0.844845,59.840123,70.955364,critical
57.473203,228.909615,54.682972,0.949302,60.049215,35.505471,normal
107.163679,239.898648,116.679824,0.830220,60.113758,51.989491,critical
87.287764,207.153296,89.189135,0.915394,59.928097,47.851874,warning
48.288240,231.629739,45.113458,0.956504,60.012170,42.879219,normal
106.652078,242.500660,111.103225,0.854083,60.043614,62.390397,critical
86.132164,241.283190,90.837547,0.896810,60.085089,52.103610,warning
76.267102,239.156270,81.384428,0.901652,60.067697,48.743589,warning
51.699119,230.701648,50.090423,0.984688,59.976325,37.526027,normal
49.966488,225.687998,50.353937,0.956557,60.027505,44.222384,normal
86.346356,247.704140,87.932265,0.827249,60.129505,70.791240,critical
55.756437,227.294261,54.158315,0.976546,59.920448,36.193567,normal
108.925888,206.128177,119.190170,0.844039,60.369959,74.483315,critical
53.110293,230.240798,65.272064,0.979692,60.042483,36.063238,normal
101.583586,206.972377,96.918979,0.860860,59.938901,66.957457,critical
49.309329,227.380904,44.730416,0.964976,59.998074,44.138815,normal
88.375269,239.187544,85.948070,0.899825,60.082880,51.449657,warning
57.751413,225.554060,59.974545,0.979129,60.044590,25.805372,normal
57.295306,225.283422,49.719507,0.955977,60.029106,35.615576,normal
56.527390,229.769321,46.592862,0.953018,60.004839,40.994406,normal
116.230720,205.345804,127.488646,0.849238,60.353368,52.703125,critical
63.791700,224.764116,67.808459,0.976664,59.976930,35.235471,normal
75.264450,239.865510,81.155915,0.879647,59.949204,47.992013,warning
66.075828,228.290632,66.569958,0.952960,60.041546,35.404250,normal
45.987328,230.593736,33.786752,0.935369,59.936998,34.850091,normal
101.810300,200.516250,99.419677,0.866416,59.827529,62.770161,critical
54.873825,223.077000,50.909013,0.962249,59.993533,39.963260,normal
100.862201,246.353582,103.605960,0.803169,60.010105,70.368266,critical
49.017540,223.403778,50.972503,0.954791,60.028091,32.364493,normal
63.635866,210.563691,61.771056,0.891831,59.910191,53.183336,warning
94.297266,197.474494,97.765608,0.836044,60.011011,79.323528,critical
57.623970,228.974377,55.810896,0.977408,59.985046,34.724017,normal
59.937410,231.869567,58.528757,0.950158,59.968670,40.150605,normal
98.178643,199.504893,109.108585,0.817413,60.347081,69.650117,critical
110.213092,241.196698,115.272945,0.802284,60.195279,67.547431,critical
47.982834,229.007818,43.939088,0.975843,59.973377,31.878716,normal
57.725331,236.878498,52.941380,0.976757,59.984979,30.085875,normal
81.590633,212.242386,72.609017,0.871075,59.916040,38.527137,warning
86.729846,242.024279,81.372089,0.900049,59.969654,54.903427,warning
102.771803,247.074586,96.742656,0.794678,59.639675,61.738479,critical
51.485165,231.543395,55.245645,0.953724,60.016991,45.827993,normal
74.173849,213.136110,75.178461,0.898408,59.962307,61.027837,warning
42.681362,232.874204,32.140382,0.968446,60.035236,36.749091,normal
78.438411,212.468635,77.501396,0.901313,59.934436,59.588275,warning
55.351152,226.350254,59.551826,0.970662,59.922329,39.985280,normal
47.001814,228.511504,47.300791,0.970534,60.021449,32.173188,normal
79.776537,215.296700,74.438245,0.865993,60.022839,52.462699,warning
45.863469,224.695113,41.742204,0.971326,60.038282,34.299969,normal
101.870883,200.079135,108.603450,0.764599,59.873856,62.150157,critical
99.628583,244.867098,115.999763,0.808370,60.378194,70.524358,critical
51.334933,232.594698,49.966759,0.976957,60.017007,34.852885,normal
77.075091,218.863285,82.613157,0.928717,60.045919,57.256205,warning
83.571420,220.058308,89.064723,0.932889,60.086750,46.672716,warning
89.778610,211.551006,96.933275,0.902937,60.064892,48.757722,warning
97.627692,205.716485,99.588772,0.866304,59.923244,67.077619,critical
73.198385,198.218264,83.263732,0.877005,60.058341,54.765984,warning
75.826042,226.794380,72.508096,0.908774,60.053818,59.821699,warning
55.197187,230.331848,57.959723,0.970781,60.026864,43.537695,normal
78.486409,220.818243,84.085122,0.934426,59.933816,52.860769,warning
95.493056,207.243256,97.193580,0.823252,60.098805,66.763424,critical
73.049075,219.019038,77.579379,0.910283,59.956842,53.304623,warning
58.781197,223.151432,49.649014,0.980285,59.993846,36.623477,normal
76.284962,218.810621,67.630353,0.924397,60.242073,48.604577,warning
65.559353,219.870318,58.699787,0.968068,59.977061,41.039359,normal
64.121827,229.007529,62.860345,0.998285,60.019880,37.920611,normal
49.976034,226.314808,49.850094,0.984923,59.941648,42.269035,normal
57.664583,229.637138,53.348569,0.979160,60.018352,34.771199,normal
38.758262,232.316450,32.880238,0.990317,60.029623,34.197446,normal
51.172723,230.400548,57.080272,0.935848,59.989086,39.644759,normal
84.839878,243.495532,90.755126,0.980421,60.049019,56.930707,warning
94.770923,208.222486,105.667148,0.901002,59.828414,78.701808,critical
45.541562,225.808907,46.688179,0.997736,59.946233,37.545345,normal
62.445059,230.224163,52.658104,0.951336,59.969953,34.002360,normal
73.722689,212.527288,73.759237,0.887346,60.059279,45.277788,warning
112.113124,210.003027,119.727001,0.854042,59.529032,64.442163,critical
61.877586,226.159146,60.827322,0.931868,59.953450,44.561467,normal
98.672977,245.207868,104.013377,0.898387,60.080732,68.111265,critical
98.580754,241.004718,107.778823,0.783619,59.851564,57.320157,critical
44.772188,228.769501,36.079415,0.980275,60.033768,39.839465,normal
61.900445,223.640249,63.423180,0.965589,59.940064,33.589033,normal
64.385083,226.669569,61.147793,0.945399,59.943257,34.176739,normal
65.229272,221.987176,64.018522,0.972930,60.016358,38.035385,normal
43.984092,239.737822,51.018689,0.963297,60.012019,38.724634,normal
42.987500,230.064514,41.577557,0.950778,60.009435,42.497733,normal
91.522963,200.614473,95.899213,0.761852,59.459201,63.284138,critical
45.400292,233.178906,36.368192,0.968475,60.008162,41.602776,normal
54.594377,229.346389,59.134484,0.963833,60.036400,45.439368,normal
105.389065,202.410566,109.477858,0.793308,60.281851,67.916451,critical
52.996910,224.383731,49.886039,0.983416,59.953361,33.957833,normal
30.339908,224.116703,24.026813,0.978474,59.981124,36.782722,normal
102.667862,205.497079,102.526204,0.831600,59.754950,54.811690,critical
99.300783,217.263185,100.637341,0.799569,59.854394,74.239873,critical
79.226966,212.739758,75.983791,0.888700,59.864374,57.499835,warning
103.738258,245.224825,110.294967,0.881820,59.973104,70.217629,critical
99.565861,240.992130,106.496695,0.903052,59.964250,70.212494,critical
78.751054,217.413279,76.080168,0.926132,60.036456,57.359607,warning
108.597218,193.959581,107.074105,0.917646,60.096807,56.109649,critical
87.987011,214.288380,94.759103,0.915305,59.907317,48.962509,warning
36.692526,230.547407,35.583753,0.997431,60.004630,35.734147,normal
47.222770,222.331128,45.034998,0.979977,59.943131,44.437891,normal
80.129370,217.872080,79.318071,0.901865,60.077033,59.849638,warning
93.009568,222.928198,99.803013,0.846155,60.162919,64.536917,critical
49.421758,232.768560,47.933478,0.968159,60.026795,30.507541,normal
107.560306,243.913620,110.185755,0.863060,59.898247,79.755914,critical
84.047690,218.381082,88.085123,0.904025,60.023015,40.591054,warning
109.256554,212.655679,105.131499,0.788183,59.790294,58.615048,critical
50.664446,230.549109,51.081648,0.963960,59.974521,39.111100,normal
114.589858,209.391042,117.618998,0.808193,60.098842,66.811493,critical
76.480567,216.830853,77.678310,0.951826,59.994098,35.519827,normal
98.484605,202.962091,98.313570,0.828268,60.019544,72.242078,critical
80.172466,216.016772,93.435757,0.910701,60.075738,60.798446,warning
50.398203,229.785723,57.061734,0.942851,60.001351,41.375174,normal
104.913111,204.969131,110.133073,0.834809,60.089298,62.849210,critical
51.651675,227.799974,41.496632,0.947106,60.016872,41.473402,normal
40.949544,226.237416,42.303841,0.955663,59.990534,35.463730,normal
92.642031,218.807763,94.614977,0.927290,60.005442,54.859818,warning
49.694822,220.766453,44.820155,0.967580,59.979870,37.627587,normal
61.399833,229.761888,58.639125,0.987518,60.030902,33.646412,normal
89.412064,211.347344,101.003074,0.852503,60.332318,75.768320,critical
94.606235,237.919044,106.908757,0.875675,59.741366,60.647584,critical
60.978161,226.145465,59.255278,0.965860,59.998681,34.814676,normal
83.379752,219.039146,82.052579,0.940245,60.027422,57.735678,warning
75.597387,211.074749,86.082076,0.929881,60.045774,43.100542,warning
62.024266,219.524591,65.109686,0.968320,60.050095,45.640283,normal
79.921337,212.061032,84.149312,0.872814,60.012759,52.267731,warning
114.735365,208.923949,113.316116,0.820685,60.611913,56.385811,critical
91.033562,215.883903,89.668249,0.947528,59.969112,48.600984,warning
59.874290,223.494023,55.605403,0.971748,59.983971,37.825435,normal
88.492381,224.882838,80.119348,0.871863,59.920446,51.039675,warning
29.243755,220.966879,37.208014,0.942563,59.974284,35.898613,normal
81.476128,215.793026,83.410193,0.911242,60.002643,52.219069,warning
58.412707,227.784186,63.749445,0.968210,59.991706,40.112819,normal
44.088814,224.882838,38.445874,0.945189,60.003786,31.915845,normal
53.765480,228.920724,58.341610,0.926195,59.984205,37.021841,normal
55.689356,230.566069,52.840599,0.979245,60.001548,33.138111,normal
51.727855,239.282379,47.186709,0.959869,60.021394,44.718546,normal
43.357726,222.846375,37.317860,0.969775,60.004355,32.726825,normal
90.800306,214.026587,86.528283,0.935401,59.995358,50.329595,warning
67.645158,226.892422,49.319095,0.972006,59.956618,38.222957,normal
75.826142,238.578203,84.300028,0.893635,59.949183,51.071759,warning
44.981425,226.894257,49.315797,0.962768,60.011826,38.982862,normal
101.606810,212.856043,106.573934,0.816098,60.124327,68.312042,critical
105.723256,205.510606,101.461186,0.817881,59.952882,65.593694,critical
83.430495,222.927212,89.860556,0.868478,59.948031,50.551579,warning
68.175408,228.869502,65.709498,0.941491,60.016626,43.375813,normal
93.475481,236.988362,94.402677,0.842611,60.100792,72.390827,critical
65.274818,234.272657,67.909867,0.892266,60.029945,50.209496,warning
97.859031,247.546927,96.994427,0.840943,60.193495,78.270391,critical
60.468269,229.185316,64.007552,0.952701,60.002030,40.918408,normal
77.989941,225.123018,88.292069,0.928074,59.933546,50.681769,warning
58.647885,220.265957,62.256087,0.966385,59.965986,44.116456,warning
90.791207,205.609201,84.336592,0.831502,59.933188,61.388150,critical
43.095520,225.809475,43.371753,0.975487,59.983386,35.502186,normal
73.951196,222.496704,77.213740,0.925323,59.951401,50.722022,warning
53.994599,228.721455,44.491374,0.955511,60.007185,42.920084,normal
81.223283,218.940124,73.987187,0.916890,59.974460,46.225635,warning
104.636860,200.749990,107.637152,0.860367,59.750623,68.104762,critical
85.745955,216.947720,90.075484,0.939231,59.939015,53.616672,warning
57.017636,224.076196,58.405606,1.000000,60.067348,35.898797,normal
100.426124,221.592261,108.387326,0.830437,59.798278,62.442567,critical
93.068507,224.801469,96.238439,0.950116,60.034273,54.595945,warning
49.847991,233.140074,54.946983,0.963609,60.062898,32.745410,normal
96.804146,219.046574,108.585172,0.861572,59.509696,70.390776,critical
41.205666,239.570588,35.404708,0.935190,59.976988,37.945346,normal
76.258162,223.376819,86.012249,0.932176,59.939841,49.733172,warning
47.427045,225.881336,39.751588,0.969876,60.035039,40.279953,normal
68.742827,230.397412,65.597583,0.954264,59.953887,38.004993,normal
103.368871,200.111935,98.959201,0.788016,60.030911,71.069436,critical
52.005729,223.323699,56.323117,0.960264,59.987572,44.640297,normal
62.619440,223.830472,61.985755,0.974744,59.982752,36.375029,normal
78.386829,223.137652,86.633358,0.925567,59.866621,48.308775,warning
74.911902,229.409197,65.677680,0.962563,60.014681,40.056562,normal
50.917869,231.572284,49.081822,0.970551,59.986510,35.038472,normal
74.152868,227.968764,78.860595,0.947940,60.008375,44.929405,warning
66.493999,211.632601,67.598799,0.934018,59.895538,54.859418,warning
106.036804,204.372339,109.471660,0.836097,59.880861,66.711085,critical
61.498993,226.003757,67.224737,0.955937,59.993447,38.120527,normal
59.096990,231.356308,73.397212,0.964954,60.007328,43.907834,normal
63.755261,222.467201,74.707678,0.965028,60.006127,41.375781,normal
55.844058,228.806897,58.999438,0.968960,60.082893,35.403761,normal
69.041867,226.171803,54.783683,0.959533,60.039306,40.171070,normal
52.524561,228.871342,55.550938,0.962400,60.002683,40.385142,normal
47.125526,228.754777,53.382652,0.969855,60.010900,43.526494,normal
103.557270,201.154573,105.854291,0.861997,59.959913,72.903968,critical
52.783252,232.931010,46.799861,0.956584,60.038838,38.897883,normal
74.516138,240.799353,89.383211,0.898873,59.930824,53.533629,warning
85.719718,206.762968,81.055774,0.907860,59.862055,52.134234,warning
100.778956,211.078272,112.205521,0.792092,60.357552,64.232968,critical
84.802390,219.427765,89.507361,0.904884,60.002955,47.947338,warning
87.173213,224.266870,86.475575,0.922904,60.036523,44.546213,warning
65.692260,218.071954,48.556554,0.921111,60.108535,53.589664,warning
73.796376,237.232606,74.393801,0.901068,60.143558,48.121283,warning
91.351591,204.475571,96.779830,0.812005,60.082576,66.803917,critical
79.379676,239.666139,84.355258,0.884632,59.981846,58.261122,warning
85.096615,220.735486,87.126297,0.884086,59.725146,52.204184,warning
97.828018,193.925046,97.018824,0.849449,59.977803,61.730746,critical
69.954943,230.620029,69.729188,0.962079,59.955140,42.652902,normal
58.803499,234.023799,58.541874,0.959091,59.986582,36.509539,normal
44.399101,226.294554,47.601427,0.968435,60.010909,35.301033,normal
55.881052,225.935317,51.757086,0.979462,60.007989,40.524796,normal
38.654061,228.579772,37.461622,0.952672,60.005718,34.991694,normal
104.307532,241.732996,105.563892,0.829606,60.102211,77.002646,critical
42.289766,234.159665,41.870271,0.988181,60.008330,36.953422,normal
95.803028,202.595866,89.792051,0.787205,59.953565,69.620596,critical
56.941241,227.408208,60.263912,0.966563,60.011073,35.085141,normal
94.764997,205.401729,89.016628,0.836341,59.796788,65.167244,critical
59.532830,221.721026,59.813133,0.961039,59.933271,38.226490,normal
67.185548,230.216478,76.269141,0.980748,59.992993,43.950830,normal
75.782129,209.077241,79.521699,0.903884,59.899459,47.350855,warning
47.252994,231.350031,42.760482,0.975020,60.001088,43.015474,normal
57.096677,233.406788,65.255740,0.985443,59.926041,43.599834,normal
91.886069,217.245202,78.195772,0.838320,59.893275,68.543222,critical
79.971092,223.971626,84.610843,0.915206,60.029637,47.078113,warning
60.975742,227.506649,50.034603,0.968897,60.009058,36.777261,normal
77.449192,215.081143,86.958275,0.914258,59.943410,52.047150,warning
89.157368,239.221010,82.290894,0.801869,59.867659,60.821921,critical
95.378573,246.293801,100.728778,0.815554,60.125801,77.694795,critical
53.789839,230.328550,47.411919,0.969589,59.993547,31.253033,normal
81.248302,223.564825,77.652345,0.930252,59.982648,48.000456,warning
95.956971,201.709635,102.252832,0.839002,59.967656,67.101797,critical
51.311346,225.787489,51.731711,0.987399,59.985696,32.829702,normal
54.096660,227.489133,46.016399,0.964550,59.986875,41.262981,normal
63.871064,228.182314,62.478404,0.951906,60.007369,31.957674,normal
53.261831,228.777516,52.218009,0.964231,59.975672,34.625747,normal
98.057445,199.578938,100.798045,0.894521,60.010563,63.060948,critical
61.723161,230.429689,59.347874,0.968223,59.958199,45.649841,normal
55.842463,227.226755,50.755505,0.994032,59.995519,46.500055,normal
78.188716,236.264585,84.905725,0.944720,60.044049,51.900637,warning
87.278743,224.925900,96.281426,0.945675,60.124534,55.725309,warning
83.576676,219.619336,88.666491,0.933841,59.879781,64.519358,warning
65.361789,226.825351,67.068760,0.946868,59.942974,37.322444,normal
66.731645,225.499980,66.671782,0.976493,60.002726,38.179060,normal
55.967141,224.133683,57.322476,0.956852,60.022900,43.225582,normal
45.066486,228.986462,46.345186,0.965231,60.015497,38.337083,normal
57.930627,229.658334,44.374080,0.958275,60.033663,42.577136,normal
59.524158,229.098563,56.121639,0.965616,60.021374,44.626261,normal
104.399315,245.099936,110.720580,0.776619,60.152776,63.635873,critical
64.538658,236.576600,69.519324,0.955228,60.015743,46.180221,normal
43.805717,228.246530,42.107334,0.958919,60.008136,31.704597,normal
85.189739,218.317763,87.679647,0.921088,60.070351,50.829856,warning
104.284395,210.886622,115.478185,0.849009,60.099557,62.131980,critical
39.525559,222.463580,44.202082,0.950164,59.992431,39.897703,normal
85.954069,226.500103,79.232570,0.942844,60.103799,52.418099,warning
59.430868,231.042347,58.099646,0.997231,60.025893,50.360135,normal
57.513086,229.952541,57.417677,0.958689,60.030988,43.029334,normal
54.511704,227.589433,62.616706,0.957949,59.993450,35.342713,normal
60.858944,229.182666,54.907616,0.977207,60.029107,46.974730,normal
88.107362,223.824491,97.635156,0.955999,60.009306,53.324849,warning
50.285569,232.070056,46.707581,0.971026,60.007805,43.232511,normal
58.404828,223.585151,65.779032,0.967723,60.017962,47.935925,normal
57.615845,224.060047,54.942084,0.986450,59.976370,38.030855,normal
62.377361,227.320024,67.440356,0.969006,60.022655,39.451985,normal
58.866766,228.137656,53.420604,0.961284,59.985354,34.929204,normal
45.750633,228.259692,47.749264,0.985873,59.961754,44.721702,normal
79.998499,226.931388,71.295380,0.956147,60.048963,44.654898,normal
49.669680,224.903697,47.406468,0.941934,60.061193,42.822132,normal
105.339678,239.345429,115.485862,0.813346,60.154914,68.047282,critical
68.188664,231.875456,70.652323,0.979482,59.990300,37.481884,normal
78.862765,226.787772,72.694838,0.918608,59.916905,53.618840,warning
67.606845,229.594155,68.999386,0.939498,60.026586,35.558305,normal
44.015441,227.378285,42.394081,0.964457,60.020713,41.796870,normal
100.572221,205.484687,107.140359,0.844983,60.089134,70.232799,critical
65.064814,220.750548,62.020086,0.971602,60.057036,35.825697,normal
77.887552,203.467220,89.060389,0.890686,59.846480,56.366715,warning
52.575448,237.345886,58.190487,0.958973,60.006682,42.463316,normal
81.922865,216.562413,85.396572,0.904771,59.861568,55.344321,warning
54.351216,234.291353,61.444769,0.965457,60.001948,44.110866,normal
84.356159,216.663870,75.873467,0.910967,60.007886,51.419129,warning
76.605451,238.176237,73.529658,0.868459,60.020583,42.105357,warning
112.542062,208.900882,120.435465,0.809084,59.910670,63.411990,critical
82.231727,211.235304,102.085777,0.922258,59.908268,44.423484,warning
49.591827,232.495703,45.081473,0.972262,59.952206,38.667740,normal
62.467378,227.321809,61.176733,0.954801,60.001798,42.626246,normal
78.847071,212.469932,92.806963,0.908401,59.897952,50.904837,warning
43.866256,222.459724,37.272658,0.960765,59.965016,41.574349,normal
61.919104,231.498256,52.273508,0.979273,59.983345,39.237048,normal
108.939040,198.405710,107.009122,0.844727,60.269164,66.742835,critical
97.523966,202.745162,96.774740,0.859840,59.751248,72.496360,critical
91.090225,207.863721,82.103765,0.944886,60.030742,53.234327,warning
97.201782,202.908939,104.844348,0.865707,60.089229,63.867791,critical
43.964986,224.083804,41.332112,0.965781,59.972953,36.460844,normal
81.961835,215.748886,79.997738,0.902480,59.912889,44.991785,warning
42.082041,227.481449,35.530047,0.978142,60.028490,35.112451,normal
51.238463,228.456537,53.477366,0.952247,59.953496,34.849112,normal
78.478076,220.844502,77.309676,0.909027,59.903119,52.754755,warning
59.925557,230.260218,57.022012,0.985011,60.001606,45.010491,normal
72.987877,209.007858,73.955249,0.979571,59.848514,43.677427,warning
43.136318,234.405563,43.065778,0.974794,60.001850,34.240262,normal
76.892878,238.662334,77.412583,0.935006,60.129626,57.313510,warning
55.788793,225.466715,54.722927,0.952548,59.941491,37.693580,normal
78.971205,216.855996,80.004066,0.936882,59.989905,52.871117,warning
106.875684,243.788277,115.277746,0.813418,59.907993,58.974940,critical
66.417087,233.225656,72.319294,0.978658,59.996416,29.168617,normal
78.786223,214.119663,85.311098,0.913853,60.021337,48.959432,warning
80.232794,235.755661,74.302713,0.958542,59.948837,40.133477,normal
63.474709,235.470279,64.621183,0.977015,60.024053,36.557966,normal
57.081621,232.345437,56.053325,0.966805,59.955587,42.547310,normal
73.876538,240.802604,76.698833,0.914732,60.031045,54.798540,warning
50.956102,223.485880,52.564478,0.939304,59.961403,42.249047,normal
45.578437,217.810274,47.956896,0.966281,59.976340,38.219937,normal
47.720349,235.926732,51.444499,0.965858,59.980784,44.180926,normal
48.939531,228.696519,42.429141,0.967621,60.028952,42.436243,normal
43.981363,219.235233,43.387078,0.927382,59.955968,39.630612,normal
55.781704,227.747047,56.678218,0.962581,59.953764,29.588645,normal
48.020841,228.224109,44.188173,0.933468,60.062893,41.210647,normal
52.993602,228.650109,52.614794,0.972420,60.051379,39.427861,normal
83.680224,218.752072,91.182300,0.926442,60.070462,54.551398,warning
69.225379,219.375930,72.894641,0.979259,59.984603,39.574615,normal
53.756626,235.067970,53.049930,0.988025,59.975583,46.650768,normal
57.217510,221.172036,62.697094,0.958620,60.017132,40.954634,normal
54.185504,221.384272,52.247448,0.981489,60.001812,38.512334,normal
82.886955,213.719788,83.920196,0.908255,59.840727,60.532864,warning
60.720107,219.651668,60.058372,0.981693,59.964634,40.896784,normal
57.286330,226.608773,62.629921,0.968678,59.991415,42.003725,normal
94.761058,222.336501,92.769596,0.924380,59.934411,55.123427,warning
103.301213,241.903214,113.318179,0.868412,60.299406,69.623012,critical
99.641811,247.518896,109.996634,0.837742,59.705274,72.824391,critical
91.182743,209.398981,89.154084,0.823951,60.175281,83.078323,critical
85.729860,223.651817,92.698072,0.925508,59.950216,50.097279,warning
79.071516,218.715423,85.586732,0.921318,60.044176,47.382804,warning
50.199691,230.650605,48.052415,0.940041,59.912012,37.294557,normal
83.792354,239.814999,85.985410,0.934227,60.036589,55.522455,warning
79.965317,239.009308,80.973834,0.911312,59.986863,53.128312,warning
44.135549,231.163002,34.950562,0.976034,59.978933,40.763982,normal
60.357226,229.025171,54.405480,0.933245,59.983074,38.680932,normal
102.738920,211.185447,111.430699,0.845790,59.956917,71.800361,critical
53.606011,226.228932,46.872946,0.971846,59.928893,31.304550,normal
46.671466,230.238307,44.544163,0.973467,60.010220,39.733495,normal
62.045764,230.459754,62.721644,0.985579,60.027645,39.894234,normal
88.646482,214.508205,97.786881,0.904985,60.116889,41.498832,warning
106.925610,199.335427,116.869487,0.771633,60.163068,70.937175,critical
105.080626,246.375632,86.971301,0.887801,60.383087,61.763400,critical
81.628521,220.376166,75.267496,0.854362,59.986062,48.426745,warning
77.672130,238.596503,80.536444,0.934107,60.028938,57.733957,warning
89.982108,210.817366,92.586352,0.970635,60.024568,56.277910,warning
77.924931,227.663817,79.533126,0.980745,60.099816,39.096139,normal
88.855110,197.768554,100.476650,0.813552,60.323180,74.046267,critical
102.610085,214.831978,104.735811,0.859016,60.045303,69.460146,critical
59.688132,228.122506,59.640010,0.959416,59.974045,43.159756,normal
80.967837,221.835207,80.881959,0.893881,59.914500,44.512675,warning
51.520927,232.242600,41.764941,0.964661,60.035534,44.571236,normal
87.631983,220.255475,93.457062,0.936126,60.045191,48.322910,warning
48.213491,229.762032,42.537874,0.972936,59.945216,36.376202,normal
69.396403,227.523004,67.951204,0.963428,60.011007,30.991611,normal
65.611644,230.958666,66.853653,0.950768,59.966235,31.781796,normal
66.492348,226.352299,66.980863,0.999748,60.078080,36.541094,normal
49.669970,226.542409,45.625518,0.959882,60.007902,36.808931,normal
94.363288,197.881581,93.708083,0.808920,60.170389,73.042939,critical
52.111367,224.165938,54.861417,0.995595,59.966551,40.286392,normal
85.599521,214.613634,96.639146,0.901725,59.965976,58.204820,warning
36.138066,231.436253,37.409259,0.970756,60.040846,44.604498,normal
46.022321,224.999883,43.728906,0.983112,60.023399,44.279493,normal
76.774632,218.852840,70.293566,0.942039,59.896171,41.444188,warning
99.562177,206.736865,114.568803,0.805953,60.388760,63.118062,critical
58.419534,225.853668,52.967419,0.962008,59.960810,33.830905,normal
75.569297,208.377194,75.425699,0.933144,60.208810,48.398483,warning
60.072354,222.735058,62.028691,0.950615,59.973781,37.374089,normal
54.531194,232.231582,52.354505,0.935882,59.963333,38.311132,normal
70.095697,226.172307,72.372636,0.960686,60.002225,36.962901,normal
44.102118,228.720187,43.576094,0.966038,60.033280,39.244360,normal
82.437721,232.350745,85.326108,0.894649,60.146897,54.008497,warning
79.946194,217.234970,84.402477,0.900443,60.019180,58.729168,warning
84.610235,222.431326,82.633536,0.879489,59.956646,46.037722,warning
80.562283,224.063366,85.800517,0.904347,59.900356,56.473172,warning
111.694719,240.268818,111.381211,0.913778,59.500759,60.914723,critical
75.410918,216.749783,78.095828,0.920977,60.038413,48.220257,warning
107.626857,210.981445,110.182815,0.801313,60.074727,79.159783,critical
27.015998,228.704783,32.014988,0.979785,59.976822,41.378525,normal
75.811144,238.363734,75.679893,0.895405,59.907772,51.086541,warning
60.266591,228.306152,63.877998,0.968679,60.013473,44.691292,normal
81.781154,227.960250,89.676623,0.928744,59.989809,51.482653,warning
80.519772,212.407348,85.229447,0.916795,59.904286,48.059012,warning
51.347270,227.173966,39.953757,0.958161,60.032689,40.366715,normal
92.706565,242.794396,91.398215,0.848072,59.687167,77.801413,critical
103.729024,199.944161,122.315279,0.852928,59.733332,64.407234,critical
41.842824,231.236876,39.691120,0.977533,59.996546,32.433471,normal
50.053420,226.699253,50.963273,0.954510,60.036060,39.634322,normal
69.116292,235.251582,75.490811,0.955284,60.031842,34.456375,normal
50.531629,227.529726,45.495949,0.944305,60.023679,40.071032,normal
51.341448,232.232997,53.016648,0.989721,59.998735,36.378122,normal
104.913665,215.673180,117.549059,0.842984,60.226558,67.793932,critical
63.623662,224.156001,63.081995,0.966944,60.039648,41.637923,normal
73.624566,213.514992,72.893875,0.869214,59.868086,50.730172,warning
53.922311,223.429691,51.571634,0.954355,60.001375,35.748004,normal
101.093834,228.873430,109.251417,0.908940,60.070781,51.015289,warning
44.921492,230.781689,50.697170,0.969698,60.021878,38.280798,normal
63.758495,235.574928,58.682803,0.981532,59.978939,39.376319,normal
41.359918,230.633082,33.348468,0.957994,60.041381,42.276562,normal
63.273853,223.376110,69.108416,0.956636,60.089255,41.713059,normal
82.144376,229.489324,84.427895,0.965775,60.060484,39.107991,normal
56.652057,225.483637,54.557995,0.979858,60.030195,36.605653,normal
84.031737,220.702536,87.787023,0.910160,60.076381,49.653248,warning
97.635226,210.082354,98.750251,0.906635,60.109151,43.058888,warning
53.916796,222.928128,47.599983,0.951606,60.058838,41.339357,normal
71.316064,224.952353,71.270993,1.000000,60.048756,39.249050,normal
81.741432,223.157478,93.022954,0.917381,59.968572,45.770967,warning
48.871815,226.139507,46.400166,0.980680,59.972541,33.783406,normal
85.766733,236.108672,92.721017,0.906981,59.870464,50.973598,warning
81.749884,215.526434,103.909210,0.906532,60.034332,54.832918,warning
80.212623,212.908990,75.839897,0.919630,60.088176,52.673016,warning
70.293766,226.177506,65.545287,0.901180,60.088590,54.296398,warning
47.096412,229.359599,51.323603,0.959839,60.017124,40.662393,normal
75.649826,221.754257,80.435300,0.891989,60.024619,58.898140,warning
108.362949,203.247496,105.196363,0.772922,60.037635,59.040414,critical
91.785577,222.444917,88.136659,0.943274,60.051592,49.653374,warning
85.613063,209.655831,92.252475,0.939788,59.936562,59.227400,warning
98.142106,205.411974,106.367648,0.845034,60.105048,60.901572,critical
50.479320,223.325077,46.369868,0.931384,59.982013,34.050639,normal
63.246442,226.571759,61.797838,0.976434,59.958378,42.311116,normal
68.842677,226.811942,71.608038,0.916628,59.905929,45.415426,warning
92.291440,221.775069,104.824141,0.901917,59.982967,50.167470,warning
54.942810,230.831449,48.008213,0.949337,59.932610,37.845797,normal
71.395141,216.849609,79.943295,0.973989,60.134909,55.475459,warning
65.622232,224.745676,62.761179,0.959252,59.940722,44.915446,normal
100.238878,242.298712,91.089541,0.850482,60.369640,65.854828,critical
99.738975,205.929753,96.508694,0.784003,59.871011,72.758235,critical
50.821202,225.588441,47.348422,0.972016,60.042186,36.831882,normal
83.266524,217.220444,94.087541,0.882300,60.062402,50.648739,warning
51.850700,228.129976,55.908107,0.967798,60.005513,37.053156,normal
89.689888,225.424700,93.233192,0.936215,59.992201,51.906816,warning
65.793317,227.532573,70.518333,0.979450,59.993265,33.258393,normal
57.666900,223.181560,60.374879,0.954202,60.000581,34.121521,normal
110.715260,198.345099,112.663258,0.829692,60.014395,73.422632,critical
78.993339,240.058726,82.159183,0.869714,59.909999,49.489940,warning
43.424101,231.420081,44.098713,0.958229,60.041277,42.346236,normal
73.545104,228.558222,74.537372,0.920691,59.978620,58.597613,warning
96.773909,207.202892,104.144902,0.790711,60.041346,62.556499,critical
76.947470,238.839418,90.291277,0.934261,59.938336,46.639438,warning
69.545083,225.673925,65.219332,0.952762,59.944797,41.066446,normal
97.315299,244.976225,109.074096,0.844244,59.934972,73.794262,critical
43.755216,225.641004,37.744658,0.971388,59.876252,38.873944,normal
49.258527,227.434763,50.228884,0.937932,60.021248,36.389440,normal
75.883838,208.490697,79.148812,0.894947,60.128541,52.439856,warning
81.457309,217.482452,76.552336,0.926498,59.993426,47.208150,warning
43.062771,225.666472,46.257267,0.957539,60.027157,40.206965,normal
89.390923,225.298358,92.166359,0.870785,59.920218,46.597290,warning
49.931999,226.963390,55.622252,0.977058,59.954791,38.465620,normal
101.384888,244.220873,111.353161,0.848067,60.126064,65.082259,critical
95.195772,212.743831,102.385917,0.880384,59.687779,47.967644,critical
94.183620,215.586759,95.626837,0.919172,60.039204,44.471329,warning
98.649441,201.668716,102.930432,0.801884,60.279257,70.667011,critical
55.276584,228.528503,51.955149,0.957422,59.986867,41.324220,normal
77.080621,214.785216,86.745616,0.896109,59.994414,46.612903,warning
56.675733,229.626759,62.514191,0.976303,59.968579,32.101516,normal
82.798487,204.336417,89.011484,0.850741,60.447110,69.800864,critical
78.417432,217.360666,75.857229,0.930547,60.005904,46.622060,warning
68.267696,217.105823,60.908582,0.918629,60.006116,51.989870,warning
57.835701,234.063181,61.073406,0.987529,60.051873,39.058510,normal
51.653607,228.812724,53.329220,0.938170,60.029397,36.536625,normal
66.080832,235.328827,68.593280,0.972849,59.986604,34.016129,normal
66.694946,229.462120,71.472928,0.981141,59.983324,45.820891,normal
46.919728,232.409463,51.645531,0.952798,59.991082,43.583426,normal
58.501646,230.615871,60.067345,0.944559,60.003561,41.698565,normal
48.100168,231.789081,57.034855,0.950709,59.988545,34.597873,normal
68.110480,226.572937,69.875313,0.971768,59.960935,40.758566,normal
83.406799,224.879092,84.484739,0.936510,60.075622,57.363654,warning
70.994496,215.863474,67.097077,0.902490,59.969938,52.560028,warning
102.027407,209.280840,88.708910,0.817121,59.640852,63.511157,critical
52.272812,229.852325,47.745454,0.942963,59.958145,38.355180,normal
105.079518,203.813579,109.779129,0.832939,59.889030,69.742563,critical
84.881387,207.420923,82.654857,0.918867,59.958174,49.075020,warning
107.678957,242.115224,102.103714,0.870498,59.929439,75.896121,critical
63.693882,236.734555,64.130766,0.993622,60.009501,44.467714,normal
83.455342,223.959472,90.348105,0.904649,59.940461,49.044537,warning
116.193744,242.376114,111.042894,0.861318,60.143223,68.924957,critical
77.456531,225.636734,82.643456,0.876879,59.912400,45.067387,warning
37.108420,228.653754,32.164426,1.000000,59.959856,44.461003,normal
54.158650,232.684887,55.032063,0.985824,60.005459,38.645044,normal
55.952168,227.381048,55.938468,0.962779,59.979021,44.188308,normal
71.647684,225.986304,70.519509,0.900739,60.043167,54.548177,warning
74.825096,241.571516,76.610540,0.916488,60.013127,56.340327,warning
81.757235,205.550702,70.303280,0.919742,59.918484,52.876676,warning
83.136429,225.939047,79.269425,0.887896,60.123034,44.340865,warning
111.484768,194.155996,126.810511,0.859855,60.033580,71.696341,critical
93.674183,209.117352,101.825383,0.882452,60.075859,44.989622,warning
79.643725,219.587038,81.855066,0.910917,60.144863,61.042619,warning
68.168842,223.729471,74.343736,0.947172,60.002220,41.099833,normal
94.027667,212.557119,99.039670,0.902271,60.015891,50.045913,warning
57.294833,228.607898,66.483815,0.962596,60.075990,44.522765,normal
44.765484,232.792270,52.488294,0.978998,60.048498,36.356002,normal
89.082183,211.509753,96.171599,0.894166,60.091552,43.773957,warning
84.961646,215.795325,90.047595,0.867094,60.011882,44.938408,warning
87.664234,200.986150,84.816639,0.889608,59.919334,49.752552,warning
39.844013,231.640045,40.922766,0.961842,59.998688,35.750816,normal
57.416762,232.346063,51.360175,0.948276,60.021935,38.697367,normal
85.746040,243.141443,85.977680,0.934440,60.012660,50.598778,warning
60.434957,224.964452,54.902107,0.961673,59.995162,33.446097,normal
86.539471,224.257739,84.656791,0.911791,59.897131,55.171142,warning
43.031500,229.719623,47.307383,0.968088,59.974373,36.539798,normal
48.745464,230.044233,50.272325,0.970495,60.017348,36.162919,normal
102.515350,206.448595,105.916228,0.847349,59.693966,65.176649,critical
69.308235,228.432859,67.413970,0.964100,60.071126,50.775915,normal
101.150983,242.149598,103.293039,0.856158,59.996538,67.497220,critical
95.352914,209.889153,99.830116,0.839419,60.152365,56.609862,critical
43.647002,225.257325,43.995606,0.939331,60.003674,43.536356,normal
76.456705,226.261517,75.847627,0.893013,59.912891,52.432075,warning
62.784791,231.661679,60.609829,0.969558,59.982374,40.191674,normal
78.588806,216.878506,92.426411,0.953830,60.042256,49.571224,warning
100.439357,214.246203,104.408689,0.852824,59.761443,63.514967,critical
73.059319,237.012802,75.269967,0.881748,59.948583,53.328153,warning
105.475411,196.205332,123.133871,0.803223,59.900063,69.351999,critical
52.812772,226.111323,56.395237,0.970772,59.980240,41.884406,normal
36.206786,225.292294,43.708202,0.931884,60.020499,35.353313,normal
91.096120,207.667958,86.177855,0.796865,60.152888,70.068174,critical
49.047620,224.738033,43.458196,0.999381,60.001765,37.980650,normal
80.709209,231.778775,92.460967,0.944665,60.007736,51.308820,warning
46.484788,225.723924,41.087459,0.995569,59.970859,40.949331,normal
92.204879,197.922587,97.307455,0.853146,59.911370,64.806243,critical
58.401888,224.486869,51.076164,0.964559,59.941425,37.325780,normal
66.426214,225.680926,63.946528,0.982908,60.033583,42.434632,normal
61.123219,219.113907,68.568822,0.955588,59.990306,38.709799,normal
43.828449,222.789344,47.323927,0.975197,60.038243,42.950005,normal
89.779548,218.980686,96.101406,0.945883,59.855392,53.019999,warning
93.878327,243.015543,107.945498,0.877109,59.967257,59.563911,critical
60.186902,229.260126,62.845051,0.987111,60.017857,41.728909,normal
79.806178,205.513443,83.541283,0.836867,59.720500,63.661668,critical
72.564575,229.994743,77.304955,0.957300,60.059515,43.724789,normal
74.645750,219.439190,75.336342,0.891991,59.916912,53.631058,warning
50.322033,225.169238,56.968911,0.951319,59.967748,39.991304,normal
87.020903,238.618154,87.592668,0.920900,59.983126,57.813013,warning
63.998153,227.058471,66.802985,0.980653,59.964685,35.109530,normal
81.936398,219.058653,79.993858,0.931989,59.793863,54.674362,warning
98.316311,199.722118,99.530764,0.874117,60.164675,70.002938,critical
45.798396,233.508464,47.466262,0.976792,59.984246,42.540581,normal
40.336072,227.372788,30.208073,0.965005,59.962505,40.564083,normal
70.124831,206.110360,61.145153,0.963190,59.996651,49.903466,warning
103.910533,212.690487,109.716629,0.839399,60.107274,62.852062,critical
98.428990,202.101707,102.548140,0.818410,60.258387,74.757635,critical
49.137271,228.464469,61.299030,0.966024,59.990626,38.758400,normal
61.609684,222.940733,61.722034,0.925425,60.025488,39.596789,normal
101.419340,208.899781,113.398874,0.806347,60.141913,73.176075,critical
88.757446,210.364281,87.334344,0.902834,60.038432,56.135357,warning
105.636600,212.673422,104.234792,0.900938,59.801875,71.564361,critical
105.149371,202.212920,113.953268,0.811078,60.090874,65.689036,critical
46.607972,228.113742,45.685273,0.967075,59.955720,30.793066,normal
64.326655,224.287821,53.852468,0.971906,59.956383,36.279874,normal
44.065496,226.747152,41.995161,0.987619,59.954243,38.440948,normal
97.721261,241.150833,103.080164,0.829499,59.832888,63.524372,critical
107.916957,205.954726,115.168044,0.841160,59.960262,64.549438,critical
70.938272,210.864905,62.653240,0.913654,60.036725,60.199855,warning
90.977947,247.723822,92.436790,0.794262,59.980381,67.888290,critical
49.675730,224.522491,42.672376,0.967701,59.985345,40.893625,normal
52.027834,223.466575,53.476148,0.955177,60.044499,34.260334,normal
75.817201,240.978758,77.833728,0.885104,59.757370,55.353485,warning
73.222160,225.228531,84.619923,0.897374,60.012189,63.112721,warning
51.670215,222.751064,48.359463,0.955653,59.969676,30.357431,normal
109.191835,218.227908,119.909771,0.822554,60.054626,64.650473,critical
89.226391,201.999788,92.614800,0.913234,60.476639,70.635604,critical
77.764706,220.480206,77.022869,0.926488,60.231086,53.291973,warning
51.715749,229.584190,44.745128,0.978371,59.989122,36.414214,normal
84.268388,212.722639,84.469559,0.962280,60.035194,48.317830,warning
82.028078,220.339823,84.198332,0.893122,59.942196,57.340428,warning
45.833240,226.794491,55.117934,0.958077,60.038241,36.604457,normal
43.857380,235.950117,32.444502,0.966850,60.013897,43.997244,normal
61.373327,230.821565,63.694169,0.980333,59.970024,37.809442,normal
55.375506,227.035550,49.734181,0.974069,59.967820,39.173813,normal
108.397569,202.689632,114.096231,0.795050,60.206903,67.703478,critical
55.804482,220.829839,54.099922,0.960002,59.968231,43.060276,normal
55.210454,224.301888,66.548925,0.956501,60.007539,35.428126,normal
78.591432,229.063523,68.407507,0.901322,59.968039,52.924049,warning
49.283719,225.915410,50.018264,0.951668,60.023102,42.107297,normal
76.807591,228.096940,73.127066,0.921012,60.070604,49.699836,warning
59.638109,228.968721,65.116382,0.982961,59.979364,39.259561,normal
64.985946,228.892338,72.670278,0.945407,60.004911,44.750199,normal
80.637656,239.424693,83.328405,0.877743,60.066965,56.732966,warning
63.005879,229.400564,53.995915,0.983555,60.017319,42.643168,normal
78.539571,221.712598,90.782732,0.939442,60.088215,52.638748,warning
88.477929,216.177414,88.581306,0.960015,59.923913,51.585122,warning
66.004174,227.528108,62.465223,0.971193,60.007889,41.797651,normal
94.065543,214.299570,91.050872,0.821111,59.932964,62.273091,critical
85.598093,226.714674,84.870198,0.925237,59.966250,40.883979,warning
73.701667,224.011275,83.111514,0.918511,59.949330,51.734984,warning
49.955514,231.092997,54.816142,0.961591,59.958249,39.460703,normal
79.817236,208.156543,75.752396,1.000000,59.928979,55.240656,warning
63.247080,232.549674,64.068599,0.968527,59.996014,36.277062,normal
62.551761,223.885580,63.966678,0.961679,59.771407,55.371922,warning
62.088277,231.883272,66.436694,0.978170,60.015077,34.205706,normal
85.695514,221.721627,87.471225,0.921830,59.874812,51.251829,warning
80.450218,226.303915,88.092493,0.911057,60.230742,56.903256,warning
61.858478,229.192349,59.246708,0.939356,59.994979,35.461773,normal
107.087476,242.872116,100.373360,0.845182,60.054261,77.094066,critical
100.785297,242.049658,106.022535,0.861130,59.799337,67.909828,critical
83.110090,232.142017,74.560673,0.893623,59.960493,50.202324,warning
55.014374,220.898588,51.271419,0.939254,59.976288,42.979017,normal
57.803062,231.403553,64.465588,0.936230,60.003562,42.738683,normal
55.322001,227.113887,61.461076,0.938548,60.060612,34.487482,normal
71.020780,210.948057,64.727556,0.898590,60.064644,55.573389,warning
71.397255,220.740722,82.202878,0.959384,59.852260,58.507783,warning
39.846176,222.682540,35.353951,0.959266,59.965114,45.907818,normal
43.783784,230.169557,46.481804,0.969482,60.016225,44.195113,normal
54.286287,228.368539,51.024606,0.940184,60.074523,35.851070,normal
53.128983,230.516179,57.342953,0.985094,60.017957,38.414507,normal
49.367850,228.906849,50.568889,0.952236,60.018731,29.891956,normal
59.203382,232.394370,61.395984,0.958933,59.995650,37.647331,normal
86.770405,218.442164,88.259696,0.940527,59.939797,53.251549,warning
51.174474,222.320056,47.863667,0.970000,60.015361,37.471539,normal
64.382387,230.111733,66.664232,0.954873,59.993460,36.104854,normal
55.842550,231.508244,59.712578,0.962198,59.960207,31.550402,normal
76.648767,217.430711,82.574781,0.880945,60.053272,55.603184,warning
59.939856,229.702070,60.373469,0.946371,59.991388,40.165345,normal
84.662788,222.953652,73.380806,0.918214,60.085689,57.421373,warning
59.216117,227.531131,61.247854,0.962764,60.046302,34.214034,normal
74.655921,224.282260,72.745821,0.943805,59.956340,56.702898,warning
107.304474,247.651079,109.003546,0.826693,59.802115,66.406098,critical
61.699306,224.671050,59.485921,0.945260,59.970237,34.603756,normal
60.596848,228.640380,60.027748,0.977764,59.967176,34.091517,normal
48.806200,227.925128,49.296186,0.952396,60.019284,30.896470,normal
45.107968,228.977887,47.088804,0.971251,59.984780,36.824800,normal
74.584763,214.975173,75.102237,0.945326,59.970315,40.785029,warning
64.455679,230.170304,64.311957,0.964162,59.937327,44.899146,normal
56.104671,236.034481,54.833425,0.949439,60.034151,30.115455,normal
101.562341,247.103887,102.046660,0.841937,60.185776,75.487136,critical
84.582553,218.542741,83.203103,0.916558,59.990162,51.317951,warning
101.309815,210.424029,109.852949,0.848865,59.868017,64.491553,critical
75.618593,240.904619,72.590908,0.923756,59.915418,51.881264,warning
44.602217,226.542564,41.319897,0.969435,59.983771,35.604696,normal
94.693191,240.398564,103.024008,0.827486,60.040289,76.436413,critical
63.405236,227.980399,77.790897,0.953695,60.037484,34.801003,normal
99.796711,197.475244,103.798574,0.859701,60.230151,62.636210,critical
69.480908,205.740790,61.899802,0.916221,60.053912,43.982423,warning
66.824433,220.861947,68.776180,0.982582,60.035615,37.466632,normal
41.066894,225.472377,38.068237,0.973933,60.034175,34.876781,normal
46.682988,228.663755,56.168114,0.972160,60.047712,37.076548,normal
58.699624,226.342049,63.959132,0.972120,59.948831,45.567669,normal
78.712538,227.616646,66.107495,0.940849,60.025262,44.119753,normal
83.053483,198.598928,88.573279,0.929023,60.047842,55.514574,warning
57.990238,233.189853,56.260809,0.969172,60.086091,34.025829,normal
79.977684,240.155158,70.692478,0.887306,60.010731,54.152817,warning
49.705876,227.898766,43.594557,0.969500,60.035676,48.178682,normal
43.951821,232.566031,46.306747,0.950942,60.075520,38.625508,normal
82.601321,207.975792,83.036287,0.883701,59.964830,45.187422,warning
51.175453,225.437214,42.815015,0.947381,60.040671,39.376179,normal
102.006308,205.350215,92.612327,0.808897,59.820071,59.132696,critical
95.075524,217.440126,88.105977,0.921934,60.042472,50.172528,warning
81.978951,214.314598,74.692935,0.918457,60.015655,53.820483,warning
99.914677,243.130253,112.351506,0.850917,59.731101,61.545547,critical
44.251779,229.510395,44.387843,0.939266,59.905589,32.060055,normal
46.585925,226.044858,58.682967,0.953009,59.966248,45.274592,normal
96.751532,202.285158,91.703854,0.790918,59.818065,68.649217,critical
43.683532,222.669668,39.726895,0.988839,59.985520,43.033364,normal
49.455201,229.398645,52.336600,0.962760,59.985327,35.721005,normal
81.249603,216.900309,86.791429,0.951505,60.067058,53.129882,warning
41.678968,223.088658,43.347782,0.968567,60.008992,33.020163,normal
82.615772,229.546161,83.934457,0.969605,59.999920,44.469486,normal
50.566170,224.544212,52.942182,0.961805,59.968727,44.619258,normal
49.457163,229.796208,51.940937,0.941516,60.086888,38.568722,normal
50.973648,231.887234,44.846466,0.988348,59.993249,42.158217,normal
63.324017,224.839429,57.736454,0.954963,59.977177,43.010836,normal
83.210452,214.829917,82.617302,0.923252,59.952810,47.407224,warning
46.180775,230.210483,40.854542,0.977659,59.992580,45.062477,normal
74.069474,237.287010,66.319385,0.895145,60.061879,51.106758,warning
53.154378,228.981677,63.982725,0.973434,60.032000,39.011810,normal
60.228566,229.387494,64.624521,0.963568,60.001701,40.794435,normal
82.403734,210.092906,96.377272,0.949770,60.029444,56.335887,warning
60.745106,222.428526,60.900738,0.955458,59.971286,41.691115,normal
54.551329,228.329627,61.752551,0.963465,60.065957,37.156150,normal
55.873542,223.395577,47.813169,0.961505,60.001585,31.808366,normal
54.384724,222.858124,55.526744,0.976151,59.999575,40.098581,normal
84.434755,236.262782,92.563782,0.936432,59.911550,46.536577,warning
63.445058,222.252855,64.848246,0.970599,60.026333,44.411781,normal
85.733084,229.188107,86.704294,0.880277,60.020828,62.402835,warning
65.124646,226.527833,60.375230,0.974127,59.964325,36.568758,normal
58.814232,218.438627,57.328325,0.953866,59.968476,39.114651,normal
85.309275,211.421251,86.455731,0.893837,59.989556,50.399519,warning
88.136418,239.167879,96.042642,0.886779,60.046981,50.687868,warning
63.835345,230.432939,70.467135,0.972640,59.969143,36.222472,normal
38.203315,225.185789,36.040117,0.960105,60.016701,42.706527,normal
81.757622,219.640159,82.244415,0.952138,59.912629,56.500397,warning
71.797517,232.594917,68.697510,0.982028,59.949274,39.597862,normal
48.189565,235.620952,43.062379,0.979423,59.987732,35.254136,normal
75.008649,216.368417,85.062525,0.890296,59.906256,50.096583,warning
93.952425,208.755748,91.808658,0.777407,60.036066,73.524892,critical
64.707191,235.061629,60.781153,0.969001,60.008948,41.849068,normal
102.760814,192.576630,91.466955,0.799747,60.339149,66.116357,critical
69.059668,223.334824,70.290612,0.946163,60.029121,34.701911,normal
68.650721,229.802937,63.090089,0.979945,60.015637,45.330122,normal
50.586941,217.372260,48.835084,0.987299,60.008882,37.920373,normal
48.913471,231.670594,46.421100,0.953565,59.967400,45.960739,normal
76.794001,240.453647,87.392929,0.907920,60.084066,49.124696,warning
43.602747,226.860337,49.971472,0.960826,60.054110,40.987708,normal
77.411336,223.808285,80.517702,0.945230,59.949476,31.359421,normal
100.032426,214.199228,111.738630,0.863104,60.068817,59.435662,critical
110.061938,244.717145,109.407202,0.828736,60.002053,77.590484,critical
50.397998,228.858996,50.837069,0.963548,59.956257,36.151784,normal
61.309422,230.851537,62.272799,0.977516,59.945670,42.280325,normal
56.393895,225.197381,56.852311,0.950827,60.022156,39.469745,normal
66.276662,225.856613,64.163516,0.965722,60.007196,41.378635,normal
85.678663,239.525677,80.259071,0.939745,60.008308,47.422232,warning
48.865154,227.839415,51.054530,0.961468,60.037124,45.877257,normal
90.983596,196.537333,97.000303,0.864022,60.161736,43.246933,warning
90.506906,202.353532,94.753674,0.837128,60.081289,59.409678,critical
80.591913,237.636119,77.433183,0.929231,60.038763,56.992688,warning
69.117642,229.139404,72.078648,0.958475,60.011965,43.670394,normal
77.163944,215.246824,83.682137,0.951030,59.975094,57.828455,warning
74.082754,225.451224,68.401356,0.949686,59.969388,35.108378,normal
81.668951,205.550442,84.412428,0.940098,60.100060,44.561055,warning
105.664959,204.754864,109.309069,0.807385,60.124746,65.053183,critical
60.362797,229.779358,55.255891,0.966355,60.038203,41.822167,normal
60.814972,234.123514,47.642724,0.947123,60.011208,39.537629,normal
81.051470,220.041244,80.875870,0.931387,60.070147,46.709988,warning
57.482975,225.141478,50.023728,0.930849,60.019908,39.524576,normal
45.199015,232.043420,45.567087,0.979238,59.954824,36.213582,normal
79.628914,239.753677,73.512866,0.895575,60.010495,57.837282,warning
110.136266,245.194802,113.614844,0.814890,60.050586,61.196358,critical
59.774494,221.257677,64.364616,0.975077,60.057651,40.455395,normal
77.010330,235.184651,84.931177,0.968054,59.984961,36.192139,normal
77.247338,211.655545,77.631623,0.935786,60.059188,56.712899,warning
69.849517,231.698001,69.978142,0.981050,60.041731,38.786770,normal
59.017376,227.252574,61.878271,0.941421,60.005686,32.108002,normal
56.605944,229.791812,52.133834,0.963702,60.040217,40.799773,normal
98.154901,241.390975,98.844319,0.834903,60.191311,75.536475,critical
53.823387,225.264364,59.579360,0.967648,60.014539,36.344276,normal
109.087130,241.129834,107.394211,0.870454,60.060451,74.583208,critical
32.739174,224.788629,33.232899,0.984707,60.006512,39.887619,normal
84.169225,217.816136,100.153139,0.960209,60.019323,45.770196,warning
91.306906,245.295938,93.273280,0.883197,60.086966,68.230248,critical
78.548973,223.410616,77.609709,0.953384,59.917716,47.623719,warning
55.328673,231.632423,54.807271,0.992568,59.990504,35.881516,normal
81.225600,239.986325,66.895815,0.916417,59.957779,57.790630,warning
99.257428,210.104215,102.632674,0.917065,60.223622,54.629684,critical
80.744888,226.205692,82.911773,0.966213,59.996104,35.887959,normal
54.911632,232.626513,50.153539,0.961714,59.944895,36.355791,normal
66.102631,218.159754,75.450619,0.941841,60.071130,51.267791,warning
81.034928,217.949505,73.818603,0.934873,59.876860,58.701463,warning
69.807773,223.117394,68.305257,0.970872,60.018285,43.201964,normal
37.338306,237.667174,27.921595,0.947100,59.983617,35.490546,normal
80.792463,217.785385,83.490548,0.914236,60.203845,50.976709,warning
51.261476,231.050591,41.278133,0.977161,59.989843,41.572501,normal
49.676056,225.345518,54.465690,0.943657,59.963029,28.623486,normal
39.809587,234.321187,43.150242,0.961964,59.919289,42.388980,normal
76.549440,237.113957,85.319918,0.921569,60.042315,48.040595,warning
40.875019,233.888723,39.354047,0.961767,59.948454,41.558477,normal
77.670495,223.090193,81.907591,0.879365,60.058918,47.546730,warning
64.622528,226.656390,61.864517,0.967007,59.967483,39.286064,normal
78.651961,240.282712,88.707954,0.947711,59.928731,47.425119,warning
97.273066,206.088120,93.875002,0.906416,59.743262,70.536432,critical
50.629656,230.923852,52.779957,0.951620,59.955353,40.859424,normal
69.847549,237.357798,80.181553,0.911544,59.880887,59.148203,warning
95.304067,218.200356,103.480257,0.928872,60.130859,51.446617,warning
82.623910,212.087092,86.546510,0.885131,60.061278,53.341363,warning
84.202880,220.729773,90.121631,0.939227,59.965700,55.084494,warning
57.310569,227.440834,62.024727,0.982933,59.959830,30.514138,normal
71.785649,225.408602,68.603414,0.977893,60.040276,38.615374,normal
50.675796,220.883791,54.129975,0.950115,59.965754,38.191654,normal
55.187514,225.947228,51.731265,0.972840,60.038454,41.200232,normal
76.803257,217.239074,92.317025,0.931676,60.047141,50.488364,warning
44.502787,231.066289,47.103828,0.951780,59.950310,42.274611,normal
48.949127,226.983289,52.051052,0.935901,60.021354,44.999892,normal
112.066205,206.304562,112.055759,0.822456,60.125553,55.408077,critical
90.061450,240.117622,94.649049,0.906755,60.167327,48.739812,warning
88.710730,210.734232,96.345885,0.925574,59.852655,63.466619,warning
79.728268,220.620510,84.980431,0.953075,59.991840,49.815701,warning
43.110641,225.094898,28.970337,0.949853,59.997931,43.635426,normal
55.341109,229.656364,61.748669,0.974947,60.006759,37.268131,normal
80.018115,214.075567,85.500560,0.940969,59.958584,49.418432,warning
42.036758,228.888413,45.053044,0.963250,59.994800,45.372993,normal
46.675263,228.375546,50.487428,0.989361,60.000526,37.639840,normal
83.599142,219.168174,88.644288,0.921060,60.071091,60.212496,warning
65.220634,220.409232,74.902038,0.907248,59.940240,47.710531,warning
59.672467,221.873758,50.094332,0.965931,60.006884,40.301745,normal
57.548266,229.218174,65.113660,0.971714,59.986665,34.898889,normal
78.349022,212.776507,75.941899,0.910913,59.916826,50.030626,warning
74.353104,210.518213,84.908992,0.923691,60.060933,49.109224,warning
74.817982,209.969336,79.275144,0.921355,60.056001,55.163537,warning
92.380698,224.330388,91.173294,0.905844,60.140722,47.417692,warning
88.775259,213.875749,93.636097,0.956524,60.140050,53.610413,warning
93.876655,212.740446,84.939474,0.825368,60.165889,76.631496,critical
65.665267,224.270644,62.798746,0.966360,59.990395,41.778399,normal
88.346447,218.274040,97.039889,0.869600,60.001427,57.719937,warning
101.113065,209.261608,101.369819,0.906840,60.019413,59.412002,critical
45.834164,229.689654,51.924634,0.948705,60.021262,30.725466,normal
71.176709,219.955948,80.763063,0.899643,59.996532,53.078278,warning
53.502402,228.052511,60.078582,0.956910,60.041107,36.564985,normal
55.159632,221.699465,55.759216,0.949093,59.985247,41.864748,normal
96.631401,207.084969,103.368766,0.813929,59.865643,64.142146,critical
87.540366,215.510387,86.675645,0.896174,60.049186,57.332714,warning
36.105136,221.961637,44.210274,0.957377,59.969905,45.900883,normal
70.405369,227.921176,68.908637,0.952651,60.035912,38.834011,normal
57.502197,235.959337,52.783881,0.955832,59.977736,41.925653,normal
95.477939,208.902957,93.731909,0.802631,60.205985,66.038859,critical
58.444464,226.117170,61.664157,0.949365,60.084779,35.976184,normal
40.507108,227.192809,43.675004,0.982283,60.013373,43.377259,normal
56.052139,227.393476,63.656318,0.978935,59.969768,42.214713,normal
94.109400,198.324891,89.703253,0.850022,59.979189,69.788211,critical
102.583012,206.010843,115.317272,0.927831,59.897961,79.248762,critical
87.898463,239.299637,84.909449,0.878865,60.077085,52.963649,warning
100.720483,199.558332,108.060944,0.830714,60.267385,65.030240,critical
57.993905,225.095508,64.721347,0.990303,60.053500,36.051612,normal
95.560301,202.296969,102.183234,0.861647,60.047404,79.924415,critical
65.131086,225.890658,71.399629,0.966820,60.064572,40.398727,normal
71.831304,207.060748,72.719544,0.878339,60.100670,46.533764,warning
74.211458,228.542529,73.792006,0.970524,59.949661,43.764320,normal
57.888234,225.516366,51.694665,0.953039,60.022010,35.668345,normal
59.937815,224.941083,62.502900,0.968577,59.995198,39.635759,normal
77.692920,219.479315,82.419766,0.922748,60.030758,47.382744,warning
80.963037,204.858772,81.862742,0.924478,60.130949,51.006264,warning
57.599287,230.130627,48.444920,0.969749,60.030916,36.027711,normal
82.653055,222.446054,94.158421,0.941970,60.102680,48.209074,warning
86.311884,216.771731,98.240726,0.881426,59.974196,54.816330,warning
45.231752,233.490945,45.898487,0.961300,60.018719,41.487517,normal
59.410598,225.209988,59.997339,0.965255,59.959019,45.155983,normal
59.421734,225.278037,63.298474,0.967926,59.972661,41.062804,normal
63.759531,227.521264,63.873918,0.931247,60.048980,38.201607,normal
89.614078,204.700963,97.931952,0.846893,59.988410,64.606063,critical
43.410632,223.498911,41.076033,0.969847,59.988372,37.247469,normal
53.296506,233.441339,51.869545,0.949438,60.015106,43.396837,normal
69.589566,226.028683,74.245984,0.903380,59.892074,57.144031,warning
93.021262,210.070180,103.266653,0.959000,59.835758,54.844322,warning
109.594050,205.685629,116.072639,0.820909,60.060987,82.916207,critical
83.701500,230.203964,85.837888,0.922941,60.043190,50.034395,warning
65.740279,223.689205,62.731937,0.958481,59.995779,37.629839,normal
80.925847,209.907633,91.819847,0.911648,60.062050,45.226405,warning
44.271524,227.114229,47.883046,0.977938,60.035389,45.030106,normal
57.081279,222.873745,53.493394,0.954869,60.015263,36.611752,normal
89.379614,245.681035,96.719259,0.855374,60.168589,62.501141,critical
52.700259,223.157442,41.577338,0.960712,60.005667,41.167126,normal
93.664238,197.840487,113.576119,0.870559,59.732841,74.735243,critical
61.855344,224.075395,60.162869,0.975131,60.010969,35.927093,normal
81.750229,231.104362,79.922746,0.954543,59.979871,37.745985,normal
77.226531,217.325623,82.892993,0.851948,60.218606,47.928634,warning
81.012319,221.074226,87.090915,0.948340,59.972022,43.915597,warning
66.956518,228.225283,64.646789,0.978186,59.995323,35.676857,normal
63.789197,222.663616,60.142889,0.968653,60.008428,42.530939,normal
84.620358,217.822762,82.531210,0.897950,60.007546,60.216538,warning
43.734777,232.587856,51.208410,0.991167,59.920750,44.756392,normal
54.997100,229.947334,57.318416,0.942087,60.068463,42.189967,normal
54.451313,227.463796,48.927270,0.954736,60.051087,39.560056,normal
78.300623,238.986257,82.316137,0.915771,59.843759,61.917087,warning
86.474235,240.088210,87.634687,0.908869,59.956344,53.155860,warning
67.569423,231.015354,72.513011,0.978271,59.976138,34.554654,normal
103.299788,217.243352,92.088316,0.808895,60.126423,59.432834,critical
76.831172,208.713776,72.451625,0.910361,59.993348,51.935645,warning
62.084516,230.571119,66.266496,0.987294,59.981468,38.172755,normal
49.280539,224.703688,52.006532,0.965164,60.052126,42.881741,normal
37.453664,224.176550,41.366923,0.943253,60.054003,42.192537,normal
99.799403,245.154543,116.419702,0.898476,59.957425,62.595229,critical
72.526372,213.795081,74.588616,0.914876,60.001412,57.642680,warning
63.743967,229.352523,54.129801,0.947356,59.975271,35.979786,normal
59.080542,227.388399,63.464410,0.964589,59.974767,40.740197,normal
93.995347,196.070960,96.542317,0.866015,59.258514,67.607153,critical
74.489374,224.205464,68.917649,0.899595,60.063819,51.935735,warning
69.453964,213.458056,65.973695,0.923675,60.088371,47.834540,warning
39.305590,223.401660,37.254719,0.979098,59.948339,40.748081,normal
57.386493,228.037002,55.572501,0.949498,60.036225,35.821270,normal
78.536404,213.833840,76.572374,0.925042,60.131063,46.987035,warning
61.263121,221.503438,54.231103,0.967404,60.007412,36.785342,normal
99.306022,198.756969,107.987306,0.856090,60.042665,60.440365,critical
62.161360,227.438263,65.893662,0.973009,59.996468,35.455527,normal
87.518146,215.825554,102.177077,0.943872,59.933918,49.636917,warning
61.065140,221.943839,65.908175,0.951364,59.942826,38.035239,normal
69.351215,216.071874,67.833532,0.888788,59.976453,50.712711,warning
68.670654,227.676518,64.454327,0.973620,59.968130,43.665124,normal
61.642713,234.822850,62.669733,0.998957,59.981742,40.719118,normal
74.078300,225.235840,83.971804,0.908080,60.008436,47.893167,warning
68.005653,226.752070,74.657843,0.907493,60.187113,56.527722,warning
67.612117,223.783060,63.449684,0.971529,59.964287,43.510036,normal
59.360374,229.039255,60.681822,0.950342,59.988909,48.371713,normal
99.389032,204.018641,102.165043,0.861460,59.802628,55.212147,critical
52.676901,227.483263,45.633225,0.961531,60.025459,38.966128,normal
85.417271,217.747772,80.971192,0.904559,60.016974,53.934662,warning
82.677961,219.829036,86.719504,0.846408,60.099182,49.024116,warning
53.119268,230.693696,46.735709,0.982628,59.995578,38.891694,normal
82.006143,227.637523,75.487937,0.908694,59.971371,45.618656,warning
63.036853,224.327342,60.035279,0.962200,59.989939,41.031905,normal
94.244076,238.337133,100.120665,0.887930,60.017823,53.671604,warning
46.498005,225.665347,47.564244,0.965385,59.985888,35.028729,normal
66.324003,237.682782,63.897114,0.886290,60.121106,49.386156,warning
56.505519,228.123612,51.144747,0.953560,60.000666,36.953871,normal
88.506153,209.461151,93.556080,0.900087,59.876742,54.069128,warning
87.991198,225.319822,87.052287,0.913013,59.976330,44.831241,warning
43.582324,233.399630,47.669182,0.955335,60.053748,39.981715,normal
52.147018,227.595723,55.575666,0.961158,60.026813,36.999871,normal
66.635432,229.048728,78.468212,0.974368,59.992671,43.594265,normal
79.173181,236.313773,81.264979,0.946343,59.870368,50.470797,warning
80.611703,240.373072,82.538725,0.912980,60.068612,44.232583,warning
47.520848,223.041427,65.861103,0.968615,60.007936,43.360064,normal
59.968776,224.997152,62.197125,0.937465,60.006722,43.980705,normal
93.304881,221.024400,101.044739,0.981281,59.899530,45.607672,warning
61.307288,230.167388,61.561498,0.968307,60.037633,38.880050,normal
83.550601,197.433814,77.650562,0.860651,59.936212,48.495346,warning
50.296111,229.188405,45.909801,0.972946,59.928402,38.765902,normal
76.814260,217.438535,78.241318,0.945547,59.871969,50.427147,warning
111.750804,200.947885,118.779309,0.874343,59.891209,60.288068,critical
114.212509,249.777587,117.232467,0.875693,60.238797,64.647095,critical
77.265323,226.463605,74.380866,0.948141,59.983379,43.276197,normal
52.670277,222.411110,50.095681,0.971107,60.031354,34.559046,normal
108.017927,202.056956,103.267685,0.892814,60.253501,60.061717,critical
104.616776,205.380526,106.970807,0.827513,60.034691,60.713580,critical
55.061652,228.780152,55.932378,0.985177,60.001426,45.609058,normal
62.478539,224.488487,60.699862,0.966442,59.990188,34.635285,normal
52.168490,231.473256,54.847196,0.969368,59.960928,38.245410,normal
88.386939,236.637666,86.610042,0.948986,59.958378,56.848061,warning
81.441911,231.897210,81.363026,0.865562,60.049030,48.342139,warning
101.149312,213.918438,100.096344,0.801931,60.037136,74.536626,critical
72.394633,227.379866,86.073559,0.962231,59.939462,40.872218,normal
50.821170,231.026554,45.436700,0.954945,59.959501,40.574857,normal
54.119877,232.261118,49.485491,0.949955,60.024264,37.622468,normal
96.493093,216.480542,94.553842,0.860764,59.649718,68.233335,critical
65.244324,224.030481,61.821851,0.966702,59.964347,45.326646,normal
94.960165,214.128613,95.385077,0.883842,60.011524,50.459416,warning
84.919871,207.795455,73.258006,0.917479,60.010931,51.161357,warning
102.075155,247.154004,116.295059,0.898513,60.152184,63.849762,critical
105.969483,205.652214,99.657554,0.853311,60.021293,57.576399,critical
76.337672,219.420566,88.476194,0.886777,60.184464,40.538243,warning
68.126547,231.146131,72.985793,0.951204,59.992069,40.025373,normal
71.338109,229.619827,77.388791,0.962022,59.948151,38.881675,normal
52.513631,222.314121,48.810811,0.962433,59.994040,30.078072,normal
51.950411,226.994843,48.431161,0.930193,60.006067,36.876521,normal
52.207052,229.490139,50.759222,0.945483,60.031663,45.198453,normal
80.662160,237.848487,86.845205,0.938268,60.008529,50.832324,warning
48.954063,230.800232,51.473528,0.937388,60.006368,40.526735,normal
74.980326,234.252104,78.178517,0.944957,60.008456,53.850826,warning
77.607412,239.913074,81.651950,0.877758,59.917488,66.076969,warning
59.139396,230.298472,63.019698,0.949099,59.978548,36.775287,normal
49.525412,224.338441,46.251468,0.943506,59.986771,38.843912,normal
75.568583,214.444906,81.628134,0.898443,60.226235,47.961765,warning
53.808179,229.193752,58.139064,0.953769,59.990105,41.557540,normal
63.933126,237.639210,56.171966,0.926279,59.938461,44.647884,warning
99.468163,245.465766,105.167691,0.808975,60.495398,69.954237,critical
68.381871,203.601810,78.584461,0.940593,59.983704,50.411215,warning
95.619652,200.977185,107.823307,0.851201,59.745945,65.856179,critical
83.975097,240.059954,86.363049,0.931909,59.973990,54.825907,warning
82.334032,215.207120,82.540166,0.931258,60.067736,50.886163,warning
77.470884,238.705027,84.303246,0.913888,60.064845,44.763552,warning
102.749518,245.455936,92.488836,0.847692,60.376704,55.569329,critical
49.454838,234.350541,50.235113,0.942121,59.990347,47.034617,normal
37.445967,224.576681,39.251832,0.947073,59.999372,33.610009,normal
67.868572,227.976579,74.236017,0.949906,59.984578,44.573083,normal
52.066458,226.725321,54.672737,0.955961,60.015378,39.062388,normal
57.031959,228.925417,57.993770,0.975302,60.050225,34.114722,normal
60.223636,230.078365,52.344921,0.968333,59.988789,37.976937,normal
80.559548,208.826797,78.173239,0.879955,59.823490,49.890219,warning
46.855314,231.449194,50.648115,0.986306,59.995911,33.152301,normal
40.962589,233.951524,45.024543,0.982838,60.065717,36.101376,normal
72.909590,213.902409,65.543879,0.905727,60.016163,49.131394,warning
80.737580,211.459561,82.839364,0.863193,60.016855,51.271097,warning
77.764601,215.799181,80.570162,0.950933,59.881485,51.536285,warning
58.089153,228.045321,59.448587,0.960507,59.988058,41.385516,normal
48.297413,227.322962,43.600086,0.957446,60.066245,38.372415,normal
105.001269,242.362517,111.584724,0.858088,59.779607,64.862138,critical
102.786032,212.398436,113.475211,0.882895,59.959250,66.617029,critical
74.398853,230.284035,81.153342,0.983018,60.022543,41.816333,normal
29.424828,225.521124,33.753469,0.956384,59.985196,38.396429,normal
97.705936,219.846462,106.963808,0.823565,59.996793,57.380296,critical
86.993258,240.271784,88.384061,0.899756,60.009691,53.319173,warning
55.575852,228.955574,62.684404,0.978552,60.080163,32.978783,normal
58.028126,229.036996,56.009343,0.977135,59.999551,38.884679,normal
92.579332,204.514533,98.845293,0.855528,60.138731,70.009475,critical
50.462053,231.798489,41.173711,0.966879,60.047711,43.991030,normal
84.908118,216.937332,90.949624,0.897325,60.027083,55.354869,warning
103.329086,210.573392,102.346143,0.842172,60.755703,75.158818,critical
85.630444,214.447423,84.585507,0.938544,59.877483,42.497152,warning
58.523939,242.577515,64.338971,0.966806,59.979863,38.449677,normal
54.320104,226.081580,56.059760,0.951715,60.033478,36.982400,normal
43.856074,217.072910,42.030055,0.977046,60.009815,37.713061,normal
47.869838,229.371115,49.642132,0.973703,59.980894,48.932615,normal
99.902517,241.796840,105.721431,0.843834,59.821466,65.665160,critical
49.109282,232.237711,48.000288,0.970178,59.998305,38.763514,normal
61.301601,225.786840,65.039606,0.973039,60.027985,33.638257,normal
104.905594,207.398822,97.952326,0.861340,60.062346,69.572629,critical
52.578781,230.116563,42.760199,0.972238,60.024986,43.193592,normal
97.275837,207.627799,101.211559,0.805834,60.420682,68.976741,critical
82.753949,220.367770,88.391171,0.929934,60.052731,56.663455,warning
48.934859,226.732775,48.363616,0.973194,60.037720,38.260536,normal
76.717775,215.948036,73.982178,0.917363,60.036712,50.361203,warning
103.287126,204.151783,105.881535,0.764223,60.112689,69.986839,critical
49.255745,231.067793,53.122398,0.953543,59.935397,41.590787,normal
87.335838,207.222376,105.391940,0.912273,59.799978,54.672243,warning
46.495606,225.790751,42.307359,0.971226,59.989931,33.321570,normal
100.319158,197.241774,90.899186,0.857398,59.835570,64.535526,critical
90.870475,211.353678,95.902572,0.927050,60.070254,55.794351,warning
104.785024,203.509207,94.785397,0.839874,60.212766,63.475028,critical
70.337186,227.546441,78.453509,0.960580,59.975053,40.256826,normal
93.982886,209.339032,95.870972,0.843520,60.010141,62.735167,critical
46.861919,227.707455,46.292438,0.956661,59.995423,39.821948,normal
56.557861,235.015725,59.220396,0.967446,59.921908,43.876474,normal
64.943447,233.627962,69.096878,0.967639,60.015683,35.245948,normal
86.709156,219.528876,91.457327,0.882833,59.849108,60.314814,warning
85.213324,227.562276,87.255265,0.903744,59.948614,38.328725,warning
88.617698,213.696054,87.454739,0.929597,60.093532,56.090591,warning
82.940854,238.859508,81.479609,0.921450,60.079546,59.878338,warning
94.975488,211.176238,109.121850,0.820177,60.278628,61.822055,critical
74.263877,240.555508,72.414839,0.914745,59.913408,45.918220,warning
33.213338,230.161072,34.764363,0.953552,59.998917,41.944438,normal
51.487772,228.910894,52.584802,0.955723,60.015081,41.363527,normal
100.796464,216.217517,99.081039,0.865084,59.671732,71.927955,critical
49.855046,228.676713,53.236786,0.962309,59.941714,38.093949,normal
70.990356,223.604318,68.922728,0.902527,60.105026,40.257213,warning
46.619129,221.355579,36.714603,0.941375,60.039597,33.720286,normal
89.888470,222.495839,95.154005,0.925639,60.030406,59.818419,warning
66.880763,224.724846,65.884491,0.959977,59.985924,41.120702,normal
94.832922,215.443591,93.608319,0.826195,60.006793,69.160286,critical
77.815856,239.769178,71.484694,0.898840,59.946151,54.243645,warning
64.997215,229.038061,66.271144,0.944678,60.031001,39.161785,normal
64.921580,229.701545,63.559767,0.963139,59.976458,43.081902,normal
112.817562,242.348761,118.480025,0.800353,60.094581,63.990890,critical
48.265444,230.516198,34.378749,0.963034,60.010344,37.515737,normal
75.103923,224.745778,82.824959,0.911601,59.927726,44.172420,warning
86.300147,218.666538,82.913294,0.948041,60.065581,50.784294,warning
67.868080,225.093441,68.120083,0.943864,60.054751,32.917195,normal
105.484384,195.102814,101.927123,0.821184,60.071189,70.114739,critical
84.230734,213.256877,94.638212,0.879847,59.924761,36.318101,warning
63.443515,223.408743,63.786317,0.957660,60.011831,41.200244,normal
76.456971,220.625859,86.198131,0.921633,59.996467,38.033571,warning
98.080405,215.330476,95.714540,0.850869,59.809419,68.484136,critical
71.391045,216.358054,67.962249,0.965017,60.005074,54.873938,warning
58.140219,228.075365,54.935469,0.955314,60.018719,36.970058,normal
54.447139,232.369532,52.678214,0.958371,60.040402,35.556833,normal
74.387917,223.684073,75.702984,0.933227,59.991780,55.158785,warning
42.682484,225.750211,44.422766,0.947254,59.967787,38.121638,normal
44.068816,225.805695,43.016169,0.954987,60.017945,37.514815,normal
98.524867,204.535289,106.523865,0.762309,60.005020,64.754614,critical
76.275991,230.023440,73.475927,0.985454,60.076929,42.281714,normal
57.722199,229.444161,62.799959,0.960743,59.969840,34.753400,normal
61.110910,232.926905,60.605947,0.974192,59.999354,40.128044,normal
59.663409,228.043374,64.115777,0.985850,59.984905,32.173091,normal
56.227031,226.035171,54.427467,0.953533,59.978964,43.506353,normal
67.505860,226.218310,66.608671,0.962820,60.003153,35.274832,normal
107.846593,243.550651,118.238621,0.812057,59.926604,73.633747,critical
75.764555,232.308304,80.984561,0.903598,60.072320,57.066077,warning
102.565880,212.017485,103.433320,0.860416,59.824684,61.176061,critical
55.318187,229.690312,57.844126,0.932921,59.999591,38.558179,normal
82.193552,207.190681,83.693348,0.870125,60.166282,50.584229,warning
53.499056,230.725881,59.525740,0.940694,59.978565,43.163804,normal
98.751221,201.883344,102.034852,0.793454,60.597110,57.473562,critical
63.935640,227.727650,62.962599,0.944341,60.029779,41.414844,normal
101.039047,201.702835,108.087961,0.786025,59.830537,67.856454,critical
63.258073,226.210159,65.328149,0.976216,59.970175,35.183059,normal
76.814781,206.667257,80.220528,0.940111,59.957079,49.244047,warning
56.244792,224.324325,56.718648,0.983109,59.967445,38.222274,normal
59.798987,236.226799,52.254038,0.963094,60.041928,43.221362,normal
48.384562,231.248567,51.687548,0.973118,60.008330,37.795391,normal
50.968755,233.022175,47.668231,0.971299,59.930590,40.333528,normal
51.146030,221.979370,54.529161,0.987035,59.994337,40.721062,normal
79.184867,218.065847,78.395639,0.934532,60.044086,46.399572,warning
60.813229,233.009391,61.922180,0.967772,60.002122,39.289761,normal
52.164391,228.309039,44.936100,0.963613,59.973610,41.973285,normal
52.329688,226.807983,53.402243,0.984049,60.055029,41.519388,normal
88.415050,218.032437,90.897459,0.887424,59.923063,48.770295,warning
87.400719,225.003471,88.997844,0.931118,59.952013,48.788941,warning
76.958559,238.772117,72.083721,0.920671,59.916400,52.542482,warning
39.794151,231.858596,35.206980,0.970271,59.995901,36.626904,normal
92.062188,220.084475,92.710158,0.923303,59.879335,46.413228,warning
102.023448,206.735261,94.181990,0.817508,60.421947,62.405185,critical
89.088094,240.481944,94.544762,0.891701,59.990588,51.242309,warning
55.044320,221.799704,51.178445,0.952215,60.028320,34.680881,normal
57.467572,227.272325,62.605468,0.957212,59.945306,38.332623,normal
62.108473,227.578543,67.454945,0.977279,60.014078,40.535792,normal
61.679279,230.794963,59.705615,0.968621,60.056247,38.267156,normal
52.116216,234.740256,50.651957,0.952602,60.087507,40.952779,normal
71.766983,220.530616,62.990153,0.889192,60.047593,53.067652,warning
98.806403,243.146197,102.453182,0.856822,60.127107,71.678017,critical
45.931623,226.414533,42.718952,0.971090,60.037441,34.982661,normal
57.150739,233.211979,54.799367,0.962584,59.954766,42.596907,normal
54.547352,223.055149,50.171340,0.950085,59.974467,34.811545,normal
50.608071,230.000774,52.854087,0.954511,60.070885,41.024773,normal
80.437009,207.663197,85.601563,0.921748,60.079563,47.825775,warning
53.491776,233.741594,40.718536,0.971038,59.983887,38.839411,normal
65.596851,229.889911,59.316005,0.982651,60.006540,41.962270,normal
41.370838,228.599604,43.846895,0.974491,60.053110,43.457836,normal
74.245860,213.275609,63.963196,0.934242,60.052568,54.107411,warning
55.279717,225.204051,54.407200,0.957517,59.925834,41.448439,normal
66.809573,216.727150,59.579767,0.908645,59.967291,55.108452,warning
89.442974,211.541723,88.261149,0.907326,60.004586,46.433519,warning
86.174127,217.158162,83.793587,0.927064,59.992384,44.550586,warning
49.199043,232.295760,55.127245,0.968588,60.013609,42.426310,normal
59.493089,223.401088,67.820419,0.942497,59.978789,38.201686,normal
42.032270,238.355552,52.536463,0.963010,59.917245,43.178316,normal
55.900629,231.745261,49.528567,0.965186,60.008626,42.585430,normal
83.298382,212.945294,92.601738,0.919588,60.016622,52.160246,warning
84.928992,225.598266,87.377862,0.907326,60.038553,52.853662,warning
70.865416,227.658384,75.773741,0.966832,59.987824,45.805783,normal
50.435959,229.097195,47.382238,0.957961,59.964649,40.064354,normal
105.973327,215.553644,109.316195,0.843613,59.735805,69.481860,critical
44.450021,230.139253,39.969989,0.980526,60.053771,37.828804,normal
101.377656,247.973982,118.573759,0.808086,60.131202,65.270911,critical
57.376058,229.341344,64.161137,0.969896,60.023868,34.566438,normal
78.644504,210.066981,89.718181,0.924334,59.971983,50.352094,warning
41.828453,224.641128,44.237864,0.966312,59.998472,45.575646,normal
113.314326,250.387940,115.389300,0.900052,59.999490,73.865291,critical
80.939624,227.241107,92.224125,0.885352,59.944679,48.058855,warning
49.252091,227.190014,53.325446,0.966703,60.044043,36.862447,normal
84.400313,224.610762,91.615779,0.939938,59.911345,51.547821,warning
84.273674,239.410641,79.748558,0.906844,60.014742,48.510045,warning
73.020350,222.170257,68.921592,0.899409,59.986866,48.842949,warning
63.495457,227.197144,62.813106,0.954532,60.050520,37.793610,normal
55.408452,228.474026,56.449573,0.987161,60.039763,40.352007,normal
45.711934,234.482151,53.507833,0.960660,59.976795,38.555076,normal
101.856740,207.662034,100.512787,0.835481,60.093964,68.380325,critical
95.863689,206.007191,91.961336,0.829843,59.885395,72.348926,critical
100.223396,249.828608,97.587538,0.852812,59.925766,58.464333,critical
79.585274,212.436408,72.186000,0.909390,60.126732,47.586015,warning
55.094051,228.606945,53.068580,0.947096,59.975438,47.806989,normal
44.390075,224.185439,46.399981,0.952872,59.968872,38.685623,normal
106.194670,212.351434,114.624543,0.801377,60.157925,78.162168,critical
109.927225,239.159845,123.020240,0.844978,60.190214,74.174343,critical
80.551469,217.801522,75.231973,0.874132,60.080145,50.213958,warning
59.070723,224.399442,65.243591,0.949472,60.056953,42.501162,normal
65.560941,229.441319,64.790483,0.959824,60.045318,38.525804,normal
98.644739,198.361381,82.922923,0.897926,60.110368,67.607554,critical
107.492671,214.772040,109.755783,0.891234,59.702372,71.502979,critical
87.062783,210.566503,81.734312,0.943388,59.982262,46.016035,warning
64.595623,228.228158,64.917045,0.954130,59.994556,33.405936,normal
81.231676,219.175624,84.617958,0.893836,60.080000,49.466671,warning
80.294376,210.976463,78.340163,0.884198,60.056966,47.335632,warning
96.904564,203.106183,104.584068,0.831492,59.492226,69.223502,critical
55.700680,229.565462,52.783781,0.958871,60.000251,39.630716,normal
37.581534,224.500896,37.018548,0.943381,59.967544,45.702385,normal
41.370162,232.515160,39.428340,0.963215,60.049091,46.142351,normal
68.417769,236.948148,84.052428,0.934177,60.056170,45.910429,warning
69.922834,229.673671,71.694658,0.955765,60.034090,38.177642,normal
84.334875,222.353448,92.744819,0.895016,59.878935,49.643350,warning
102.079008,212.846839,112.992431,0.889056,59.965198,73.944146,critical
95.580014,215.706465,98.429090,0.956867,59.947982,56.498427,warning
86.246138,220.769432,83.151188,0.925094,59.944150,61.315420,warning
46.348947,233.875716,49.828000,0.971622,59.966675,38.315283,normal
88.257273,200.306680,97.266755,0.913354,60.023754,46.010143,warning
56.403871,232.752655,58.274696,0.974606,59.989414,34.822986,normal
83.021959,211.942853,81.157529,0.939940,59.955789,55.008504,warning
77.224154,221.880652,81.632543,0.887778,59.933335,53.928157,warning
79.523534,227.221558,94.641607,0.948830,60.109265,50.571131,warning
91.733719,203.676589,82.359487,0.900438,60.102075,44.180603,warning
87.051023,212.894299,104.518127,0.933095,60.032982,53.960484,warning
62.772596,234.044304,62.582509,0.995954,59.967531,39.229124,normal
96.014629,207.991931,105.763679,0.817286,60.126457,63.352105,critical
56.925503,230.671113,57.107155,0.968177,60.046010,43.914748,normal
37.425004,228.014350,31.130271,0.989337,60.000953,38.185439,normal
103.537861,236.672466,100.263292,0.793765,59.887970,71.113758,critical
73.241973,216.952564,82.574807,0.924238,59.761369,57.195305,warning
72.264801,224.060952,80.395696,0.957329,59.977133,40.089728,normal
59.625790,226.215546,64.709497,0.970728,59.947446,47.360659,normal
75.178576,200.423900,74.816263,0.932391,60.078187,53.870839,warning
108.614443,201.615790,108.769290,0.905094,59.786131,64.084390,critical
47.327112,234.626112,47.531954,0.951296,60.024765,36.099953,normal
105.888559,245.488671,113.116733,0.834358,59.944397,72.094857,critical
95.734761,220.717056,97.981055,0.961508,59.807701,62.043174,warning
106.041957,212.886410,100.201891,0.871944,60.172973,65.799867,critical
59.727205,227.042308,57.396330,0.949364,60.013921,41.774601,normal
43.451721,222.412793,46.002891,0.978115,60.061649,35.797463,normal
87.384832,222.440213,98.537495,0.916883,59.957315,51.268681,warning
100.513292,218.929410,99.919353,0.801683,60.019997,66.569202,critical
46.641541,226.202417,50.518787,0.950449,59.968757,38.682348,normal
46.785755,226.153609,45.299240,0.927740,59.973341,39.474866,normal
40.058952,220.849548,44.101342,0.995372,59.985778,37.392381,normal
70.573053,225.983903,74.720273,0.951235,60.032109,34.918199,normal
42.443436,227.357788,36.182765,0.971270,60.056573,34.662266,normal
52.818923,223.451175,47.397000,0.975568,59.943471,40.643006,normal
59.711056,235.264129,58.503888,0.946011,59.953883,34.257454,normal
91.313863,219.755374,98.122893,0.915110,59.991470,50.465865,warning
43.204467,223.569077,54.359061,0.955925,60.035623,41.179623,normal
37.542909,230.040850,37.647696,0.957505,60.035098,45.014310,normal
111.179319,206.175204,118.118160,0.850049,59.836971,55.851323,critical
85.341158,217.809391,93.053592,0.921740,59.975250,56.290698,warning
71.779149,204.182025,77.047742,0.897289,59.941382,52.862881,warning
65.497728,220.742031,58.059933,0.974094,59.991425,38.497357,normal
85.094701,217.625928,73.162865,0.930636,60.066851,50.381207,warning
67.693219,223.898534,68.396897,0.931549,59.999906,36.995589,normal
75.212030,214.712890,81.903327,0.905930,60.014003,47.446059,warning
81.084560,222.440189,86.707419,0.921315,60.009417,51.643287,warning
57.505870,229.020672,54.243818,0.961236,59.950529,36.469915,normal
58.162508,231.218651,65.324119,0.965063,60.051958,29.168871,normal
64.234108,230.355960,73.360497,0.984882,59.971993,44.848668,normal
52.497988,228.018732,46.376520,0.972779,60.021866,43.743924,normal
61.974414,226.595491,58.049235,0.957708,60.087249,35.156829,normal
112.293127,242.805075,113.822837,0.837962,60.126183,63.268138,critical
63.492204,225.404127,70.431678,0.920842,59.991767,49.901096,warning
92.412809,212.642592,93.722681,0.900780,60.063278,41.912543,warning
34.901522,229.289789,34.789461,0.926719,59.982916,43.009997,normal
60.164335,227.882348,56.735455,0.983772,59.969232,41.157430,normal
96.135228,199.552458,104.546082,0.803707,60.413917,65.951795,critical
95.766551,194.194886,85.816354,0.873658,59.823752,69.035487,critical
62.524927,235.719096,67.552085,0.954024,59.942305,36.106917,normal
82.426011,214.821163,83.395566,0.904375,59.855698,51.516930,warning
40.104917,229.156447,39.662289,0.987162,60.029375,41.722848,normal
100.071690,197.687398,89.966135,0.826156,60.179360,54.062538,critical
53.124579,231.161174,61.667554,0.971575,60.072340,46.632320,normal
50.825188,227.855121,45.841723,0.952422,60.031996,38.779078,normal
47.868833,221.529596,48.264554,0.960965,60.024327,36.500133,normal
54.377198,226.858706,52.888558,0.958537,59.974184,33.559901,normal
74.719334,235.807401,82.549660,0.882309,59.867032,44.354287,warning
60.901247,223.864358,58.436121,0.962897,60.037880,37.668590,normal
91.501600,218.048177,92.030289,0.890197,60.011993,55.546156,warning
59.263163,225.930041,58.326140,0.964923,59.985962,42.797124,normal
110.277013,243.475713,103.613003,0.826271,60.037528,65.720112,critical
77.585230,208.229823,78.760004,0.884444,59.957295,49.926079,warning
45.304061,230.648295,41.026114,0.956007,60.072968,41.274762,normal
90.978026,211.586834,90.130923,0.859992,59.892235,69.908932,critical
53.124345,223.538845,53.416536,0.965029,59.990853,40.511643,normal
76.471708,218.686460,74.649631,0.894032,59.972783,40.027786,warning
50.740467,228.115506,52.225239,0.935029,59.999543,38.830979,normal
96.163157,217.162842,95.086797,0.788321,59.643573,57.813588,critical
55.498959,233.049600,49.145666,0.966361,59.983794,32.276753,normal
56.051372,226.440453,49.409610,0.994640,59.972927,34.439029,normal
92.246682,212.398402,94.309838,0.924441,60.094563,54.730847,warning
77.789805,212.924682,86.123133,0.898344,60.213907,53.353253,warning
82.503031,224.283278,83.051180,0.902467,59.984944,47.279489,warning
68.896844,238.171748,66.678649,0.914900,59.978192,58.542119,warning
48.907696,226.595702,48.392758,0.962562,59.976328,40.771907,normal
55.670249,232.296030,66.302130,0.955835,60.013997,33.528058,normal
40.191339,231.822932,40.075218,0.967933,60.009447,37.831598,normal
69.956384,217.524228,67.939225,0.911621,59.955136,50.385551,warning
45.662458,229.287759,49.898435,0.962206,60.027418,39.851364,normal
47.166888,227.988002,46.514545,0.946103,60.093603,45.990228,normal
106.442666,200.710308,108.728985,0.868791,60.264315,68.022399,critical
72.994573,226.332067,73.496824,0.963031,60.041267,42.463042,normal
89.195714,219.484337,82.615421,0.910160,60.049846,54.255300,warning
69.694583,229.419962,72.075590,0.960900,60.025229,36.423279,normal
47.953643,224.641066,43.107274,0.953811,60.004660,41.456690,normal
86.904821,224.638603,76.291064,0.923546,60.122320,56.697655,warning
55.717720,233.149459,58.408047,0.978471,59.982509,43.166065,normal
97.504993,209.209529,99.902411,0.837456,59.959997,67.231004,critical
83.583368,230.024912,78.070925,0.923573,60.262662,58.478593,warning
78.149980,223.270100,71.663544,0.939033,59.857013,53.079754,warning
64.184764,225.089308,59.057013,0.963948,59.981936,35.465080,normal
102.112988,201.014203,104.530964,0.826668,59.835212,60.777732,critical
72.682147,217.177963,70.452359,0.939643,60.013124,46.629976,warning
44.213758,222.710398,48.134137,0.947599,59.957402,38.720253,normal
82.461753,212.546425,84.461300,0.900586,60.025582,57.912058,warning
81.925186,224.084891,83.812437,0.945296,59.943635,52.797258,warning
93.482211,207.041649,104.294506,0.765210,59.995295,66.294993,critical
48.516485,226.472846,46.769474,0.992947,60.012624,32.920450,normal
77.375486,214.455015,87.905392,0.933815,59.943183,50.622346,warning
44.935736,227.282077,46.483917,0.981129,59.991969,40.431473,normal
52.075017,225.842418,46.524167,0.976673,59.942866,30.657558,normal
86.090149,236.906774,84.340325,0.939660,60.023236,45.237472,warning
39.897149,227.519725,48.214026,0.978571,60.009003,40.407714,normal
51.872456,236.814217,52.022628,0.973344,60.014094,36.765015,normal
39.237974,232.485735,41.241437,0.976583,59.973496,44.024445,normal
115.528935,197.719011,112.847717,0.838318,59.709232,67.839613,critical
77.964731,211.398833,82.988904,0.933227,59.843461,47.415912,warning
61.439401,236.546366,60.029633,0.972913,59.984333,41.678636,normal
90.776714,221.534250,93.531883,0.918293,60.103429,47.820943,warning
72.317729,216.495749,73.036259,0.912211,60.171625,46.181076,warning
70.427976,211.623423,60.318761,0.914527,59.894844,54.024592,warning
101.674143,198.801175,102.171451,0.835364,59.646914,64.922808,critical
56.012911,223.186818,58.129269,0.950398,59.986428,33.460311,normal
91.707417,218.328297,91.214146,0.884495,60.102997,54.699660,warning
111.961088,193.806062,105.339211,0.860850,59.792567,58.223674,critical
83.503033,224.187605,88.412942,0.945904,59.973139,53.821215,warning
97.081366,245.193340,97.877355,0.804553,59.935343,61.195999,critical
54.710664,230.492987,59.814361,0.942709,59.982360,40.224612,normal
57.076089,221.046528,52.221612,0.943871,59.989496,44.576249,normal
74.525443,241.965815,71.873993,0.934018,60.253257,47.969650,warning
99.686488,210.692123,102.061111,0.797438,60.102355,66.830526,critical
47.534209,231.823658,48.296676,0.984357,60.007518,35.061591,normal
94.939556,251.152169,92.541602,0.779661,59.982327,60.283122,critical
81.481685,241.640885,81.476529,0.925570,59.825777,48.757657,warning
49.131695,227.946495,53.837039,0.971445,59.980471,41.415521,normal
47.759792,225.209872,45.175859,0.924419,60.065891,38.625480,normal
94.292270,213.969918,102.652368,0.914051,59.935673,41.902341,warning
52.345247,221.904216,55.860002,0.955824,60.012622,38.223659,normal
48.720967,224.297339,42.107683,0.958080,59.932824,36.538845,normal
49.186153,223.813171,53.514367,0.962628,60.039667,41.984097,normal
76.737839,218.207559,73.479630,0.952398,60.082565,57.209875,warning
89.479045,204.312449,96.986316,0.871699,59.939470,62.965470,critical
50.362239,232.853687,52.110287,0.953450,59.978739,39.590594,normal
56.668336,223.667807,57.353233,0.964275,60.002451,43.004463,normal
51.978471,228.775070,50.643112,0.962179,59.956948,39.721642,normal
95.168084,207.327520,97.281112,0.867631,59.997385,69.931880,critical
97.000027,242.619890,107.551675,0.925395,60.302755,68.273567,critical
86.318038,206.267429,92.728382,0.877248,59.944673,67.192456,critical
59.520969,226.393604,64.533146,0.966956,59.954213,37.044693,normal
63.480658,228.916376,60.993820,0.971963,60.007756,37.374529,normal
103.168535,250.585427,115.939975,0.775077,60.268245,71.437212,critical
77.063527,229.306950,85.211246,0.901916,60.054074,57.783052,warning
97.215339,201.575569,99.396076,0.839822,60.222330,63.502797,critical
46.067826,225.242302,44.774250,0.955122,59.939478,45.314636,normal
53.054070,224.679061,57.367435,0.966396,60.041372,41.908398,normal
84.733862,224.905889,96.507091,0.924002,59.999165,51.430491,warning
31.600270,222.777286,30.278483,0.979370,59.981743,36.668116,normal
41.678575,229.679011,38.308924,0.949260,59.974517,39.275514,normal
82.129781,218.354461,81.258529,0.925720,59.895566,50.212800,warning
90.936073,197.558361,87.641456,0.815756,59.893847,64.376107,critical
54.389617,229.138378,53.797057,0.960662,60.004914,40.916009,normal
104.911179,206.957477,107.858697,0.910207,60.233369,61.725143,critical
57.315662,230.812636,54.556955,0.973107,60.021963,40.726741,normal
66.628253,228.293523,67.321478,0.976512,59.992368,42.525451,normal
94.921723,244.455945,101.593248,0.846708,60.033317,69.506119,critical
74.226157,239.901367,75.900392,0.944674,59.956746,54.893852,warning
75.645452,215.620527,71.119674,0.854837,59.949071,43.360607,warning
89.243183,213.332003,83.541559,0.944549,60.045527,47.467949,warning
43.863392,223.576944,53.616733,0.934612,60.015691,38.652368,normal
44.482171,224.720475,42.906056,0.958332,59.990164,36.836247,normal
109.386445,239.038379,106.099444,0.833680,59.756929,66.661738,critical
101.486959,214.095785,101.817312,0.859287,59.927853,60.055584,critical
47.852693,220.763834,39.629937,0.965922,59.965320,36.291011,normal
51.981840,228.448465,59.963452,0.960238,59.980867,35.418228,normal
83.412211,209.412459,87.467474,0.929037,60.141447,43.369958,warning
36.056313,228.278908,39.369507,0.963640,59.963659,39.344153,normal
60.410919,231.847182,65.294626,0.992708,60.025100,40.726109,normal
72.848479,226.716387,67.410738,0.999530,59.999562,34.787129,normal
50.277348,234.555026,50.041760,0.959287,59.947114,35.796615,normal
58.614050,227.785508,60.401821,0.945167,60.010578,49.284530,normal
59.218008,229.039663,56.863210,0.956162,59.993300,38.575122,normal
40.029121,221.395744,43.127527,0.957556,60.029981,39.703658,normal
54.917692,230.465994,49.623983,0.981667,60.010926,52.004896,normal
56.129705,225.565035,57.781399,0.978266,59.962054,39.698283,normal
54.689939,220.858695,52.128878,0.961233,60.028925,36.580611,normal
85.460045,207.033354,85.492718,0.911193,60.078830,48.732637,warning
60.939687,232.101730,57.160781,0.972854,59.982557,39.400367,normal
88.174412,217.363449,78.497363,0.895802,59.931031,45.821980,warning
48.910353,229.249970,51.137620,0.953529,60.060272,36.598795,normal
84.989133,225.219733,93.644795,0.957550,60.062841,46.586653,warning
42.613843,229.277459,44.773678,0.975689,59.989907,38.369745,normal
97.602496,214.736132,104.673784,0.802466,60.083257,67.191949,critical
45.636438,226.379574,49.184665,0.967542,59.967067,41.801711,normal
75.818880,210.880627,68.042798,0.940804,60.126789,48.772717,warning
55.992452,231.707968,57.831064,0.943204,60.047974,47.349375,normal
56.063646,223.498018,59.795377,0.980257,60.017482,42.817445,normal
79.724808,207.257329,84.561227,0.888757,59.801195,66.845660,critical
66.731141,217.651811,73.067658,0.904644,60.110105,51.067188,warning
104.788279,214.627532,102.588541,0.861537,59.668146,67.427549,critical
53.059535,222.228888,63.542490,0.961570,60.017076,41.008823,normal
63.626768,225.622791,64.749430,0.965492,59.979116,35.859101,normal
83.095655,225.679452,87.971882,0.884877,59.879760,53.907225,warning
68.657766,226.397866,65.866100,0.968325,59.984606,36.624766,normal
84.720195,221.656161,85.543581,0.943275,60.022048,48.880843,warning
77.339195,220.014535,68.674003,0.911959,60.024922,51.366659,warning
52.515094,230.326540,52.399798,0.967387,59.949182,40.371332,normal
75.745834,218.431308,76.709762,0.918545,60.027405,50.899148,warning
82.527569,240.073754,86.178882,0.853234,60.019702,52.224099,warning
82.077382,226.243141,84.956706,0.909738,60.131829,51.673951,warning
114.180360,238.285268,118.480293,0.854779,59.877430,69.882784,critical
50.686325,228.345283,50.755464,0.981134,59.975014,39.219794,normal
60.624181,227.143742,68.918288,0.947631,60.013095,34.180664,normal
68.213831,214.188237,62.683976,0.876310,59.977824,52.790088,warning
52.085824,228.042590,49.140371,0.986497,59.941882,30.472969,normal
112.952159,197.046266,125.382808,0.864970,59.787776,70.564592,critical
53.059737,224.031868,45.434908,0.959484,59.986930,44.675637,normal
58.757380,224.806009,54.772137,0.966153,59.971054,39.919989,normal
52.833775,227.863653,56.900428,0.951686,60.004083,31.397365,normal
88.896678,216.990096,90.177294,0.900860,60.007452,48.283371,warning
99.745075,218.950260,105.002445,0.891676,60.012555,48.704465,warning
82.838316,240.063483,85.180505,0.902176,60.042160,45.740316,warning
96.267104,209.961680,91.968738,0.858555,59.879595,68.775026,critical
81.701708,220.310987,87.886792,0.946010,60.134672,48.237621,warning
73.786888,228.004176,73.810237,0.993848,60.000287,37.893136,normal
61.952709,227.894419,62.011063,0.972367,60.009624,36.771274,normal
68.890667,231.593946,70.836514,0.965794,60.039710,39.633859,normal
76.365303,212.983442,70.615442,0.909981,60.015226,55.042670,warning
75.952576,216.873924,77.333436,0.920976,60.159326,44.636228,warning
80.415653,216.478939,79.572400,0.856432,59.970830,50.723894,warning
77.468445,215.652585,84.297246,0.857657,59.837680,60.806967,warning
98.215283,246.848526,103.564456,0.797387,60.304111,72.588245,critical
55.298084,230.182187,63.684422,0.953186,59.985525,39.319125,normal
77.085413,221.920436,72.287264,0.927714,59.961079,42.193664,warning
88.184642,219.797575,88.861598,0.952058,60.052719,50.748823,warning
59.022519,227.693750,60.863316,0.940965,59.950101,40.834160,normal
80.243245,217.298757,78.637067,0.873735,60.016533,55.140139,warning
88.595356,223.939317,80.113230,0.894613,60.002016,49.602296,warning
108.243759,214.231406,116.344885,0.827290,60.066971,59.372118,critical
63.452026,233.527768,61.843177,0.952157,59.987124,40.314369,normal
57.791846,223.396388,48.785609,0.990221,60.015273,35.230698,normal
64.682846,228.246464,65.433840,0.957656,60.035324,38.582866,normal
73.426774,223.459185,83.343302,0.957256,60.029042,34.396325,normal
80.989965,213.122241,69.000120,0.886175,59.945705,58.596562,warning
52.132059,230.395375,50.572126,0.958907,59.951918,31.918097,normal
65.658732,227.455804,61.378413,0.977351,60.081604,40.562242,normal
43.056525,226.093221,49.153273,0.964426,59.895370,39.311660,normal
63.409261,231.375207,62.178287,0.936646,60.001243,34.269854,normal
53.332713,219.181626,53.960391,0.968771,60.014689,33.233801,normal
82.322688,215.157117,79.106013,0.881398,60.208604,55.642260,warning
68.616028,233.378426,74.930907,0.963834,60.008601,38.216929,normal
51.873351,228.605000,46.230927,0.964424,59.989025,40.547373,normal
107.752924,207.584891,104.139106,0.844284,59.950872,71.424405,critical
89.178963,220.681324,85.825000,0.951074,59.797636,44.862018,warning
44.948257,227.063651,48.269937,0.958045,59.997978,32.316509,normal
52.098576,224.247210,59.437289,0.967892,59.957636,36.749738,normal
39.872148,232.543764,45.102265,0.964949,59.971329,38.746328,normal
73.427249,219.134545,77.254274,0.902465,60.136486,47.780345,warning
79.265850,201.689424,63.523523,0.932103,59.979909,55.866722,warning
97.012551,207.961212,90.289255,0.814621,60.258338,67.378989,critical
78.953568,220.056179,79.856333,0.897241,59.950351,51.439200,warning
61.068844,231.182518,58.138147,0.973378,60.005343,37.916785,normal
107.669332,239.832514,103.363797,0.822445,60.054608,58.416098,critical
55.382804,229.270733,51.929874,0.972064,59.972336,27.231242,normal
63.531254,222.577932,54.735809,0.968496,60.070179,40.084319,normal
106.442237,213.361481,108.353499,0.839818,59.944887,69.831579,critical
85.307855,221.958937,90.408426,0.903799,60.042275,53.262031,warning
111.587631,246.058601,122.925360,0.856047,59.945870,72.995579,critical
64.953653,220.973999,69.290964,0.940905,60.098274,36.230388,normal
78.877921,229.117307,82.138972,0.924350,60.218157,63.229854,warning
85.815518,218.618170,77.017689,0.894784,60.023454,52.470364,warning
48.539383,232.108137,48.345469,0.978669,60.043539,36.030342,normal
73.912896,214.724034,79.305391,0.885320,60.077047,49.810684,warning
70.934388,226.561248,70.952256,0.971761,59.942651,32.613573,normal
55.681629,239.322223,54.711990,0.987664,60.002961,47.509095,normal
36.293376,229.790744,33.492255,0.995269,60.002160,37.222731,normal
53.328448,228.427212,58.335046,0.955115,59.997082,37.386487,normal
62.795095,231.480374,66.992243,0.957165,59.945036,40.604773,normal
61.940654,224.056209,63.085688,0.944084,59.981283,42.166672,normal
49.257606,230.302659,40.960911,0.971537,60.056236,40.096974,normal
54.991322,231.818695,65.295645,0.974655,59.997337,42.698921,normal
65.690088,224.934320,67.919876,0.938631,59.985588,38.965740,normal
42.810429,223.430565,50.885400,0.937270,59.922171,39.148754,normal
60.686005,231.981837,61.806534,0.981150,59.964884,45.006222,normal
73.188574,216.481016,66.968482,0.906947,60.112987,44.299659,warning
67.400643,233.424170,70.450412,0.976313,59.953469,47.269511,normal
89.611577,208.498865,93.920208,0.899338,59.973608,55.434142,warning
47.732484,231.090833,43.902875,0.975401,60.013588,32.800122,normal
79.838067,216.367445,86.839523,0.928070,59.987678,60.712292,warning
87.982221,222.601225,91.312162,0.893303,59.791129,54.338770,warning
49.444693,229.841951,49.083457,0.988763,59.973873,38.941128,normal
81.658347,216.833993,81.685998,0.941262,60.018910,46.886373,warning
87.457344,239.337894,80.779055,0.908159,60.039539,39.614582,warning
59.609091,234.295615,60.836100,0.975246,60.052787,40.646635,normal
86.795874,210.021088,81.645128,0.901929,60.158918,42.424094,warning
52.255058,227.746559,54.005081,0.969909,59.999469,37.817634,normal
86.447944,204.583868,98.347799,0.828180,60.295028,66.407831,critical
57.122128,227.380016,54.380959,0.956664,60.013644,41.566803,normal
41.300511,229.705788,46.239982,0.971840,59.954951,39.173043,normal
106.912819,207.895901,120.169112,0.841724,60.044546,59.731599,critical
52.956418,232.818851,55.724515,0.946280,59.979615,46.104906,normal
114.787554,199.807285,115.886928,0.831820,60.222668,73.107831,critical
51.002044,229.690577,46.476560,1.000000,59.949971,41.144914,normal
36.396187,224.585138,38.940547,0.967450,59.972869,37.438508,normal
50.126027,223.951102,50.954403,0.994128,60.067108,43.223893,normal
81.527757,221.130662,89.912595,0.913531,60.050910,47.089366,warning
104.674972,244.457750,116.676996,0.807169,59.980579,55.475641,critical
110.584834,248.529357,111.690772,0.916858,60.235549,67.255525,critical
78.421589,227.692580,63.823448,0.926077,60.057664,56.549693,warning
54.550561,225.022578,53.673033,0.964796,60.008830,30.317002,normal
60.885437,229.627812,57.997919,0.948186,59.999000,40.044207,normal
74.489649,217.094730,77.753160,0.921874,60.062548,57.015030,warning
77.698944,238.244900,76.636769,0.935088,60.042066,49.855447,warning
82.993774,242.576329,85.748613,0.831057,60.286769,77.873692,critical
62.138483,233.401235,64.886939,0.977271,59.978866,37.959827,normal
65.876105,231.984611,71.892188,0.890167,60.140114,52.405124,warning
55.806329,230.228186,53.889124,0.961696,60.061195,40.098352,normal
31.953904,228.842425,21.243415,0.966953,59.999275,37.624883,normal
49.412033,226.235354,53.839819,0.956272,59.997790,37.369316,normal
80.373488,228.280032,95.543374,0.883725,60.221079,47.416652,warning
50.883623,230.795889,49.522443,0.968374,59.944637,40.402901,normal
50.653774,226.029153,46.332734,0.967171,59.932331,39.379999,normal
73.898834,215.221171,80.000505,0.938234,59.898665,40.776459,warning
63.239196,231.853379,64.618993,0.980815,59.973072,36.759691,normal
37.416053,225.627699,42.429122,0.982111,60.025997,33.684549,normal
95.963740,195.016714,97.604130,0.874061,60.010968,70.465063,critical
62.376833,223.062382,65.829954,0.965938,60.061178,43.804693,normal
42.021005,232.773041,45.708146,0.969103,59.969682,36.757663,normal
56.076331,227.390553,48.135230,0.963675,59.974960,47.059230,normal
98.769280,202.033823,93.338306,0.834074,60.310630,70.113842,critical
54.819050,225.522243,55.824660,0.974161,59.974783,40.028617,normal
88.746470,217.641929,85.184368,0.920155,59.905252,59.572214,warning
38.877088,218.330502,37.107221,0.960352,59.940795,45.650808,normal
60.518112,228.381308,60.953262,0.957692,60.033186,41.410967,normal
53.786252,227.865451,50.144084,0.960920,59.923850,44.353313,normal
83.507218,232.422413,81.004498,0.932865,59.964950,55.711337,warning
48.720083,225.940381,44.136225,0.968904,60.008338,32.894581,normal
50.912272,229.746771,51.999929,0.985982,59.956626,35.010748,normal
63.069257,228.041414,65.674704,0.973720,60.004756,39.438951,normal
72.304088,212.744552,65.890825,0.899185,60.013564,45.404737,warning
51.906553,221.933216,47.146001,0.955917,59.933361,37.823769,normal
42.321670,225.018865,43.871618,0.956636,59.979376,35.050828,normal
58.571701,225.865202,57.593488,0.983557,60.014946,40.199347,normal
76.592144,225.576181,72.147774,0.929964,59.978001,50.136321,warning
74.260215,216.005783,72.018969,0.906716,59.911719,42.732007,warning
62.651796,231.957199,61.418336,0.940459,60.011831,41.444175,normal
73.906515,226.656684,74.955295,0.946972,60.002033,36.116023,normal
55.035486,230.254105,51.897474,0.965991,59.981985,39.376225,normal
87.619180,226.041191,87.304586,0.950527,59.724202,53.723059,warning
51.355046,226.317559,40.940529,0.942906,60.038908,34.310416,normal
92.638286,200.356994,91.436320,0.841810,59.890418,64.152500,critical
86.111711,223.576343,99.202618,0.907868,60.077415,47.288727,warning
81.790711,238.591572,76.390528,0.896886,60.206427,51.965037,warning
54.335753,228.013536,58.690526,0.975591,60.037200,40.874176,normal
62.335947,225.870029,64.956527,0.976237,60.038345,37.984906,normal
62.920200,223.956126,61.832089,0.955917,59.973016,37.563057,normal
120.196610,206.613304,135.000000,0.854851,60.040020,60.937583,critical
47.545218,223.769686,47.347680,0.969455,60.067237,39.561042,normal
86.681969,242.502738,97.303856,0.895678,59.889127,55.174822,warning
101.365493,243.019543,111.305391,0.791489,60.256715,54.206318,critical
62.074061,227.819011,60.567370,0.962417,60.008033,41.760567,normal
98.661354,244.787272,94.050181,0.882723,60.292811,67.129702,critical
76.250078,211.224827,82.918795,0.853957,60.075755,53.535164,warning
106.032417,211.729756,104.700747,0.834668,59.823634,66.954262,critical
54.628174,227.789855,54.475910,0.981340,60.020088,45.502802,normal
65.326857,226.650766,79.557495,0.969374,60.021135,39.232676,normal
34.300800,234.351517,33.302982,0.954113,60.027144,33.294840,normal
74.875018,209.700907,74.041665,0.905873,59.895154,48.017555,warning
71.597320,234.836613,70.563243,0.961677,60.019839,39.373468,normal
46.485899,234.538673,57.647894,0.933019,59.967472,36.681257,normal
45.102349,227.588630,45.503991,0.972795,59.945063,39.521061,normal
64.415983,225.782052,63.054178,0.964941,59.945605,38.164693,normal
45.095050,223.258258,53.422752,0.972907,60.022366,40.177794,normal
99.709906,248.404842,107.203294,0.845919,60.027514,58.761841,critical
41.660951,227.535086,42.577309,0.969578,59.968353,38.459252,normal
72.434535,229.068025,78.541711,0.962689,60.042615,35.561740,normal
88.894542,197.890841,85.401766,0.888526,59.506711,63.146837,critical
52.173110,225.969434,45.660284,0.994052,60.032036,36.853941,normal
58.755564,227.071461,59.861874,0.974567,60.048070,32.659487,normal
66.382702,231.919113,58.125969,0.954677,59.952462,37.328135,normal
37.733594,228.829018,36.061029,0.984280,59.981867,30.625022,normal
72.960926,224.720617,70.620679,0.941506,60.016032,44.269223,normal
52.307184,219.378453,53.325698,0.939969,59.954200,36.587700,normal
91.788250,202.718702,86.255562,0.853382,59.635470,72.637094,critical
86.321550,215.980016,81.648517,0.935406,59.993345,55.401309,warning
60.568848,225.631867,54.819599,0.953942,59.989427,40.598859,normal
47.764454,220.126676,48.519765,0.987065,59.997556,42.082944,normal
73.026243,220.135606,69.599515,0.957478,59.947379,47.173429,warning
76.141438,238.753975,76.071518,0.896457,60.117754,43.813519,warning
82.610576,228.018200,81.727683,0.913393,60.051077,56.113879,warning
53.894460,226.202384,60.991865,0.958644,60.001309,36.107573,normal
52.271666,229.723811,50.967633,1.000000,60.036998,37.807859,normal
46.581281,229.159746,44.085909,0.955544,59.996936,44.467432,normal
45.295140,222.807319,47.985763,0.959467,60.010698,48.091092,normal
98.405234,195.196010,111.630106,0.901230,59.963973,66.667564,critical
47.936848,225.652197,49.973053,0.928629,60.027102,40.948452,normal
94.234813,215.616208,95.283935,0.896523,60.006743,48.931704,warning
53.955071,231.923437,58.836854,0.985457,59.992370,45.999255,normal
52.409056,226.394294,47.997157,0.946519,59.939371,40.289571,normal
70.946137,228.322702,75.099844,0.955136,59.999883,42.382262,normal
78.672579,239.286769,74.946500,0.915072,59.777744,57.868916,warning
49.497293,228.804524,49.179481,0.971792,59.984985,38.043031,normal
77.498973,206.189384,87.123422,0.911146,60.122165,50.409986,warning
44.582742,228.139295,34.590913,0.960543,60.022765,45.900325,normal
68.784609,225.621604,65.151978,0.971836,60.016545,35.953711,normal
78.159356,211.148815,78.362378,0.890964,59.955787,52.880539,warning
106.052637,212.964533,105.227841,0.859894,59.974595,76.876477,critical
104.354115,206.322067,112.970843,0.833735,59.892841,61.602476,critical
87.710269,238.175198,93.094002,0.903102,60.101743,54.214827,warning
72.005674,235.801566,74.725316,0.972019,59.986871,31.462499,normal
62.881167,229.223597,65.645101,0.969708,59.997917,34.584302,normal
105.983666,200.342188,99.261113,0.846728,60.122803,65.245718,critical
95.491208,199.792877,100.065844,0.843193,60.061236,75.877522,critical
55.109438,222.904104,56.303910,0.956062,60.010536,32.344211,normal
102.771966,206.779506,104.945557,0.878191,59.596242,55.283176,critical
63.224641,229.978073,61.498328,0.969036,60.033148,41.779871,normal
104.450229,244.056283,99.687196,0.761954,60.040133,67.843938,critical
49.761866,226.098537,51.824365,0.991655,60.061055,32.476396,normal
60.834602,222.513174,65.274455,0.983922,59.946722,42.367643,normal
105.611429,239.919326,110.441223,0.852697,59.857067,65.374241,critical
38.977096,226.960570,43.736099,0.941683,60.033850,34.916282,normal
71.434400,231.444125,65.731642,0.965715,59.982271,37.255011,normal
69.075313,225.965049,72.352085,0.973721,59.970042,31.384640,normal
51.415742,228.182209,44.484885,0.944584,60.055986,42.698354,normal
86.869371,196.919880,91.238875,0.868248,60.042229,54.155853,critical
110.589501,241.806972,112.228609,0.874201,59.864198,57.701089,critical
103.477249,204.369810,105.446631,0.812633,60.068732,70.072071,critical
41.535674,226.705255,46.705901,0.973088,60.048270,41.232631,normal
109.755814,247.197706,119.696189,0.778378,60.113813,67.082926,critical
101.111216,201.508222,99.879838,0.755364,60.090921,60.571789,critical
93.899787,251.654888,104.739957,0.911334,60.507881,58.981500,critical
93.766988,246.162462,94.518254,0.818548,59.958604,70.897144,critical
75.856966,221.885155,79.221520,0.929265,60.044452,45.870715,warning
48.217244,235.690783,46.109194,0.960071,59.982478,43.442041,normal
40.626512,227.058304,38.216960,0.966677,59.985166,40.858462,normal
85.197105,209.525557,86.728830,0.928237,60.134002,59.251611,warning
101.624552,200.952068,102.854500,0.850980,59.918426,64.398470,critical
69.956128,230.287625,67.696469,0.967063,60.040902,37.848797,normal
76.942093,220.247159,87.560636,0.925200,59.923522,45.353968,warning
62.714292,226.207339,62.204922,0.940518,60.056556,38.146429,normal
48.142601,231.899609,47.807722,0.950389,59.898859,39.685519,normal
58.481233,226.501449,65.398270,0.961022,60.026825,41.275212,normal
101.144976,214.129327,105.748189,0.822612,59.959184,63.805079,critical
92.112022,209.341142,87.959890,0.911950,59.788284,71.222985,critical
104.637358,201.108233,99.746535,0.862223,59.632206,65.005682,critical
93.932256,208.379508,91.433593,0.899387,60.096551,50.709652,warning
81.384765,214.105645,82.730427,0.896310,60.004537,44.456456,warning
48.912588,235.271549,46.352532,0.981779,60.052706,39.276268,normal
67.975993,228.503474,63.048642,0.896941,59.736254,43.710271,warning
62.594116,217.378203,61.057620,0.901859,59.979257,52.886325,warning
85.051763,221.133130,96.003511,0.884215,60.076383,45.953488,warning
60.173426,211.897470,62.900980,0.926100,60.114571,48.427965,warning
103.617854,206.817329,117.649987,0.804550,60.038192,65.255227,critical
76.467242,223.751502,84.361550,0.906907,60.217683,55.455705,warning
76.837536,219.942618,81.128926,0.943823,60.037077,48.747810,warning
67.559646,210.627467,81.645757,0.974034,60.062782,51.714270,warning
49.929698,224.770122,50.080696,0.948055,59.978484,29.306002,normal
37.537782,229.418861,35.723588,0.968796,59.965464,39.635271,normal
103.808723,202.189820,116.549501,0.871981,59.731274,59.301896,critical
66.255427,229.834896,68.401008,0.971578,60.001828,36.598512,normal
84.962916,221.522220,100.185601,0.927738,60.147834,51.910822,warning
99.302118,212.761461,117.525505,0.851716,59.987212,71.577390,critical
73.134575,206.157339,78.485821,0.921151,59.947361,54.309414,warning
112.675970,202.535864,117.578087,0.824265,59.912396,67.843533,critical
76.407666,213.364774,83.182673,0.927537,59.991018,54.207719,warning
66.296492,210.872646,75.190815,0.889275,59.971705,43.325586,warning
107.195002,200.378909,111.906133,0.865896,60.036507,62.379323,critical
49.041114,223.901521,43.757769,0.931379,60.026280,37.426256,normal
33.952088,224.350362,34.444243,0.990075,60.008807,37.373161,normal
47.683135,228.870939,43.360733,0.991530,59.991662,41.260979,normal
74.491827,205.194252,81.824688,0.960814,60.027511,55.243198,warning
85.623005,220.453479,92.069380,0.926821,59.860507,46.283407,warning
103.330915,210.778479,102.101250,0.837841,60.009425,65.920447,critical
70.703810,213.703375,68.317146,0.899057,59.956744,57.146293,warning
102.014782,202.764117,104.435145,0.830820,59.666695,62.571810,critical
79.287187,205.942926,72.840045,0.928871,60.103843,48.461134,warning
80.117868,219.747545,78.004551,0.937228,60.126517,56.859602,warning
81.134061,202.384971,81.682727,0.940891,60.134949,55.070877,warning
64.608887,214.205115,66.705230,0.918228,59.928019,56.279631,warning
48.845697,223.592285,43.743035,0.924885,59.966820,42.825939,normal
64.066248,228.553760,62.913212,0.957694,60.005627,38.408843,normal
97.564233,206.431743,116.391527,0.820418,59.713469,56.055532,critical
86.489257,215.523188,92.377919,0.927905,59.900265,51.923117,warning
45.038057,233.132762,51.773137,0.970790,60.012872,42.835487,normal
79.462469,213.894730,92.388769,0.911269,60.049666,55.862332,warning
111.757679,200.530313,120.290772,0.864452,60.019778,77.053861,critical
70.745081,225.228973,62.473323,0.965155,59.929817,43.524919,normal
53.190228,225.083711,57.417195,0.996321,60.011031,36.632999,normal
58.693534,228.368948,57.283187,0.969840,60.006899,41.202485,normal
83.771540,239.790884,89.627884,0.939829,59.926019,45.402698,warning
83.071351,213.710871,85.398052,0.829843,60.026692,65.041450,critical
97.653247,238.370787,95.265372,0.969323,60.029680,45.789923,warning
42.270086,227.109682,47.061958,0.982788,59.941569,39.522727,normal
62.912003,227.445568,66.253479,0.947675,59.900880,39.726033,normal
57.900556,235.307436,57.538416,0.978846,60.006990,41.652180,normal
106.790184,206.422005,100.849349,0.747617,60.160112,68.556930,critical
73.441778,226.036478,76.041046,0.941705,60.032675,36.679959,normal
45.846695,223.360068,44.228080,0.951835,60.076058,41.538094,normal
116.331553,243.270485,119.937880,0.852763,60.185794,67.014589,critical
65.044019,227.257467,64.107803,0.969941,60.059923,37.407890,normal
72.508699,222.800835,65.623942,0.908750,59.966440,48.754119,warning
51.220829,233.058712,58.735599,0.961129,60.022839,41.550368,normal
77.271241,217.614029,90.967379,0.892141,59.818723,59.185907,warning
54.987466,225.884490,58.768140,0.981536,59.998705,33.829582,normal
96.143406,203.634457,101.105832,0.867481,60.249969,62.526627,critical
86.280638,222.001628,98.308792,0.918171,60.019260,48.241633,warning
83.556347,219.541115,101.090917,0.899969,60.160081,52.937801,warning
74.292480,210.921279,82.285133,0.948182,59.953748,54.177801,warning
53.422891,228.784376,57.151858,0.960070,60.003858,45.099056,normal
68.287343,228.568255,57.689085,0.940437,60.006731,49.036828,warning
43.035131,225.677437,38.306038,0.988945,60.025542,44.288972,normal
59.229797,223.560901,63.236731,0.965772,60.046937,36.768994,normal
83.505627,227.064910,83.999596,0.886940,60.065633,53.579708,warning
55.703152,231.411260,48.904189,0.964577,60.008431,43.412081,normal
97.625173,241.813106,112.668125,0.904194,59.861925,69.992659,critical
86.158179,218.844024,87.329243,0.882019,59.963331,44.622464,warning
86.584176,241.568085,88.844045,0.977147,60.013169,43.337768,warning
80.152284,240.744249,79.202158,0.883511,59.919637,45.655589,warning
58.146637,223.612891,52.936582,0.968125,60.031436,44.011128,normal
58.660024,229.643194,62.974598,0.967907,60.000519,35.776847,normal
86.520407,239.522080,90.206234,0.839541,60.140353,74.782327,critical
99.716199,202.500499,103.129047,0.787313,60.169336,67.234837,critical
64.846767,226.039062,63.269775,0.969805,59.980604,46.766137,normal
78.686467,207.575682,72.050350,0.922363,60.063019,42.133931,warning
76.880920,224.186169,59.657009,0.909802,60.097625,37.274143,warning
53.586339,221.026573,49.540828,0.951392,59.934432,28.818213,normal
82.130829,225.718746,88.069925,0.938662,59.871492,54.525251,warning
81.135848,209.949568,89.475910,0.887633,59.918322,60.478385,warning
66.779480,225.740577,66.270605,0.972701,60.002551,35.794751,normal
62.666060,224.856910,56.168794,0.940141,59.957448,42.921978,normal
96.033789,214.998258,94.595099,0.824675,59.731117,68.435892,critical
69.272669,226.080280,76.120434,0.941979,60.112588,53.392005,warning
87.131087,226.847613,88.542862,0.916704,59.882350,46.257199,warning
76.596313,238.348730,72.624070,0.878117,60.051889,45.995919,warning
61.518238,230.189583,55.918409,0.970068,60.053909,36.609989,normal
58.754788,226.395009,65.955400,0.962127,59.935774,37.798973,normal
49.380581,228.105581,47.452584,0.954684,59.972696,38.177665,normal
53.812916,234.784504,56.975343,0.974786,60.037648,40.873912,normal
56.461501,227.566883,69.126208,0.969227,59.976543,43.133319,normal
55.183004,222.453897,53.138962,0.951661,59.906731,32.660951,normal
92.891104,199.209307,95.651486,0.830113,59.646551,61.772837,critical
61.357822,228.222752,58.673315,0.972891,59.980817,36.399711,normal
51.137826,226.103854,52.106152,0.949894,60.016418,39.446981,normal
61.833570,230.688872,60.504031,0.941053,59.987572,45.146802,normal
65.073561,206.534298,73.826369,0.903856,59.886471,53.137815,warning
61.210233,236.543031,56.369704,0.947562,59.982130,41.516203,normal
84.431748,213.102325,91.009172,0.895745,59.913363,41.128509,warning
77.808747,207.300114,86.977834,0.921407,60.035956,40.789967,warning
41.329516,223.366434,37.776211,0.958143,60.012524,31.576718,normal
85.989963,214.709435,102.500116,0.909927,59.951147,52.810025,warning
105.320248,215.430987,113.138409,0.793751,59.757224,67.295948,critical
47.494722,228.563050,53.099992,0.973256,59.995460,36.430209,normal
56.844637,226.645459,62.939598,0.955161,59.958404,40.632611,normal
70.511291,228.046623,75.083846,0.919033,59.885607,53.035311,warning
53.057043,222.504267,45.174864,0.965639,60.028823,35.839326,normal
81.581298,231.413989,75.804181,0.878460,59.845202,46.588411,warning
90.494478,216.018321,106.461154,0.832525,60.486294,69.939393,critical
107.207938,210.227126,114.577546,0.843340,60.087292,56.128021,critical
67.245479,228.211782,69.751556,0.981330,59.960350,42.051843,normal
53.538305,228.602263,54.846636,0.954892,59.963963,41.314984,normal
30.738238,225.436024,23.445149,0.936287,60.061078,40.894301,normal
76.718175,212.704891,78.570634,0.941759,59.917738,58.445217,warning
82.302638,217.102045,94.705320,0.933555,59.730257,53.897891,warning
88.630043,219.958088,92.500730,0.936900,59.852850,50.835648,warning
66.377075,228.988517,62.184611,0.927667,59.998113,43.557101,normal
85.896062,212.358107,92.692202,0.900157,59.880621,49.794663,warning
87.819515,217.827428,98.931553,0.906904,59.840877,64.022940,warning
62.221922,221.881125,56.648766,0.925746,59.988184,42.749650,normal
95.941628,214.869024,96.520857,0.881957,60.034634,59.005413,critical
110.162027,194.479004,107.738119,0.908726,59.921257,72.945722,critical
87.584051,228.964535,94.004297,0.921248,60.059364,43.108769,warning
66.453446,235.075907,66.103964,0.952454,59.968419,38.261788,normal
47.868410,218.791440,52.421400,0.972078,59.994217,44.200855,normal
85.484441,222.735107,95.281296,0.905704,59.886116,47.768666,warning
43.198934,223.713000,41.296970,0.971926,60.020472,40.843756,normal
78.712509,215.734869,84.671454,0.920058,59.940865,60.671522,warning
55.738547,231.627472,60.494185,0.954301,59.987384,40.507724,normal
96.687024,205.527396,99.545911,0.803151,59.738913,65.479888,critical
44.858892,229.613424,44.983710,0.956428,59.983611,35.775669,normal
94.669665,198.302254,98.609002,0.880606,60.143598,72.933965,critical
60.576342,223.679600,65.542853,0.958306,59.929491,40.664592,normal
81.761052,212.341484,92.638748,0.928236,60.024921,49.470118,warning
49.495543,233.274073,40.359073,1.000000,60.047582,39.649297,normal
82.761639,238.314204,89.961348,0.870946,59.954303,57.695053,warning
43.313437,227.162637,46.156970,0.982912,60.013641,43.060991,normal
103.153534,208.063480,106.818165,0.864021,59.968481,68.312227,critical
94.834810,217.786815,90.788721,0.928743,59.866493,58.794684,warning
46.264751,225.587715,45.173908,0.938720,60.054324,41.452779,normal
78.502279,215.505463,82.615263,0.866984,60.022432,46.975568,warning
68.704917,233.598677,72.866089,0.966372,59.992687,45.669978,normal
64.916846,226.549094,64.377035,0.965012,60.001773,37.605293,normal
61.490073,229.795324,58.826254,0.939099,60.012664,41.533592,normal
59.064276,232.266571,51.085040,0.949120,59.984249,40.510229,normal
57.754740,234.004835,50.466948,0.950970,60.011696,39.935867,normal
49.774495,227.692983,55.467809,0.977266,60.042116,34.278551,normal
53.396387,232.147764,46.044190,0.950676,59.953343,32.530332,normal
58.148594,218.644875,64.693861,0.955466,60.001322,37.102514,normal
50.419671,222.604171,47.272799,0.965901,59.998567,40.176275,normal
98.713235,195.253178,104.215264,0.855289,59.603765,74.059412,critical
84.907178,207.033975,86.290161,0.942292,59.973887,48.680905,warning
44.910045,224.960915,39.808013,0.983130,59.977378,36.360955,normal
108.308691,196.648105,131.645655,0.827303,59.820108,69.516802,critical
64.853755,230.015134,75.774854,0.955094,59.991958,36.284106,normal
60.036899,224.411181,57.915869,0.961356,59.965775,38.655242,normal
57.400953,220.654429,47.397695,0.961127,59.981580,39.639095,normal
45.040123,230.095933,45.584507,0.966757,59.997600,30.708226,normal
92.301444,205.369443,100.530785,0.791645,59.980340,61.896494,critical
57.930711,241.455960,59.118808,0.972574,59.997738,40.362808,normal
63.532491,230.160199,55.376345,1.000000,59.972949,40.141761,normal
73.339254,217.337636,86.518786,0.893889,60.068089,56.849640,warning
90.756362,226.723630,97.147022,0.895818,59.878657,53.427204,warning
78.362832,216.441168,80.231952,0.885311,60.040403,46.088277,warning
66.232245,228.278341,67.205082,0.995861,59.949199,33.810379,normal
59.811541,236.661868,63.866661,0.966488,60.017549,37.866514,normal
66.655118,214.732495,67.350691,0.942305,60.013970,38.588257,normal
93.553818,207.195498,103.360753,0.916577,59.972558,40.303441,warning
35.604462,223.865022,44.083803,0.963711,60.108120,38.567351,normal
66.138165,228.637021,59.432904,1.000000,59.979108,40.233978,normal
59.315140,229.931403,61.122429,0.961959,60.000867,39.610612,normal
99.896104,216.410659,93.441426,0.834815,60.374175,67.159136,critical
53.092502,228.644024,47.029794,0.961265,59.980722,38.538670,normal
56.341781,233.146026,60.186175,0.963926,60.016716,39.825529,normal
62.291793,223.879180,65.818238,0.959220,60.014831,44.542952,normal
74.479373,207.602103,74.790052,0.895549,60.097510,52.211259,warning
79.929807,216.995158,77.060694,0.872693,60.043755,49.121816,warning
57.766887,225.593444,57.330403,0.934646,59.965896,40.429397,normal
85.742724,215.532411,87.132931,0.940510,59.825957,49.087649,warning
91.401476,201.011950,91.151845,0.871686,60.101440,63.135463,critical
55.111325,227.150074,58.228049,0.995574,59.976353,43.679743,normal
53.329913,229.407795,50.343316,0.985673,59.983454,42.839770,normal
111.526591,192.775989,122.317741,0.843235,60.100794,65.960696,critical
56.795583,222.127349,54.028637,0.968809,60.008292,44.741967,normal
93.899158,199.648823,94.636079,0.807283,60.198298,68.819256,critical
83.660461,208.834769,88.209384,0.958671,59.943731,51.955158,warning
48.677391,228.265418,46.711432,0.968414,59.929702,42.530959,normal
86.281429,216.020980,93.740215,0.937344,60.061448,45.058941,warning
82.127932,216.760346,82.522947,0.895732,59.998038,44.395532,warning
67.703907,216.359850,71.866023,0.922686,59.942665,47.558891,warning
92.035635,242.437369,95.452150,0.950205,59.866079,51.857818,warning
56.788871,224.543049,59.344486,0.946863,59.979845,34.151566,normal
61.758264,223.485381,67.442677,0.967790,60.018779,38.185294,normal
71.933933,211.691700,80.383160,0.936326,60.046446,57.418150,warning
68.653831,211.189468,71.335416,0.924520,60.086049,53.758461,warning
57.372330,223.300486,52.609325,0.970115,60.023056,40.270546,normal
54.969637,229.656068,53.914714,0.958960,59.977514,39.082191,normal
56.028515,221.154891,58.136227,0.973919,59.979177,41.978179,normal
96.718218,248.356533,91.504386,0.815331,60.195928,67.986061,critical
79.139283,219.208089,81.602950,0.926946,60.185218,59.170982,warning
58.167074,230.475149,64.740519,0.962150,60.055462,35.679543,normal
102.929150,210.475593,116.464869,0.858825,59.665362,66.210730,critical
67.912355,222.266173,57.420700,0.962881,59.988464,39.803419,normal
54.434387,226.455533,62.412514,0.942722,60.054847,35.792320,normal
68.321832,215.673223,64.978339,0.953955,59.977753,35.354710,normal
63.353566,227.473644,66.378394,0.941584,60.004893,41.545405,normal
79.341848,229.218356,79.126302,0.887448,60.061156,55.108667,warning
56.006408,229.199636,54.755420,0.990965,59.980900,41.429048,normal
81.759635,211.855605,86.397090,0.903950,60.080583,52.681074,warning
55.006538,221.275923,50.956916,0.981697,60.008548,37.513863,normal
66.175494,226.062713,69.860617,0.981285,60.041843,34.101910,normal
59.106888,224.832398,68.430026,0.967038,59.946689,33.753038,normal
89.154568,223.650885,81.714367,0.937003,60.103040,52.796055,warning
108.908084,242.235194,111.428699,0.826361,59.920323,68.651138,critical
61.302776,222.429982,60.038747,0.964937,60.035402,39.839776,normal
56.990771,229.232399,63.655635,0.958357,60.016031,41.881800,normal
46.017988,227.963143,38.619278,0.935194,60.002212,38.935389,normal
63.269047,226.552155,59.376997,0.976401,60.005887,34.708722,normal
48.080982,228.539579,42.617769,0.964013,60.073644,45.468349,normal
93.117091,240.055770,99.905794,0.826886,60.024280,58.097878,critical
41.409803,235.067188,51.518727,0.974210,59.963466,39.815105,normal
81.297895,205.175362,80.607392,0.954033,59.954800,50.365104,warning
110.434215,200.159034,114.627640,0.796977,59.625270,65.364511,critical
84.661636,222.789156,92.860782,0.959981,60.002647,49.897824,warning
45.510934,229.549481,53.923804,0.957795,60.000250,43.424587,normal
79.559853,212.938892,85.584659,0.894213,60.005132,56.492206,warning
56.617065,230.727800,48.737720,0.968082,60.014784,41.749811,normal
83.686393,208.614811,82.270534,0.903119,59.959654,37.732417,warning
95.476219,218.432195,101.541194,0.940925,59.878749,58.049393,warning
72.319425,223.056328,75.867586,0.981164,60.005556,39.047085,normal
43.561462,223.448982,50.931094,0.977586,60.010682,37.222644,normal
97.137785,205.833923,110.428570,0.868700,60.166594,70.752163,critical
60.939073,217.314270,61.918743,0.915466,59.973697,47.009544,warning
72.275347,231.345548,72.855421,0.910700,59.916936,57.814007,warning
57.717781,227.678708,58.689874,0.989538,59.993052,37.659318,normal
78.344180,203.965651,79.979475,0.921086,59.995061,55.068680,warning
70.034975,226.082640,64.580882,0.967421,60.009458,34.957327,normal
63.606476,233.119193,68.954934,0.962966,59.967481,39.177688,normal
81.052574,217.226464,73.732294,0.891254,59.956081,47.319645,warning
44.086716,229.061734,40.553076,0.974227,60.066987,43.503122,normal
57.494558,231.666590,45.455664,0.978073,60.020081,32.481209,normal
78.096260,223.245815,72.951700,0.901720,60.091307,45.486453,warning
54.984788,229.156104,52.683783,0.959201,60.015115,37.030741,normal
59.897146,225.965467,57.380807,0.952992,59.966399,42.449931,normal
83.462199,220.547677,84.324211,0.907272,60.107355,53.998267,warning
70.863334,234.026208,74.790074,0.985776,59.990950,41.491710,normal
77.945991,239.255428,82.726025,0.939906,60.036211,48.433607,normal
66.743670,225.586930,68.216302,0.938252,59.996204,38.576891,normal
85.803472,242.550698,85.417107,0.919081,59.995615,45.566753,warning
86.663903,221.700316,77.185425,0.905384,60.046377,53.967184,warning
115.110183,210.891147,125.037666,0.850173,60.235862,77.651299,critical
47.609249,229.985383,49.568367,0.954546,60.052374,39.668254,normal
79.314948,217.167721,82.795130,0.929516,60.014598,46.754200,warning
68.847985,223.533042,67.372604,0.958060,59.976750,43.982762,normal
88.936988,215.603444,79.496487,0.914993,59.896960,52.130256,warning
95.526945,241.909906,105.901174,0.818308,60.440148,60.529132,critical
90.885972,218.138258,91.261398,0.926962,59.864123,57.866907,warning
82.884033,212.022511,79.383386,0.924631,60.025139,48.327527,warning
78.202700,206.896395,88.376690,0.925192,60.075244,45.608624,warning
50.649291,232.007246,47.450632,0.946586,60.023200,41.534639,normal
62.477120,225.288220,65.049860,0.962931,59.957377,34.790110,normal
79.428824,221.698066,84.140196,0.918685,59.957183,56.398894,warning
45.827991,223.847173,41.533942,0.965390,59.969947,38.724640,normal
79.633060,220.348715,86.363968,0.938027,59.953229,48.912691,warning
49.411469,225.377128,59.991627,0.952414,60.054795,38.317091,normal
75.056051,237.718793,68.176335,0.884675,59.952883,45.562938,warning
106.066772,209.938623,108.414848,0.787179,59.923283,61.909738,critical
94.472118,249.298104,105.223805,0.811895,60.024686,75.268622,critical
55.959203,234.612500,53.193306,0.965906,59.994944,41.314412,normal
108.927825,207.588379,105.641208,0.864673,60.271225,63.892475,critical
64.350479,228.455468,67.581096,0.919492,59.963311,53.766411,warning
61.573162,228.039981,52.708074,0.946409,59.986519,34.194641,normal
77.726743,223.791355,84.259637,0.954550,60.037390,39.838212,normal
79.243784,214.838709,79.537737,0.938053,60.094858,54.454615,warning
110.762556,201.424909,105.996180,0.865283,59.684876,74.011566,critical
96.593585,203.219877,95.623071,0.807048,60.437468,67.420302,critical
68.785550,226.388750,72.214817,0.957627,59.995632,42.664809,normal
100.392366,202.784357,98.657425,0.864056,60.169625,57.123694,critical
52.210261,223.142322,49.280475,0.972866,59.984928,36.246531,normal
33.351973,224.585068,30.329180,0.981975,59.997752,40.185423,normal
100.108311,201.908481,95.929999,0.838651,59.944122,66.445084,critical
67.879920,235.097631,73.441356,0.982191,60.051602,34.760932,normal
85.484545,213.743975,90.664697,0.941135,60.158039,53.278474,warning
65.989147,226.136787,60.227633,0.980662,59.945095,39.307514,normal
58.632984,226.916574,58.745588,0.986782,59.989549,42.635311,normal
88.021282,213.901591,92.216995,0.915777,60.057894,56.834037,warning
92.981155,214.909843,75.695449,0.877597,59.622288,67.105985,critical
75.266576,219.847924,75.388069,0.955262,59.946383,57.629574,warning
69.431482,239.857588,63.180550,0.906073,59.854180,47.806890,warning
56.012077,224.878083,54.222564,0.965375,59.988447,37.093142,normal
52.808239,226.931929,49.374248,0.963217,59.974300,30.633024,normal
89.997728,213.481105,89.163211,0.808833,60.056930,64.232250,critical
59.815841,226.586077,59.893558,0.991685,59.998665,32.792213,normal
60.668708,224.771465,58.073605,0.962701,59.989260,34.259486,normal
60.854690,231.068897,61.027946,0.969895,59.939000,43.287125,normal
93.023007,206.584022,105.499097,0.843332,60.104516,66.263404,critical
53.047989,232.320403,64.127298,0.959509,59.955189,40.988108,normal
52.072182,225.194119,44.276831,0.968665,59.964796,33.842806,normal
81.359525,218.614350,84.760000,0.948314,60.017704,41.553883,warning
76.459616,214.957379,89.412404,0.930056,60.089993,50.130593,warning
54.816195,223.439920,56.171917,0.963511,60.019807,42.845741,normal
95.302907,246.111941,94.675038,0.854790,59.776704,65.011972,critical
85.238400,203.422377,79.491877,0.872091,60.254210,75.809624,critical
60.563314,228.522833,62.099455,0.945875,59.972746,37.156198,normal
50.287054,222.971709,57.456154,0.960463,60.008726,41.485848,normal
87.827013,236.990506,94.722771,0.927710,60.019466,49.325224,warning
101.423778,206.328525,108.724126,0.903016,60.148323,63.770836,critical
90.618605,242.562104,84.342845,0.907611,60.107875,52.212885,warning
57.619230,224.781067,63.282106,0.972607,60.023927,46.131238,normal
41.230164,230.768755,30.740072,0.979446,60.030072,46.741171,normal
62.731404,229.758304,64.862261,0.942115,59.940905,34.212372,normal
79.482089,229.069559,80.143511,0.921514,59.953847,53.052949,warning
56.471756,226.250389,55.027521,0.998405,60.046142,47.830985,normal
46.705873,225.529511,41.739461,0.963006,59.975495,34.175180,normal
70.113213,211.509029,67.384588,0.922409,59.815878,55.992204,warning
65.981345,227.829812,64.645252,0.967266,59.948841,43.215199,normal
71.324383,237.414340,69.752415,0.901748,59.908883,56.461961,warning
65.349274,225.578016,59.687854,0.983097,59.986185,42.138832,normal
51.991234,222.196345,52.923649,0.964041,59.998630,40.565894,normal
84.140886,215.236198,89.777088,0.960705,59.908068,60.586167,warning
50.529363,229.780436,47.709385,0.973832,60.022957,39.274417,normal
61.905200,226.641010,68.633331,0.949921,60.033578,38.597796,normal
106.425023,208.755049,119.963014,0.802155,59.875511,65.508437,critical
55.827577,224.619005,70.805652,0.969108,59.986850,33.895494,normal
48.567832,226.099900,53.434820,0.956635,59.985449,39.189546,normal
105.680832,208.150428,108.055373,0.779543,60.096870,62.977348,critical
75.234703,222.014604,76.115802,0.952516,59.945539,51.636575,warning
56.735434,229.491651,57.854520,0.958179,60.021894,37.495236,normal
82.380189,193.658404,91.213813,0.922681,59.963462,51.640639,warning
84.933879,234.547891,92.650226,0.893062,59.908476,51.260316,warning
63.299082,228.503652,65.514256,0.953028,59.975873,41.763431,normal
75.532987,219.797279,75.589536,0.944119,60.062511,42.863730,warning
70.216119,226.267917,73.502273,0.977693,59.960286,43.932775,normal
56.253085,229.468182,63.320623,0.945099,59.989207,35.944955,normal
61.454294,223.562597,58.270521,0.989434,60.002638,37.858287,normal
56.401190,223.430791,53.880978,0.977929,59.951056,41.317716,normal
42.375669,218.082900,37.953432,0.968128,59.993463,40.893206,normal
102.587852,188.371591,97.931782,0.866706,60.169826,68.835082,critical
83.441398,240.010678,97.453377,0.873643,59.972232,58.127120,warning
59.873827,222.378002,64.047999,0.976178,60.029006,44.267019,normal
67.644005,222.089977,70.654247,0.961646,59.990470,37.091140,normal
71.134237,238.436200,67.375257,0.892076,60.118090,50.665846,warning
50.740798,224.021401,50.969087,0.977166,60.053237,38.974344,normal
69.168204,237.835156,67.212702,0.932549,60.130023,53.389840,warning
68.386204,213.369484,72.946246,0.919886,59.963473,53.321446,warning
52.572091,232.033790,43.174138,0.989046,60.009815,35.917377,normal
71.908983,237.382369,72.076454,0.914835,60.142197,55.437842,warning
58.905880,226.728707,55.663565,0.953163,60.012488,38.572449,normal
87.682929,224.072472,88.890996,0.939817,59.900678,45.971511,warning
100.057790,193.059992,105.558764,0.801834,60.013273,64.986557,critical
68.525927,226.977844,58.393116,0.918667,59.986071,46.301930,warning
55.464752,236.479102,57.262317,0.941539,59.992795,46.806740,normal
103.074631,211.000359,114.365069,0.828730,60.258834,59.731205,critical
93.635488,207.576903,97.116968,0.807143,60.066029,65.508384,critical
50.919899,232.079805,50.300199,0.969201,60.041536,38.273072,normal
75.750360,211.586403,83.726953,0.927540,59.995300,54.980788,warning
101.749837,203.368836,95.622889,0.800189,60.000849,64.997604,critical
85.009270,196.895504,90.002097,0.849897,59.914423,61.294678,critical
47.129742,222.419904,42.799996,0.955873,59.996861,38.790229,normal
61.037148,228.176455,60.361720,0.947551,59.927025,30.781411,normal
80.409962,222.897049,80.822842,0.905139,60.063614,47.409953,warning
71.916005,218.692845,68.047010,0.910898,60.079472,49.194999,warning
55.775091,224.527673,66.083978,0.956686,59.993550,43.019794,normal
44.711910,230.086139,48.210049,0.957984,59.982713,44.215963,normal
98.710448,212.965336,103.860676,0.885882,59.933731,40.124751,warning
70.209309,225.830445,65.481314,0.947489,59.990015,43.968272,normal
106.975493,207.625133,115.948868,0.792944,60.208964,68.237465,critical
93.288354,219.886947,97.831810,0.913627,60.046373,47.131648,warning
90.155207,239.728265,93.566060,0.962748,60.063610,48.014924,warning
75.192194,218.013713,80.019238,0.905126,59.883857,56.264220,warning
55.769957,226.001735,56.762350,0.987784,60.022847,39.992657,normal
48.283484,232.042365,47.893504,0.966251,60.015647,34.176943,normal
67.989689,222.740919,56.070088,0.891851,60.085668,51.201783,warning
96.982260,200.186602,97.491630,0.817737,60.118804,59.432111,critical
59.166788,232.551848,56.964480,0.956652,60.038853,41.880351,normal
51.853407,229.261743,50.762915,0.931355,60.061377,42.809940,normal
109.364532,248.606857,115.798850,0.837066,59.931898,69.157068,critical
60.366476,226.820678,54.567611,0.963694,60.031147,44.541645,normal
54.218928,229.965055,52.932486,0.977101,59.959703,44.366705,normal
47.262022,225.244371,41.374188,0.979817,60.057807,41.378791,normal
76.599136,212.109946,83.602462,0.900481,59.972071,44.309374,warning
48.498429,227.532778,53.170652,1.000000,59.955156,37.443440,normal
102.001342,209.773792,101.025443,0.811325,59.841695,78.696951,critical
48.487636,228.230555,49.551590,0.973108,59.968107,36.847575,normal
57.367240,226.858270,52.721526,1.000000,59.965820,40.964905,normal
94.445272,201.466492,93.801165,0.913082,60.316807,59.750381,critical
103.600364,247.320384,115.912728,0.787760,60.122717,72.300396,critical
96.464897,242.292907,97.747945,0.806919,60.248532,63.823165,critical
80.024099,240.466466,80.848717,0.915504,60.027299,51.300200,warning
80.896879,217.920087,83.627935,0.921343,59.913649,56.113933,warning
48.714676,223.464811,55.504531,0.965335,59.954961,34.489390,normal
59.906563,230.704007,68.946835,0.936419,59.985355,37.333332,normal
69.110298,223.894021,60.958994,0.969731,60.044027,42.632119,normal
77.607216,220.924628,74.768230,0.883871,59.986341,46.196136,warning
93.979821,202.815532,97.608252,0.852339,60.287167,63.650041,critical
83.066727,238.868638,95.916340,0.878631,60.028089,50.664725,warning
81.124088,228.761220,78.095030,0.982199,59.953123,39.327212,normal
79.136677,224.349687,83.432169,0.941958,59.890656,53.756979,warning
78.826662,237.081446,77.235937,0.927123,60.052331,47.598073,warning
80.589697,210.766372,83.362569,0.891634,59.976685,49.037048,warning
52.628205,228.743237,58.293330,0.955967,60.033582,39.693800,normal
51.630570,227.228884,43.280553,0.959965,60.018861,39.170124,normal
85.711997,219.175199,95.095415,0.903493,60.078562,55.513817,warning
79.766539,228.417604,84.790718,0.906685,59.985043,52.318889,warning
71.837403,227.771776,76.099407,0.978061,60.038882,38.292073,normal
79.597762,223.675271,76.594336,0.916680,60.071230,48.256952,warning
69.150860,208.869969,67.717810,0.911742,60.060026,47.913779,warning
71.803582,227.565678,77.437972,0.960664,59.972971,45.098116,normal
99.785808,203.019014,100.698428,0.845363,60.328812,60.991229,critical
58.987502,226.280459,62.554863,0.977725,59.939811,39.702138,normal
70.917929,225.381972,71.340720,0.978218,60.004080,41.971874,normal
41.999616,220.765265,37.776995,0.964569,60.000207,39.663960,normal
54.490636,224.831356,59.947847,0.953002,60.045240,31.578963,normal
85.699822,211.306614,93.125280,0.930485,59.940279,59.775136,warning
70.521891,242.077741,75.396822,0.893110,60.070788,56.750861,warning
56.761188,226.995499,56.660825,0.980368,59.980490,41.119645,normal
79.449625,237.560710,76.385979,0.919897,59.990290,47.755035,warning
106.598023,208.814230,109.215756,0.828878,60.128048,58.382887,critical
45.244732,227.524352,44.733059,0.969607,60.010465,36.331401,normal
107.119414,243.428532,108.575732,0.852815,59.893574,65.344506,critical
71.674626,240.076977,68.708572,0.954925,59.944191,48.709071,warning
62.067891,235.110518,65.383585,0.934543,59.960347,44.423409,normal
81.680827,218.845631,77.997113,0.926460,59.956698,47.368586,warning
86.627978,200.261940,92.701330,0.881132,59.913324,62.579917,critical
54.778666,234.065407,48.579517,0.989457,60.021667,35.753758,normal
82.628939,222.957150,85.830749,0.970198,59.956488,52.586480,warning
73.168565,222.297942,77.580345,0.954501,59.987906,53.109105,warning
64.454360,229.772336,64.001024,0.962188,59.972814,40.237089,normal
57.247938,224.248398,53.909613,0.951436,60.043502,35.978087,normal
87.874933,221.008912,89.988728,0.893415,59.932119,53.204347,warning
44.730674,231.036984,35.524351,0.985803,59.964775,32.324129,normal
105.155755,199.750743,105.627710,0.860716,59.595180,58.135589,critical
74.423747,229.485504,73.831787,0.938264,60.021900,34.965857,normal
99.465686,200.631816,96.428270,0.835842,59.953569,62.456105,critical
101.853044,196.619348,104.439884,0.836719,59.737663,65.219424,critical
62.000003,234.477341,63.846372,0.958641,60.054022,35.066385,normal
65.213090,221.720461,68.610714,0.945290,60.024530,39.805926,normal
39.091790,222.739383,38.719128,0.941458,60.106092,40.971122,normal
36.173187,226.910384,28.535153,0.978347,60.032243,42.087393,normal
76.040183,217.281252,70.032673,0.952880,59.904225,49.621952,warning
58.251872,233.033333,50.657444,0.953212,60.027729,42.341005,normal
84.619954,237.632874,94.335070,0.884739,60.133669,47.313306,warning
77.534537,214.810326,86.713693,0.912523,60.161696,39.453186,warning
74.292290,232.701951,78.013921,0.973591,59.955219,38.675437,normal
78.627250,207.992325,81.360169,0.905389,60.084574,57.390109,warning
53.346647,231.266726,55.932459,0.958963,59.972465,42.709570,normal
53.940756,225.421715,58.583780,0.960192,60.021504,35.905542,normal
104.174957,204.247956,112.683275,0.892481,59.888880,54.136362,warning
80.590244,223.446996,85.218927,0.912045,59.988990,54.609624,warning
91.115446,208.506080,86.161503,0.940021,60.187690,53.889917,warning
50.069307,227.938747,52.278984,0.961936,59.998576,40.878791,normal
51.524587,228.678311,45.845056,0.955431,59.962887,39.136410,normal
56.260565,229.602021,58.013471,0.964207,60.039874,27.842605,normal
58.828310,226.119323,55.858573,0.977473,60.001907,35.987633,normal
45.922763,223.714707,42.252052,0.957647,59.990824,40.027271,normal
101.894917,212.645770,110.973404,0.860073,60.114146,66.359531,critical
105.022518,211.676143,103.115475,0.769148,59.963066,69.138938,critical
88.933073,218.570192,87.341453,0.939724,59.910519,59.442267,warning
78.453508,214.435405,76.321157,0.881546,60.105934,55.263503,warning
108.706137,192.477964,114.822129,0.842991,60.240081,70.536950,critical
89.915784,208.667625,75.524168,0.867062,59.993175,59.942655,critical
100.155139,240.347132,103.846855,0.844446,59.659663,68.831347,critical
85.650708,219.563198,89.861618,0.940176,59.980785,53.027592,warning
111.964693,249.000755,118.819150,0.863938,59.859749,62.804501,critical
92.608866,200.904503,96.536500,0.826327,59.906985,67.790149,critical
78.014028,213.554007,78.624653,0.907830,59.896407,52.912014,warning
50.879605,226.038068,52.693696,0.971375,59.972237,39.682463,normal
105.069606,194.155308,108.972380,0.863003,59.898701,68.216341,critical
86.425657,215.922243,79.677521,0.917117,60.013628,53.499570,warning
61.974053,226.658543,61.973789,0.952688,59.988938,39.535516,normal
41.429779,228.443649,43.599101,0.950200,59.990514,35.070531,normal
73.023069,214.998038,70.369260,0.882189,59.850183,55.529630,warning
73.103732,219.694493,81.761216,0.899990,59.936617,49.498784,warning
49.510093,231.050942,45.679394,0.962872,60.012775,37.768750,normal
78.344939,242.482566,78.021870,0.932549,60.009174,44.131752,warning
95.231743,223.655191,97.355130,0.910377,59.906419,59.149300,warning
81.206495,218.018346,75.108580,0.871885,59.860888,50.945695,warning
106.114309,200.449047,110.727170,0.898179,60.101521,66.235490,critical
66.391884,228.619602,56.232401,0.957375,59.998024,41.430951,normal
61.278906,226.167148,62.721827,0.925819,59.989595,36.423323,normal
84.439251,231.263460,82.866658,0.881235,60.164835,47.178002,warning
61.043437,224.051286,55.737876,0.986423,60.011237,36.918710,normal
94.573603,240.338084,95.838169,0.817041,60.179663,67.831950,critical
87.272264,236.736406,87.221722,0.885193,59.978021,50.229112,warning
67.636135,230.006164,60.698202,0.979775,60.010116,46.194952,normal
34.981902,221.987988,38.733030,0.958863,60.015502,40.323062,normal
77.309157,223.436735,84.897120,0.940740,59.901842,52.231477,warning
56.327108,222.470022,57.662028,0.929410,59.981609,39.388276,normal
95.948384,188.392653,112.626323,0.846875,60.045571,56.501923,critical
81.718192,220.915541,92.038155,0.947726,60.123289,46.376687,warning
43.311866,221.075482,47.440635,0.972279,60.031520,37.507697,normal
79.626653,215.618499,88.424077,0.900633,60.084871,49.881992,warning
52.540794,224.691171,56.621193,0.957842,59.953915,39.514705,normal
60.109132,220.391269,62.577948,0.981719,59.977142,38.194241,normal
53.770734,226.541574,52.959140,0.943811,59.997897,40.406211,normal
64.922644,233.259969,71.547867,0.956250,59.956922,30.451252,normal
62.418901,234.145995,61.599848,0.972560,60.046204,42.018592,normal
79.976354,220.320964,83.450840,0.883940,60.103165,51.876769,warning
44.304361,230.857410,32.105997,0.964519,60.038723,30.375706,normal
54.976131,222.219209,57.190275,0.945114,59.993679,38.057538,normal
104.360237,205.847802,102.294342,0.859349,59.992542,68.220142,critical
49.149712,226.421562,48.257009,0.964408,60.030231,36.659137,normal
84.253171,213.971551,90.914323,0.894735,59.976857,45.288474,warning
62.607208,231.145434,68.762060,0.956103,60.022164,40.487872,normal
43.034180,228.092329,47.573215,0.946425,59.965062,33.596202,normal
107.818276,198.937091,104.092948,0.801887,60.223605,77.045191,critical
84.557477,237.959269,93.121312,0.912823,60.066849,47.596821,warning
80.250942,238.389627,68.520924,0.910559,60.163472,52.678468,warning
60.198112,231.645584,64.722543,0.949232,59.917837,45.429410,normal
117.713973,243.308772,117.849402,0.846568,60.053764,65.789540,critical
56.081628,225.077617,56.839795,0.965116,59.909603,39.525568,normal
53.915778,227.035975,54.191053,0.977529,60.020623,36.095799,normal
42.229449,225.266016,44.391329,0.978317,60.083434,45.421877,normal
84.074347,216.380515,87.178807,0.885673,59.973355,49.021381,warning
79.531016,220.698050,79.861777,0.935241,59.944279,53.178385,warning
78.715423,208.647502,79.421261,0.921423,59.987902,48.700396,warning
57.365590,234.452979,65.552740,0.947705,59.969518,45.800440,normal
59.849863,222.320360,61.627975,0.974616,59.975568,41.351485,normal
64.473898,224.941271,67.176958,0.954478,60.045362,37.398539,normal
54.960547,227.442810,57.357348,0.943983,60.019726,35.155885,normal
49.318764,237.367272,50.100594,0.973893,59.992119,40.432648,normal
77.911865,214.426072,81.227686,0.919381,60.028230,53.897048,warning
72.345303,200.268150,69.953356,0.942380,60.112835,52.386953,warning
56.296979,229.827740,45.917249,0.972539,60.012174,43.738103,normal
53.190092,229.003140,55.200901,0.962074,59.980351,41.834554,normal
79.309218,215.172305,79.614682,0.930012,60.017040,50.266569,warning
59.555194,224.289212,57.045291,0.949496,59.960581,33.946400,normal
77.014003,226.707913,79.654429,0.901465,59.959932,59.767636,warning
43.247416,220.903397,48.180458,0.957155,60.006437,38.855919,normal
48.731071,226.891363,52.632078,0.953655,60.024573,44.426850,normal
98.639137,202.616715,119.256277,0.832660,59.872492,61.756466,critical
51.279674,233.091783,47.491709,0.999368,60.088719,32.915532,normal
87.682857,215.682161,84.455178,0.910821,59.955950,49.877013,warning
60.049518,230.808750,62.713004,0.962181,59.984611,38.073464,normal
57.283927,230.810235,49.594832,0.937302,60.057191,42.659299,normal
60.349811,231.164661,61.676887,0.954211,60.039669,43.374260,normal
68.230602,231.840032,70.942641,0.955584,59.985504,32.974885,normal
93.126887,217.594769,96.562824,0.928737,60.074274,55.601001,warning
35.310667,234.607163,33.878413,0.941733,60.021144,39.876562,normal
52.856825,230.600956,56.917109,0.926176,59.980588,37.457203,normal
54.389223,225.426120,50.250095,0.982101,60.042618,37.405848,normal
64.584750,225.568021,71.531222,0.971411,59.964806,40.649553,normal
87.603550,210.568054,99.315066,0.923758,59.868025,68.321227,critical
68.382385,211.390748,67.717553,0.923685,60.003953,56.005101,warning
44.173906,228.424228,45.454567,0.983930,59.998968,36.474797,normal
95.507734,211.343646,100.071045,0.807355,60.148453,67.743250,critical
79.681417,221.660014,80.385861,0.927580,59.907508,51.673592,warning
86.892951,210.360089,90.225879,0.957119,60.083507,50.039286,warning
67.652259,221.893044,60.607574,0.953021,59.949417,42.038613,normal
87.091538,211.260466,87.650655,0.943954,60.055560,46.518505,warning
103.027260,241.640792,112.742704,0.819144,59.522665,74.633116,critical
73.689445,230.105433,86.292126,0.978210,59.948614,41.567878,normal
104.045120,242.601731,105.489426,0.864044,60.058023,53.752515,critical
85.480451,220.990353,89.667072,0.919245,59.926581,50.434901,warning
56.567742,231.921129,66.606853,0.993114,60.038418,40.660776,normal
56.107560,232.495176,65.772910,0.962117,60.055913,33.466113,normal
52.228867,228.673300,57.539457,0.956468,60.015009,36.894908,normal
47.686218,231.580006,46.919211,0.965322,59.997851,43.933976,normal
48.168598,233.787816,55.628418,0.965372,59.997692,37.364066,normal
78.285059,217.591510,81.740410,0.933682,59.963421,61.442920,warning
50.918777,233.383303,55.201431,0.962446,59.987662,42.682222,normal
79.759381,221.124768,92.920032,0.918820,59.834358,55.454859,warning
90.311149,229.598272,99.992899,0.890744,60.015490,46.331357,warning
79.218779,223.034355,73.967740,0.892674,60.009997,42.387750,warning
38.581972,233.463960,39.112993,0.958806,60.013119,37.799822,normal
98.998604,205.206011,100.419316,0.875487,60.282794,72.680178,critical
44.132422,225.749649,42.037736,1.000000,59.937907,40.915621,normal
52.324073,221.660713,50.937642,0.966090,60.070424,39.838326,normal
82.155261,212.657905,80.657464,0.927258,60.055239,51.825624,warning
58.503286,227.617876,59.174522,0.966251,60.044407,38.057651,normal
106.663598,209.857076,105.415696,0.873070,60.103149,65.055743,critical
57.824244,222.006186,63.175322,0.954612,60.053740,47.957601,normal
81.684289,215.068470,81.648306,0.908094,60.017484,53.370519,warning
123.567441,207.121881,117.978689,0.803774,59.796074,73.219721,critical
97.451419,238.108686,102.636748,0.850150,60.251342,70.034665,critical
103.742935,252.226001,114.376896,0.841461,59.901913,59.492860,critical
43.755109,230.758488,51.476920,0.974724,60.019417,32.499824,normal
80.160789,209.643416,88.492541,0.930498,60.097065,52.610360,warning
67.117149,227.375109,74.380561,0.991692,59.993791,39.717254,normal
41.776287,222.420402,47.008306,0.975104,59.946507,47.378154,normal
83.570501,218.757684,90.286015,0.907765,59.998457,46.284283,warning
99.297252,248.697754,108.558085,0.850930,60.125639,76.892153,critical
98.153029,198.680908,99.708235,0.850098,60.055251,73.054985,critical
58.366822,235.090518,56.559460,0.948197,59.992762,40.630529,normal
103.128959,200.679225,105.495535,0.872334,60.292414,74.990153,critical
102.481725,206.770141,110.379773,0.832965,59.862165,65.272739,critical
98.316487,202.159885,109.044884,0.871725,60.167156,50.316984,critical
104.762179,201.972566,110.668393,0.868135,59.908515,59.948605,critical
73.734090,225.328663,79.573423,0.880534,59.991306,53.739600,warning
83.304940,204.235964,86.908798,0.916593,60.013874,46.483533,warning
113.387881,205.058728,115.298257,0.920866,59.814279,64.766377,critical
82.625452,227.487139,79.972738,0.970813,59.927938,51.350889,warning
64.905120,217.793891,74.028641,0.918071,60.061101,46.540916,warning
82.084040,211.423796,83.363742,0.927473,59.994784,45.465528,warning
91.847126,218.712887,88.601842,0.964759,59.892905,52.958801,warning
49.707903,229.379002,49.676993,0.971177,60.064136,37.045773,normal
85.883679,216.614898,81.533955,0.909597,59.845012,56.144115,warning
76.784277,203.123812,83.253562,0.923457,60.177736,54.489485,warning
57.035327,232.163314,61.950957,0.984521,60.002506,34.894045,normal
77.689246,222.405289,75.221914,0.938894,60.063153,43.880382,warning
83.275503,226.334131,78.189946,0.904581,59.921957,50.711667,warning
58.578199,223.409217,71.842978,0.986448,60.061646,36.526273,normal
47.664703,230.267339,54.873297,0.958526,59.986898,30.057014,normal
81.941867,226.706467,83.090883,0.963782,60.026074,35.327733,normal
104.788918,202.790505,105.333239,0.869845,59.912171,63.057438,critical
81.908908,241.069238,86.018799,0.892399,59.980290,47.325935,warning
75.441932,219.500442,87.619551,0.899826,60.134978,48.797826,warning
80.631692,216.238172,89.826685,0.957675,60.088896,48.280260,warning
78.061210,220.946071,78.851299,0.919831,60.010138,42.954199,warning
49.063282,227.921682,44.231880,0.956087,59.981305,43.284861,normal
77.729313,216.947972,80.077138,0.907885,60.039622,48.463944,warning
93.714776,204.535211,87.607851,0.939821,59.866994,50.294464,warning
51.752427,228.093811,50.427331,0.942623,59.986974,40.798578,normal
71.347270,213.550198,70.484315,0.941404,60.088507,46.989940,warning
108.363278,206.489660,108.533328,0.806749,59.839717,80.794010,critical
70.533453,227.958820,73.503735,0.967777,59.972783,36.261075,normal
72.337045,225.947769,70.395172,0.956159,59.950660,38.869270,normal
57.005774,236.735459,61.856622,0.952129,59.996418,41.594442,normal
51.272492,227.503546,58.219549,0.975416,60.027743,38.437606,normal
82.805320,213.155743,84.864280,0.914511,60.134266,49.800077,warning
53.850175,228.038698,59.263723,0.963055,59.950511,33.820591,normal
73.810456,229.566855,82.708613,0.942664,60.006622,38.481278,normal
33.857889,230.106832,33.577708,0.960807,60.032099,38.031845,normal
93.039911,212.334808,101.579363,0.829856,60.017647,81.933721,critical
47.034080,228.263430,43.557530,0.993859,59.982084,38.593023,normal
57.074560,221.375632,62.201387,0.974631,59.959305,40.834369,normal
59.260226,228.870415,57.213829,0.977920,60.044831,38.137355,normal
44.639731,224.979169,44.974501,0.963703,60.016433,36.481103,normal
97.863368,223.141702,100.019770,0.848321,59.773485,61.239901,critical
48.982699,233.114877,52.616178,0.995860,60.012164,37.736739,normal
74.735549,241.399184,72.004283,0.922697,59.957367,53.993266,warning
94.605884,195.448245,93.432066,0.786226,59.781567,60.521527,critical
48.580754,224.810598,56.148816,0.965604,59.982781,44.633707,normal
50.130870,223.412200,54.517211,0.982459,59.942020,36.783972,normal
92.880124,215.586861,93.829478,0.920912,60.110553,53.935822,warning
90.693274,214.927181,97.653975,0.918867,60.046031,48.415305,warning
41.325699,222.287006,45.153583,0.951610,60.007813,36.141371,normal
63.496316,226.482287,71.011218,0.974891,59.968419,32.975833,normal
78.408416,239.269648,74.474422,0.925354,60.077493,49.621970,warning
92.949431,224.361803,93.911397,0.928083,59.895593,47.382205,warning
46.681268,231.444570,39.965244,0.964411,59.988687,39.571023,normal
70.519904,207.393078,67.402522,0.856055,59.943081,49.053067,warning
98.294923,202.955054,117.216038,0.772855,59.981187,65.950740,critical
41.204622,229.503092,45.581505,0.951274,60.033087,37.432638,normal
92.175988,207.234930,100.567377,0.852117,59.820974,64.010754,critical
60.783651,226.886792,64.390448,0.969831,59.953990,43.976088,normal
77.744613,223.615060,77.113840,0.924249,60.013422,55.695408,warning
112.906508,201.792120,121.064621,0.807013,60.020851,62.378620,critical
32.137065,224.867090,40.386729,0.953876,60.001843,34.998908,normal
84.818543,239.297464,85.691367,0.933956,59.957160,48.852474,warning
56.035936,229.901595,58.957438,0.963550,60.055304,45.991970,normal
78.683882,223.808619,83.865148,0.902594,60.162914,51.823852,warning
72.366006,218.062395,69.212885,0.909734,60.081816,48.368990,warning
83.750479,231.251093,89.584627,0.901723,60.203191,52.050140,warning
52.773131,227.715550,59.694213,0.953086,59.994652,40.080116,normal
99.143078,209.112075,93.946898,0.858981,59.904249,64.451826,critical
70.089112,226.712257,70.828502,0.974732,59.979322,36.885424,normal
51.804990,228.187187,54.341110,0.977865,59.952772,33.068011,normal
81.832658,203.935967,90.823841,0.876375,59.767570,49.475339,warning
64.920542,239.244858,69.720616,0.960056,60.018760,36.545899,normal
91.378287,219.446242,89.960498,0.930834,59.864307,64.482589,warning
83.776999,221.795132,81.048008,0.905563,59.991191,51.588057,warning
101.282044,198.542146,101.835807,0.891176,60.022858,61.240172,critical
84.800861,239.732064,83.282630,0.931034,59.921450,51.310527,warning
64.242722,230.925543,69.617382,0.952043,60.007536,40.650053,normal
60.923188,227.158009,68.717043,0.946906,59.899223,51.291495,warning
63.161605,223.871661,66.217324,0.874664,59.987781,53.506117,warning
57.085812,225.986130,59.986790,0.964853,60.031635,44.231188,normal
81.439430,220.142628,93.795001,0.853888,59.834509,49.438277,warning
54.703556,221.777058,51.213090,0.953127,59.989488,39.254760,normal
90.036502,207.919829,74.969655,0.938955,59.894900,53.198988,warning
74.395155,212.709407,65.723126,0.919353,59.949280,59.340732,warning
63.248287,230.257883,62.508590,0.955841,60.084450,39.902476,normal
82.508125,222.782806,84.803302,0.915767,60.131207,53.100068,warning
51.062365,232.056026,50.092160,0.953444,59.976004,37.900202,normal
92.544906,211.258548,95.594419,0.955114,60.107109,44.243495,warning
84.270114,215.793341,89.378163,0.924011,60.060924,44.050462,warning
60.110086,231.761984,69.661440,0.985691,60.025244,39.053907,normal
69.150674,237.604969,70.373391,0.973706,59.994153,34.780219,normal
73.892266,239.137827,76.540134,0.878383,60.065425,55.176024,warning
85.736593,234.836211,92.378602,0.922292,59.944468,53.464104,warning
69.911923,216.357660,73.591228,0.918689,60.085742,54.286289,warning
66.413686,221.420722,58.250944,0.900931,59.883140,55.700637,warning
72.313495,209.418889,73.047866,0.965289,59.910113,47.791420,warning
101.899353,201.334054,97.434608,0.794744,59.988270,66.653977,critical
88.547697,219.620218,85.860380,0.941874,60.149986,45.345980,warning
51.385169,226.144337,48.071192,0.937688,60.016601,40.840027,normal
98.614282,242.468756,91.212873,0.837276,59.836724,73.120749,critical
50.379250,227.840111,46.333209,0.967752,59.961455,43.690492,normal
65.973411,217.375198,58.163291,0.940431,60.044824,43.114800,warning
42.080622,226.499286,30.331373,0.932497,60.030855,41.699255,normal
57.863730,225.143118,61.903307,0.966783,60.006798,37.802706,normal
74.196425,238.346736,85.932609,0.968518,60.120989,48.448375,warning
80.694452,225.479892,92.337831,0.895327,59.906970,53.550348,warning
75.574068,218.461240,67.826462,0.869500,60.135284,51.779810,warning
66.842772,216.808150,57.862465,0.898639,60.030100,54.177104,warning
28.513299,232.264057,23.915278,0.945057,59.987533,36.660108,normal
32.728277,229.507474,31.779284,0.970074,59.977110,39.245768,normal
70.456702,214.489223,74.700664,0.899112,60.024625,44.771550,warning
52.067943,229.639163,57.277360,0.969125,59.991747,37.608786,normal
44.071301,224.065226,44.874215,0.972858,60.003841,37.090046,normal
59.971020,229.313926,55.679860,0.970024,59.994514,38.098528,normal
88.038978,223.699440,95.673773,0.912005,60.017431,47.540538,warning
55.467659,233.033434,49.740796,0.943448,59.992554,36.843747,normal
103.536940,194.210947,95.532479,0.866405,59.962763,61.534505,critical
53.971957,231.326335,55.856507,0.941863,59.999111,42.285603,normal
39.402306,232.823483,42.444787,0.951552,60.040882,45.766216,normal
107.411275,203.650991,109.113700,0.880133,60.146891,73.537306,critical
83.830594,213.967115,92.443970,0.892136,59.839581,49.406498,warning
98.352449,206.171640,102.022435,0.834839,60.122281,62.444423,critical
60.238277,230.307997,53.700053,0.964903,59.991347,37.935611,normal
82.148063,210.798404,91.062539,0.858433,60.105565,52.813297,warning
103.360703,190.865155,98.244710,0.825585,60.163309,65.878445,critical
97.002952,211.765131,102.795905,0.862520,60.162766,63.868740,critical
77.352529,221.051202,79.173248,0.885602,60.062010,51.171654,warning
74.039242,219.926198,76.975530,0.936156,59.905311,50.930789,warning
44.514829,227.946104,51.149033,0.953595,59.979048,42.063425,normal
44.060412,221.252145,51.048528,0.968254,59.916486,28.925417,normal
71.394201,215.277763,69.153666,0.925949,60.067229,57.255068,warning
84.779742,222.179103,88.136420,0.925388,59.985858,51.319810,warning
54.924729,224.564398,57.206991,0.967882,59.996300,35.637758,normal
100.362256,245.527666,103.663577,0.884967,59.909909,66.095443,critical
62.061826,229.757086,51.969274,0.968346,60.003009,36.419659,normal
98.229515,242.631957,108.854273,0.818638,60.224685,61.312645,critical
60.738183,223.729881,64.224254,0.967669,59.990494,38.138397,normal
80.530024,223.118589,87.505152,0.873711,59.905730,49.433979,warning
39.813540,229.922881,37.138668,0.967450,59.980773,41.280547,normal
61.070849,232.969873,62.696322,0.955183,59.969521,37.633317,normal
76.426094,215.680713,74.438195,0.916065,59.970737,60.044774,warning
47.463905,221.816454,49.796100,0.951178,59.993787,41.400117,normal
55.277799,224.310768,58.312875,0.986872,59.970470,44.566431,normal
82.183478,204.814102,92.655450,0.867560,60.041510,60.241737,warning
72.376667,238.989690,71.288290,0.904359,60.084198,55.075509,warning
48.988692,227.453006,51.532584,0.949164,59.971963,41.921473,normal
70.495129,210.041827,74.993470,0.916447,60.032952,60.480968,warning
56.311963,233.779634,54.738579,0.974584,59.974615,48.614623,normal
61.567577,221.416201,66.510663,0.982919,60.012621,36.987810,normal
57.032480,230.614120,59.736928,0.961286,60.010120,35.451845,normal
106.406562,207.959072,112.718178,0.859137,60.186670,82.687340,critical
96.607553,206.706050,102.914593,0.933816,60.073437,46.275210,warning
78.400547,222.348743,89.452371,0.881222,60.000222,64.014724,warning
74.658288,211.638449,76.101557,0.908376,60.068911,57.502324,warning
63.292257,228.357557,72.172924,0.973610,59.948206,29.312140,normal
44.405712,229.677599,44.729786,0.970497,59.996441,39.613128,normal
59.027587,222.882323,55.261996,0.970519,59.955046,36.871722,normal
58.401277,231.703923,58.691381,0.980521,59.986366,40.671560,normal
53.902189,231.296416,54.539883,0.966390,59.945663,35.461750,normal
50.245060,226.718003,53.639199,0.978808,60.045461,31.330378,normal
95.155465,218.459813,96.726012,0.928854,60.078268,49.860670,warning
77.764811,211.693583,75.268146,0.936799,59.970241,50.246863,warning
71.375344,230.032879,75.823417,0.981953,59.975524,42.973523,normal
64.473801,228.779359,60.514182,0.941380,60.001402,36.199235,normal
46.063972,227.259435,43.395873,0.973496,60.017493,39.914711,normal
72.247689,207.731246,76.411315,0.907197,60.154148,48.572695,warning
57.401285,217.535065,65.712652,0.964806,60.042043,42.440864,normal
89.413677,215.629297,98.494226,0.894570,60.013377,56.902970,warning
85.761984,223.939802,81.808645,0.937226,59.928410,50.870895,warning
68.148550,222.886789,79.652229,0.947004,60.125335,44.567266,warning
51.963191,226.833811,49.471305,0.991396,59.990940,37.894017,normal
68.980848,205.092501,79.428561,0.897297,59.886469,40.073133,warning
64.960460,241.067244,68.068791,0.905117,59.874563,56.545843,warning
88.575627,215.642754,90.735214,0.933181,59.828194,45.110308,warning
62.534388,225.709125,57.081190,0.947377,60.011298,39.540172,normal
50.414265,227.544132,46.868007,0.988754,60.043402,31.761680,normal
47.672897,226.699554,49.976467,0.973053,59.952774,42.819161,normal
79.009836,214.060881,73.048917,0.947550,59.969697,48.617319,warning
76.260249,215.470500,78.309496,0.896702,60.022319,51.086901,warning
55.953883,223.921276,54.692493,0.984224,59.980925,43.169531,normal
101.564965,204.408746,105.590181,0.840629,59.911414,62.319886,critical
62.588442,230.169797,69.487600,0.964059,60.051825,37.699252,normal
85.424130,214.170011,86.744782,0.938777,60.022715,49.853504,warning
43.946526,224.433481,43.427768,0.980863,59.958206,43.335478,normal
80.459538,210.371002,84.807038,0.943086,60.027659,49.873883,warning
89.252640,212.135378,91.821963,0.900050,60.188056,55.399691,warning
52.366403,229.866501,50.035676,0.959011,60.016956,37.444666,normal
59.783956,224.216033,65.365679,0.965093,59.928608,40.090629,normal
47.281248,223.698788,54.751293,0.963202,59.997233,37.480547,normal
55.760019,226.111387,58.809278,0.981429,60.007672,36.539805,normal
99.949181,203.528694,98.013778,0.893939,59.803234,69.999119,critical
80.683350,207.742307,77.951444,0.905564,60.003634,48.188292,warning
64.416792,233.419025,62.235486,0.940228,59.960477,40.028604,normal
52.600664,233.970877,52.056070,0.952758,60.053810,36.748619,normal
73.160901,238.394703,70.613261,0.959579,60.027228,53.578622,warning
99.509249,247.978081,92.213156,0.925342,59.931580,71.480197,critical
104.328774,198.456841,93.205551,0.835512,60.234650,73.149723,critical
104.872312,205.959041,114.837395,0.841025,59.750066,78.284218,critical
100.403056,200.173542,104.534930,0.776712,59.975608,66.551220,critical
43.621494,227.622036,38.309427,0.962109,59.998985,40.659472,normal
93.708176,201.595611,94.387407,0.791918,59.948389,65.086663,critical
56.207110,233.246586,56.669520,0.979354,59.965641,41.511688,normal
45.091982,232.388410,38.987754,0.976909,59.932442,39.436311,normal
51.710452,230.707771,47.899439,0.975323,60.039018,39.300395,normal
64.999157,226.679159,63.117405,0.978874,59.989507,50.650576,normal
59.867786,222.988027,60.160602,0.968339,59.978932,39.420626,normal
51.515468,225.203603,48.208226,0.968080,59.990196,35.589150,normal
57.858185,235.480574,54.624861,0.960629,60.015191,36.787152,normal
71.030924,222.534645,76.581925,0.962412,60.059364,47.854423,warning
62.288219,231.424077,56.978356,0.975151,60.069004,37.280622,normal
64.119281,223.708515,71.198950,0.979155,59.953082,39.464224,normal
89.155525,219.391187,88.119198,0.930891,59.996952,48.969815,warning
49.372062,228.195158,46.261884,0.974393,60.031922,34.681067,normal
55.030221,226.557667,54.015320,0.957419,60.030386,40.059425,normal
109.450099,202.308352,102.157352,0.845935,59.855865,63.443812,critical
57.062619,232.882205,51.556337,0.943591,60.008588,39.052032,normal
53.512482,227.551649,55.217049,0.985986,60.048830,32.121587,normal
109.467391,202.999366,116.189763,0.789790,60.061555,64.537885,critical
90.780732,222.324420,99.864876,0.875961,59.874641,55.339678,warning
105.702348,211.877968,111.620980,0.812520,59.982256,66.905427,critical
96.461397,207.489670,94.639828,0.880728,60.033597,76.932101,critical
78.969745,229.621347,81.894833,0.925610,60.035679,49.426490,warning
41.778835,230.480514,42.236604,0.976512,59.976714,44.062930,normal
70.524985,225.335487,65.783962,0.976218,59.940241,35.386935,normal
98.438663,244.841503,112.135673,0.898399,59.911975,64.685269,critical
87.898322,221.126085,94.002980,0.935030,59.937259,47.176912,warning
112.274944,192.453258,118.215145,0.915731,60.134152,62.739817,critical
68.515316,228.021897,70.729553,0.992209,59.995911,39.783699,normal
54.597521,230.637395,64.456258,0.960297,59.935377,40.938736,normal
75.816843,207.488916,78.852253,0.936159,60.038763,58.330629,warning
112.736875,207.378247,115.575208,0.815386,59.975781,72.585258,critical
52.074106,225.040692,47.747108,0.960148,60.006968,38.393091,normal
39.692799,231.317873,40.240518,0.941406,59.975322,45.854211,normal
95.357490,196.640105,91.646838,0.860653,59.821725,62.848610,critical
71.008801,232.704375,72.739126,0.971598,60.067203,42.338174,normal
65.552204,221.078186,63.833830,0.985020,60.056947,39.457720,normal
40.192857,228.100935,42.034360,0.983738,59.992169,40.513665,normal
49.140460,225.232187,51.712995,0.974039,59.978373,35.879484,normal
60.757556,223.641038,63.213306,0.963793,60.044453,41.369367,normal
55.275061,238.650762,58.752012,0.964696,59.963304,42.967523,normal
49.233749,227.504241,46.438433,0.968228,59.976479,35.151512,normal
52.196057,228.631502,52.876817,0.959375,60.059178,36.365778,normal
86.122806,211.301355,92.537417,0.896538,60.038953,50.930124,warning
97.915431,212.462450,99.041495,0.841599,59.978503,63.127623,critical
36.976264,233.547705,36.489678,0.977536,59.959715,31.334406,normal
50.003257,227.470821,49.439234,0.945671,59.979983,41.652668,normal
85.876744,238.533045,89.842576,0.889680,60.123976,53.544580,warning
49.382593,231.285007,45.065000,0.974560,59.974266,37.678993,normal
95.499259,210.638310,99.364183,0.927885,59.865332,52.835491,warning
77.988150,220.632232,83.880744,0.928552,59.999989,50.514559,warning
80.744893,220.303816,93.751935,0.995991,60.044763,50.298859,warning
75.634031,217.221064,78.685457,0.950895,60.000474,56.000238,warning
88.746824,198.861043,100.590456,0.783901,59.904794,62.716971,critical
44.934394,231.559712,40.764013,0.970770,60.055161,34.984407,normal
54.231471,225.392252,56.549931,0.954599,60.008231,35.703622,normal
50.035039,222.631861,48.381739,0.947891,59.994162,33.341235,normal
96.385584,201.598613,113.425508,0.870047,59.877249,57.332050,critical
56.756329,232.009914,55.394615,0.959208,59.942171,44.352107,normal
81.571317,216.533182,72.889864,0.915616,59.994499,42.566167,warning
70.204939,214.032392,70.858545,0.917427,59.822198,52.395467,warning
60.134722,219.862691,68.296917,0.959478,59.915793,44.003881,normal
116.615900,201.835786,122.149477,0.801026,60.154910,67.514949,critical
67.849016,228.567690,69.995654,0.981156,60.040655,42.713296,normal
103.896875,203.320603,112.724774,0.821910,59.872934,72.778957,critical
43.658583,230.022398,44.958546,0.963144,60.000475,48.756034,normal
54.147008,232.499500,53.168815,0.958516,60.035960,38.177211,normal
74.776294,225.693582,79.303433,0.945744,59.996770,34.846807,normal
112.980798,205.199073,129.603068,0.806640,59.940609,70.605642,critical
62.028601,228.068793,63.948863,0.952785,59.957385,39.912612,normal
61.424278,227.263969,69.475564,0.964663,59.960093,42.496058,normal
66.777727,227.561098,64.382669,0.961999,60.031116,43.649235,normal
97.492239,245.698355,92.082822,0.849801,60.192992,58.227091,critical
48.241700,224.858688,45.653725,0.966857,60.018913,33.629213,normal
46.717488,221.722573,54.061885,0.992927,60.011321,36.086750,normal
58.998594,224.943371,64.364116,0.954250,59.969325,38.801344,normal
105.829251,205.847602,107.090921,0.925649,59.843851,68.828458,critical
84.366941,225.278522,96.704140,0.926974,60.005637,53.003332,warning
46.246919,225.905422,47.421735,0.974186,60.044772,34.501159,normal
84.753138,237.665055,92.337849,0.927347,60.019273,58.107823,warning
71.668949,215.077434,69.326797,0.888415,60.249165,59.417810,warning
103.400628,208.110361,105.308428,0.883277,60.279499,71.520833,critical
91.871283,216.177423,86.897665,0.914596,59.921535,51.199222,warning
41.299841,223.282645,46.631530,0.955661,60.017425,37.995744,normal
91.103153,218.277177,89.217967,0.933443,59.987001,47.331515,warning
103.765034,202.463010,97.657604,0.835173,59.983460,62.542176,critical
95.215675,241.109939,98.579577,0.822001,59.736717,64.609166,critical
54.238442,228.350148,53.174900,0.972235,60.015693,39.788384,normal
98.905867,200.456717,91.818252,0.837573,59.595091,75.185195,critical
53.371512,222.065226,49.796204,0.958972,60.025001,40.809549,normal
61.697610,232.017481,68.344278,0.916170,60.057162,48.613903,warning
82.289671,215.890546,92.255318,0.887928,59.996587,48.169085,warning
38.191970,225.509990,40.543073,0.946069,60.009559,43.656071,normal
88.061366,212.603708,87.425673,0.943658,60.163359,47.200066,warning
35.293071,228.586193,28.916547,0.951227,60.078470,43.323387,normal
86.618397,211.194479,84.913476,0.918636,60.083328,55.348701,warning
57.273195,227.718342,43.801221,0.980175,59.933455,34.272451,normal
53.368582,232.096260,59.109370,0.967580,59.979499,39.578711,normal
76.590023,235.158101,71.193737,0.954820,59.951671,38.652764,normal
80.389510,220.226964,87.311545,0.937317,60.102704,51.048028,warning
69.689155,234.353890,63.671492,0.964897,59.997308,43.468206,normal
44.242890,226.699618,54.512376,0.971833,60.009454,41.697543,normal
96.211991,205.860655,101.009595,0.836907,60.179345,66.506557,critical
48.250274,229.276014,48.864409,0.950390,60.013773,43.176730,normal
77.842175,219.297412,85.647176,0.931554,59.957589,54.588017,warning
60.559627,232.986764,56.000801,0.972535,60.057412,43.108411,normal
104.028648,189.091897,120.760349,0.841767,59.822141,65.643259,critical
76.108018,239.579144,89.983198,0.936450,59.997676,55.648677,warning
44.596879,231.462655,39.408239,0.972793,60.055606,43.452387,normal
52.261676,224.699634,54.228581,0.960198,60.035820,37.615679,normal
107.126924,200.626406,106.229961,0.819490,59.542041,64.176962,critical
72.498303,218.378868,78.640309,0.920291,60.128182,50.514479,warning
67.075736,228.858006,70.916536,0.887825,60.027223,52.486916,warning
104.550179,192.979756,106.566911,0.874598,60.002489,60.282108,critical
65.050289,225.517510,58.000547,0.956382,59.934032,42.736087,normal
52.291599,228.757875,52.862685,0.965386,59.968883,41.823214,normal
52.570943,226.794221,49.179865,0.956999,59.972472,37.005408,normal
45.918239,222.197996,55.200285,0.966434,60.009078,34.778831,normal
76.536259,220.505301,86.546926,0.873295,59.990515,58.882735,warning
79.893042,237.500617,84.488395,0.893292,59.867677,49.037011,warning
91.660849,200.625884,101.054252,0.835408,60.097023,54.638405,critical
113.607276,244.718262,123.737551,0.848777,59.962002,56.919616,critical
74.468274,228.782071,81.903446,0.969302,60.048199,58.214990,warning
107.213522,217.695855,97.764050,0.815313,60.394275,77.448934,critical
52.411160,227.002059,45.572968,0.963177,59.974423,37.718358,normal
61.583462,224.866241,60.795584,0.987061,60.021683,36.107248,normal
77.231309,220.873370,78.552977,0.904776,59.860795,50.889578,warning
69.415290,210.764900,70.487105,0.920913,59.999844,41.067196,warning
90.473856,236.142439,99.001595,0.857992,60.029183,57.276436,warning
45.957514,227.756322,47.085522,0.962079,59.986689,42.127499,normal
53.616424,216.027864,65.704507,0.989156,59.996170,37.865892,normal
48.355313,227.248224,47.994704,0.975559,59.989319,39.308645,normal
84.063504,237.761876,79.565599,0.928283,59.971952,44.018140,warning
42.907735,237.407975,48.007046,0.966316,60.002316,43.077201,normal
71.914663,219.171152,72.970010,0.981661,59.972792,37.424291,normal
65.607812,235.118764,66.300247,0.962491,59.935069,34.777840,normal
83.551230,238.899794,88.374528,0.914519,60.078738,55.573051,warning
80.056794,239.870641,88.326825,0.899714,59.994799,38.828533,warning
54.406303,231.006517,56.976599,0.961428,59.939297,38.827701,normal
55.730150,224.340152,53.752363,0.968726,59.983748,39.766632,normal
63.113280,230.204102,66.829685,0.997877,60.039675,33.154719,normal
82.868888,237.753882,75.163096,0.917538,60.009152,52.086393,warning
48.757657,223.834540,46.532336,0.989037,60.052237,41.097191,normal
54.303363,227.655847,57.173648,0.947285,60.033066,40.540816,normal
45.661301,222.367519,40.114330,0.937155,60.005771,37.595417,normal
65.555875,227.711850,69.054171,0.958607,60.023019,37.430589,normal
44.075935,237.456457,45.813849,0.954881,59.987301,39.518407,normal
105.987815,212.721511,109.922233,0.778557,60.170855,58.855835,critical
58.288439,224.243285,52.577227,0.966034,59.992784,35.324601,normal
102.215233,197.098448,96.952459,0.784309,59.941393,63.158699,critical
74.958913,216.073894,79.335898,0.958956,60.179633,59.414834,warning
56.767048,231.513069,67.065084,0.956541,59.998441,40.000911,normal
79.657327,216.276711,78.660754,0.957224,59.969175,56.495194,warning
51.359593,225.806530,55.350704,0.981860,60.000318,34.796905,normal
90.274314,237.954029,83.031256,0.885902,59.938592,60.799355,warning
60.312533,228.000960,55.498487,0.979004,59.976594,47.794720,normal
103.622786,205.895560,108.024805,0.819270,60.123105,61.338397,critical
47.899815,221.715814,56.528916,0.935758,60.018221,31.533353,normal
88.814423,215.446296,78.504194,0.951533,59.970427,43.638441,warning
41.058081,224.652814,35.799498,0.958903,60.035658,41.330348,normal
80.224073,214.980416,94.009881,0.911911,60.118928,45.968593,warning
51.403056,229.184630,49.119248,0.957831,59.961602,38.385553,normal
44.496275,233.601807,39.831780,0.965928,59.958276,40.775667,normal
104.099407,196.884427,99.694018,0.845466,59.728599,65.763130,critical
91.387622,213.996709,84.455088,0.943518,59.949464,54.364751,warning
49.004964,224.069024,57.588825,0.958710,59.966296,38.496822,normal
68.824433,226.623632,79.204911,0.940152,60.005053,48.945923,warning
58.393557,218.117876,57.121372,0.967312,60.064849,39.397762,normal
55.921951,232.373771,54.597061,0.976337,60.005256,40.911091,normal
45.386406,231.054225,39.459891,1.000000,59.986019,42.151044,normal
71.322180,238.024675,67.124423,0.928652,60.093732,41.383335,warning
101.919046,210.110484,107.541246,0.787312,60.451407,64.293119,critical
80.970811,219.882136,85.364270,0.957165,60.107843,44.611289,warning
69.459154,230.651366,75.901769,0.953890,59.962801,30.862695,normal
57.977922,225.433335,58.140377,0.936421,60.038732,35.424657,normal
77.323596,223.739865,71.757351,0.978433,59.996134,35.728497,normal
79.691182,225.708338,77.183293,0.997579,59.995971,37.757750,normal
90.116545,215.094252,92.152956,0.926760,59.973493,53.133078,warning
78.520023,218.342410,80.787488,0.933367,59.986500,47.614762,warning
67.469346,215.396499,64.920708,0.944987,60.037765,48.081081,warning
106.241669,206.835274,115.865862,0.803081,59.985886,69.966211,critical
49.729840,229.913919,52.848718,0.975686,59.984740,36.866992,normal
56.568211,236.349745,58.536313,0.964710,59.985100,39.563953,normal
52.005322,234.130417,52.418644,0.973738,59.993453,45.615984,normal
79.079182,217.337267,78.038023,0.915493,60.085931,53.732142,warning
55.253840,221.378858,60.777350,0.960334,60.085169,31.498892,normal
53.438521,232.562872,52.739904,0.981981,60.044403,36.343200,normal
78.122821,239.167824,70.276981,0.855069,59.977716,39.965588,warning
61.534680,232.275632,63.165532,0.984636,59.977788,28.302084,normal
66.206790,232.367397,55.749418,0.981039,59.968473,43.855970,normal
20.000000,229.008060,23.579223,0.936630,59.966843,40.574804,normal
98.709663,246.255283,107.786287,0.888748,59.779256,68.340819,critical
85.181786,223.944932,80.370364,0.889399,59.875822,51.581424,warning
54.087451,233.824167,60.527514,0.958010,59.908280,43.203567,normal
54.474684,233.074346,50.147684,0.980206,60.037370,47.262679,normal
101.517543,193.582717,100.362673,0.815499,60.329672,74.750859,critical
46.910905,233.761936,46.763269,0.958568,59.996624,33.522984,normal
75.189464,218.557913,72.375073,0.929957,60.010916,50.792797,warning
82.576128,230.794910,78.670369,0.923954,59.997331,44.415826,warning
90.075727,220.670393,91.236618,0.913650,59.923945,60.741554,warning
47.769679,229.458484,46.025265,0.973259,60.028341,41.998811,normal
79.530134,216.770314,86.466460,0.908333,59.932694,50.816280,warning
91.429792,213.753190,100.529375,0.998077,60.018408,44.996059,warning
65.283146,223.458625,74.420688,0.966499,59.964532,38.600137,normal
64.709956,229.054449,59.698789,0.911139,59.906422,47.287657,warning
57.003231,228.919779,55.746225,0.977403,59.997957,39.045875,normal
47.688529,221.374693,45.513298,0.964948,59.987167,37.256490,normal
53.781429,226.215795,53.744011,0.962045,60.068357,40.850247,normal
74.460391,238.219873,73.446260,0.920456,60.006384,50.644350,warning
57.510300,228.667143,50.522543,0.969091,60.040000,42.060712,normal
45.137888,224.499229,34.903208,0.963485,59.978891,38.355472,normal
55.837845,229.768449,47.219708,0.966959,60.051174,39.065871,normal
48.414646,228.860909,52.636369,0.950224,59.983275,39.834469,normal
49.732009,230.655705,53.109229,0.954774,60.017990,34.201401,normal
105.245326,206.148165,102.483064,0.803689,60.098540,52.071689,critical
69.398822,226.930961,79.601429,0.956204,60.020562,31.424244,normal
60.238335,220.083732,58.693065,0.977609,60.015312,35.230306,normal
39.714115,220.581639,38.020575,0.976282,59.989892,36.217015,normal
49.750044,236.413671,46.687828,0.978072,60.006052,41.511936,normal
74.502930,222.130016,74.317858,0.898901,59.972503,59.812776,warning
44.744185,231.898383,31.101697,0.961350,60.098235,36.125568,normal
43.164750,229.271479,54.992441,0.965481,59.953232,36.514423,normal
54.962281,224.834590,59.784530,0.965454,59.962546,37.974009,normal
76.070016,200.562830,88.633469,0.912202,60.172912,46.433003,warning
83.018343,204.824602,88.630239,0.880778,60.076925,50.519298,warning
90.084964,220.307742,95.930363,0.898118,59.977416,50.622967,warning
104.249584,194.740157,123.422334,0.848211,60.019767,68.368000,critical
66.124679,223.751905,59.585008,0.957811,59.947327,37.615746,normal
78.522885,244.234725,84.330330,0.967043,59.997207,54.306731,warning
75.997659,222.144266,86.024453,0.884374,59.906594,41.186193,warning
95.793564,220.414383,97.766317,0.919633,60.048630,55.720457,warning
54.326756,226.990759,62.887999,0.980392,59.997399,44.229177,normal
61.901018,223.451191,60.431103,0.987457,60.063304,37.421540,normal
77.146480,222.925408,80.668796,0.909384,60.088026,59.226303,warning
50.966243,226.347916,45.041851,0.966980,59.982104,40.615483,normal
103.850365,209.070936,107.852035,0.836881,60.019483,70.718425,critical
69.271390,220.258887,71.494822,0.861769,60.149184,45.778956,warning
80.951966,217.066253,78.940339,0.937645,59.948542,49.018104,warning
86.317138,221.705109,94.676423,0.871855,60.012041,54.240457,warning
82.493750,225.320278,92.650556,0.953909,60.006274,47.614034,warning
79.307016,226.848616,73.244652,0.897042,60.022167,49.358997,warning
83.136971,211.711109,92.643471,0.870383,60.149055,69.086720,critical
56.504295,222.900072,56.841257,0.995832,60.033346,43.355067,normal
77.663755,205.386988,91.393450,0.910817,59.951138,55.309939,warning
90.829681,209.856678,101.471999,0.794729,60.248259,59.959643,critical
77.215139,237.801054,79.759792,0.903259,59.957731,49.715612,warning
75.618631,217.439222,77.710990,0.913922,60.060309,50.066299,warning
78.885272,219.203088,82.860158,0.893830,60.109940,42.768437,warning
102.253126,244.833563,116.052798,0.811530,59.381015,70.079586,critical
102.276205,213.899127,92.834225,0.897797,59.868149,60.030925,critical
67.900876,234.169151,64.183049,0.983907,59.994023,34.007549,normal
47.893917,222.211685,46.612229,0.968377,60.020374,39.729838,normal
45.312262,232.014001,43.810167,0.944254,60.044233,33.205148,normal
102.278565,186.645123,97.407130,0.840683,59.813697,69.969689,critical
87.675559,244.184464,92.815409,0.831713,59.912111,60.403926,critical
56.565014,224.582227,47.674771,0.986437,60.105873,34.840492,normal
43.483153,226.870430,50.321357,0.983961,60.014903,35.166211,normal
52.863372,221.771527,49.822300,0.979464,59.984179,41.793703,normal
53.328622,228.171419,53.065624,0.955790,59.956780,33.974683,normal
57.961231,224.172795,55.346945,0.978609,59.934180,38.228747,normal
79.032761,240.402617,87.187411,0.927373,59.972154,49.159314,warning
95.783261,225.813873,98.536653,0.905267,59.974574,52.302493,warning
42.366784,226.853847,37.075290,0.951734,59.977677,41.100821,normal
46.849491,228.846653,45.889380,0.964765,60.043426,35.706756,normal
59.017841,228.489376,63.149358,0.972803,59.960193,39.717257,normal
83.451928,237.080007,94.033303,0.911132,60.018177,54.711201,warning
46.794249,220.419624,38.996828,0.969800,59.996699,43.912399,normal
43.624925,229.925157,40.214271,0.951549,60.040391,40.563315,normal
83.251403,240.958973,74.024112,0.820278,60.116117,60.191361,critical
110.870069,208.530102,123.391498,0.857411,60.053029,55.069070,critical
39.838550,231.104226,37.161222,0.949946,60.029743,41.476552,normal
56.364474,227.181020,58.364328,0.952791,60.044315,39.981787,normal
51.105920,231.452298,48.038787,0.957082,59.952344,44.061387,normal
120.012153,244.027865,119.954745,0.855378,60.197509,68.501879,critical
89.388781,210.097342,95.156757,0.963946,59.921307,45.516487,warning
70.071959,214.422156,82.639645,0.916500,60.122991,48.604316,warning
45.862004,225.944353,44.251561,0.980294,60.002378,42.418888,normal
61.891885,228.503282,71.341416,0.964646,60.036567,36.237248,normal
42.339638,233.086455,46.016032,0.954894,59.960390,39.818535,normal
77.340985,239.087359,76.141842,0.938841,59.884250,44.684799,warning
65.276507,227.694635,59.645672,0.975046,60.016846,39.488992,normal
79.840515,223.910105,95.004635,0.891942,59.906480,51.160447,warning
55.702235,227.091356,47.661042,0.975534,60.021605,41.902937,normal
55.022497,230.960027,57.759357,0.960126,60.032145,43.371512,normal
85.634308,228.573102,85.598711,0.986956,60.033133,40.889131,normal
44.405853,227.717236,47.584647,0.972768,60.015805,39.492217,normal
109.304113,212.952868,114.406808,0.839823,59.685692,86.045971,critical
85.034290,216.463291,85.876165,0.891163,59.994800,55.265923,warning
51.250547,225.796265,47.852635,0.973934,59.945519,38.489555,normal
47.044450,230.663316,45.227337,0.961134,59.980009,42.783040,normal
74.172288,238.979677,78.334900,0.931448,59.962736,53.846530,warning
83.570621,228.211517,87.751453,0.885502,59.947230,51.010090,warning
71.091585,227.867686,66.447704,0.947085,59.986113,55.573977,warning
64.649749,229.736943,71.313880,0.975705,59.982140,35.202337,normal
95.186900,247.931999,117.442001,0.821128,60.052254,76.895078,critical
78.028489,222.797000,69.170355,0.827607,60.134299,50.911176,warning
97.789159,248.415998,102.514881,0.790132,59.861961,66.922370,critical
49.230057,229.039845,53.259140,0.964849,59.991674,33.460983,normal
67.552282,237.542023,75.059120,0.965855,60.091505,56.231007,warning
81.019962,226.913130,82.192699,0.901863,59.856777,50.677875,warning
68.237489,222.375423,75.204988,0.946321,59.955634,39.812446,normal
105.543794,199.724467,109.721897,0.825712,59.937740,56.839374,critical
86.009646,220.849758,87.910176,0.903892,59.954214,42.074426,warning
77.183276,226.465268,69.738090,0.930207,59.880634,55.377649,warning
81.719660,210.103471,89.861944,0.898698,59.987282,49.980941,warning
83.741167,217.901905,90.352662,0.874879,60.014738,53.268012,warning
51.035033,229.704391,53.681651,0.953035,59.995267,45.875337,normal
57.807521,227.439147,60.717976,0.969495,59.956966,35.759135,normal
55.291764,233.706785,46.726595,0.934855,60.050388,31.477005,normal
61.853759,225.667952,49.118466,0.971887,60.002762,39.869979,normal
74.244872,212.112379,72.207458,0.926939,59.868678,49.767411,warning
53.976204,220.483131,49.194784,0.959089,60.003010,43.454057,normal
86.523599,224.258564,84.979830,0.898910,59.857865,57.237702,warning
43.169853,226.861928,35.317778,0.959987,59.976191,49.724207,normal
74.866774,226.606080,85.964149,0.919324,60.267669,53.536935,warning
84.464808,222.748528,92.047614,0.911661,59.946799,50.648547,warning
68.836648,234.719423,69.999641,0.994523,60.041488,43.834504,normal
90.863804,213.306537,102.680801,0.816320,59.916007,63.704236,critical
56.115342,227.432655,50.437378,0.958335,59.980139,41.298372,normal
101.293768,216.067952,111.488072,0.898857,60.095152,48.939407,warning
109.694002,190.910941,112.066507,0.794050,60.104080,70.486182,critical
107.068869,193.695037,108.151883,0.801555,60.010380,82.162520,critical
86.315498,234.853907,85.418906,0.921383,59.975909,46.665595,warning
78.999857,214.992277,86.912619,0.941565,60.090929,52.143885,warning
111.299055,250.107333,124.967399,0.819642,59.974014,65.003896,critical
105.560684,204.160370,102.631864,0.866063,59.916692,67.679203,critical
103.195322,213.883792,103.253279,0.872269,60.018433,60.511975,critical
63.145197,224.711303,71.821202,0.964110,60.047657,31.093074,normal
105.753440,206.597903,97.660991,0.869549,60.103702,70.509320,critical
58.038910,226.214685,53.418741,0.984202,60.008929,36.090826,normal
78.797026,214.864590,73.472630,0.936431,60.049230,55.608169,warning
94.801059,205.469947,87.428485,0.856320,60.009597,61.011908,critical
72.040811,228.285947,80.302399,0.915729,60.045475,56.478380,warning
87.443979,239.168501,88.142259,0.894445,60.070398,48.714131,warning
88.517335,224.245855,85.434383,0.891649,59.961495,51.987921,warning
105.240221,212.703662,99.077884,0.905917,60.002626,68.046169,critical
71.161656,236.714486,74.569457,0.900464,60.003669,52.626220,warning
56.108363,230.833545,58.630749,0.962303,59.940787,45.909171,normal
86.625791,240.025182,86.538450,0.901889,60.060059,71.185391,critical
85.083818,243.946418,98.173334,0.869693,60.523083,69.898240,critical
101.307385,221.192553,112.180511,0.898865,60.081790,53.709187,warning
67.450862,236.431550,67.604322,0.975573,59.997642,44.940209,normal
80.489210,221.128024,85.581448,0.933299,60.096399,56.981199,warning
75.640470,209.141057,74.826878,0.886682,59.836075,53.879736,warning
88.373154,239.428199,95.744847,0.901833,59.921442,45.287188,warning
44.945658,228.163654,49.960205,0.957312,60.022571,39.197806,normal
83.761081,226.733417,84.880450,0.878232,59.954160,52.745685,warning
59.151932,224.979464,61.619716,0.975612,59.948880,32.686529,normal
72.060205,213.776992,67.195333,0.973624,59.988438,58.385914,warning
78.590403,204.779962,70.018118,0.935779,59.975153,45.661964,warning
52.770023,225.858198,53.820132,0.964714,59.979286,40.637784,normal
105.291245,244.249640,107.432567,0.825426,59.930293,62.475138,critical
49.541003,227.067603,48.816781,0.991683,59.991278,33.885771,normal
108.052316,195.974028,132.677064,0.827845,60.067245,59.155248,critical
54.534438,226.624249,54.753306,0.961604,59.997577,36.266124,normal
55.104312,223.430762,54.064827,0.964019,59.980165,34.877679,normal
90.224603,248.411091,106.785331,0.899473,60.379381,64.653571,critical
107.807996,197.717257,114.966846,0.818425,59.720111,68.800631,critical
80.850059,223.163648,83.226072,0.924277,60.044226,38.468178,warning
64.233652,209.969575,69.287805,0.893011,60.045723,51.617745,warning
79.401836,206.990876,81.967855,0.914159,60.022505,56.832086,warning
69.367036,211.804903,66.811439,0.917073,60.001501,47.049929,warning
58.340598,234.643503,49.043168,0.975801,60.083286,35.564741,normal
52.297340,221.104089,49.072502,0.968354,60.048190,33.636458,normal
97.245036,217.610686,105.412077,0.902764,60.040880,56.699236,warning
102.634132,206.074193,106.744432,0.803952,60.098395,63.734533,critical
46.017706,230.973236,51.221942,0.956695,60.001181,37.011416,normal
53.517896,227.542733,59.349195,0.975761,59.963357,33.765909,normal
45.088436,231.357505,51.486415,0.957141,60.033865,42.483553,normal
112.669231,208.289805,111.111013,0.800007,59.626357,73.976624,critical
68.255654,233.292448,69.740038,0.951181,60.008694,43.638263,normal
79.334610,222.411622,73.525861,0.944141,59.926753,49.550579,warning
74.484878,235.833655,76.613363,0.900970,59.966692,57.031320,warning
80.477823,212.608998,83.952487,0.914595,60.033495,57.500315,warning
45.483754,228.737215,53.506402,0.923434,59.965170,41.283992,normal
51.577538,229.223207,51.264791,0.953012,60.012957,53.163955,normal
57.525016,230.462420,57.853981,0.962411,59.968487,39.055747,normal
63.488650,233.349004,76.876267,0.962169,60.035566,39.306951,normal
72.271522,230.801663,70.779374,0.909187,59.836721,51.584711,warning
57.950058,228.357699,52.622279,0.958340,59.938555,42.304916,normal
48.573646,233.086961,48.514958,0.959962,60.028920,39.142206,normal
71.708267,229.024421,65.290813,0.956733,59.964528,37.718062,normal
75.149682,218.592969,75.841187,0.929597,60.202551,52.999890,warning
84.796446,222.084200,84.203369,0.895743,60.034984,57.265144,warning
57.653661,227.288908,56.740533,0.963887,59.995461,38.563872,normal
34.202517,233.545009,34.043892,0.951484,60.038003,33.739382,normal
102.425950,214.535051,117.870595,0.807366,59.901048,72.101461,critical
71.659426,226.218557,72.561873,0.962742,59.973704,40.831307,normal
79.335815,223.498003,88.418565,0.898852,60.042857,56.588433,warning
75.233259,230.103358,70.771244,0.922237,60.008593,57.897361,warning
70.276257,228.591548,73.244354,0.956322,59.904839,36.913789,normal
85.491044,217.575175,83.162459,0.938094,59.897966,62.280452,warning
62.049377,229.547293,67.532010,0.945259,59.987545,38.485335,normal
48.953976,227.293856,50.752474,0.946434,60.059877,52.397122,normal
64.026593,226.151273,65.294608,0.963674,60.045900,44.184876,normal
79.048544,219.793652,88.034219,0.947188,60.062160,47.266565,warning
52.529046,227.360642,51.358624,0.963566,59.944820,39.668577,normal
69.195391,238.345375,72.859801,0.940509,59.982170,43.780921,warning
96.467750,247.155728,97.180015,0.863597,59.988642,77.119597,critical
57.560542,224.929296,57.981017,0.968823,60.017519,33.563618,normal
102.819487,207.852071,91.140832,0.783887,59.850071,55.593270,critical
50.252739,225.375123,60.487595,0.968692,60.029925,42.278240,normal
56.800246,225.156735,58.433932,0.970984,59.973173,43.049174,normal
69.129736,228.269533,70.980998,0.957538,59.952950,34.852295,normal
107.410224,202.798539,92.352499,0.818019,59.768427,76.795251,critical
38.354453,231.117486,30.651995,0.955900,60.060123,39.425188,normal
53.269905,226.783170,53.651076,0.975140,59.985051,34.370081,normal
81.050341,215.509365,76.643701,0.911955,59.976011,52.403009,warning
93.829759,230.067885,96.885432,0.917310,60.124183,43.309266,warning
28.596689,232.020306,16.300573,0.951170,59.953641,47.793310,normal
41.896550,219.137149,45.689534,0.983404,59.966662,41.676046,normal
62.722539,232.104028,62.444786,0.973735,60.006133,43.457185,normal
58.597136,231.579066,70.028223,0.957905,60.062004,38.629822,normal
102.752433,245.229009,98.616812,0.782793,60.204502,62.456980,critical
51.657499,235.203169,43.194951,0.949067,60.031383,32.579309,normal
99.934890,214.369909,103.614207,0.898704,59.967437,52.550435,warning
82.154747,223.259519,85.055615,0.864844,59.979108,53.126867,warning
48.015386,225.679134,49.633178,0.994424,59.966085,39.285464,normal
52.450648,219.980749,51.336910,0.957414,60.003113,40.354634,normal
86.607871,211.817378,86.676583,0.908570,59.962018,63.329775,warning
48.680363,233.396571,46.087534,0.959824,59.952937,39.281976,normal
89.239870,242.533224,80.539453,0.880438,59.707267,69.136564,critical
73.448392,224.338918,73.437363,0.968718,60.001226,40.732679,normal
105.173417,210.958254,108.892573,0.833605,59.973154,71.858738,critical
83.143936,217.167422,93.318120,0.913190,60.103012,47.361444,warning
73.623031,225.313036,75.418468,0.939938,59.983821,55.113538,warning
73.203395,227.731977,73.353749,0.930946,60.040437,46.307323,warning
81.465758,223.090118,89.240793,0.899930,60.075605,46.346992,warning
55.163968,230.959217,52.941187,0.946663,59.957591,35.920343,normal
69.678986,214.304586,73.316458,0.878169,60.112690,60.193382,warning
66.879970,231.573129,57.154794,0.975361,60.050896,33.273523,normal
27.176570,227.677794,27.150618,0.937652,59.994659,36.160731,normal
87.828010,220.701860,94.432324,0.878575,59.892953,56.448638,warning
70.253228,224.120112,60.826094,0.897270,59.999486,42.915179,warning
59.195655,230.232331,66.055478,0.962878,60.018586,41.246261,normal
55.789341,229.593143,58.131711,0.989358,59.939902,42.169710,normal
86.499190,212.145728,84.734980,0.898617,59.943294,50.128008,warning
97.921515,199.124998,93.615678,0.869418,59.726461,66.387170,critical
101.582177,216.676674,109.027944,0.844275,59.851586,61.849562,critical
84.207043,210.591895,77.579870,0.901467,59.904227,46.939248,warning
81.625277,215.706939,84.499148,0.925003,60.063419,53.560787,warning
38.453310,232.568804,38.894674,0.964875,59.987594,39.905899,normal
52.377935,232.793272,48.174261,0.948427,60.015945,35.473031,normal
61.232461,224.063649,61.094582,0.970259,60.014244,35.413081,normal
81.919138,212.292020,82.759716,0.908496,59.989929,42.164988,warning
40.231850,232.365187,36.988338,0.938725,59.949322,34.300607,normal
41.106289,229.879181,41.881759,0.962523,59.982535,37.592512,normal
51.824746,231.241906,46.795623,0.959403,60.018294,38.542479,normal
70.393479,238.452896,71.918685,0.856105,59.986730,48.804138,warning
42.276461,229.174394,39.202030,0.966172,59.943648,39.034459,normal
43.840065,228.326720,48.536132,0.996526,60.015869,33.626698,normal
59.227084,228.315803,57.548646,0.977340,59.953088,33.610718,normal
46.629946,228.742292,62.692136,0.992234,59.981559,38.549424,normal
58.390157,222.164091,59.446067,0.968276,60.012713,36.337325,normal
93.028434,245.121188,83.524907,0.860866,60.049886,62.109782,critical
57.444381,225.737324,61.637353,0.956070,60.039456,41.909146,normal
54.166970,228.030211,54.248906,0.956878,59.970359,32.315098,normal
77.734660,223.146986,74.437402,0.926085,59.940501,43.090771,warning
62.659441,232.223811,64.963146,0.948658,59.993095,38.339468,normal
55.488834,230.440234,54.145360,0.938003,59.955510,46.909105,normal
58.325142,227.997465,56.255629,0.967376,60.025429,40.516364,normal
106.301067,215.849793,106.419640,0.855139,60.055570,65.982938,critical
88.613850,217.206943,89.024656,0.916033,60.137506,51.107744,warning
114.823115,211.496227,113.324132,0.851064,59.856912,70.362365,critical
45.907418,230.609515,33.169639,0.956669,59.865833,40.224860,normal
63.268947,223.184286,56.647726,0.959352,60.000427,43.796340,normal
62.354864,231.583577,66.604712,0.973102,60.059204,33.060734,normal
54.262272,233.196242,50.096756,0.947350,59.970745,45.536707,normal
99.804536,244.411632,88.412813,0.854690,60.227164,64.806647,critical
39.653826,229.812951,40.848776,0.941255,59.973065,40.710859,normal
57.161552,234.196956,55.515573,0.977854,59.961194,42.118275,normal
58.753441,226.515779,68.657530,0.973672,60.054239,37.356200,normal
43.017742,225.489689,38.180438,0.936236,59.993526,37.965428,normal
89.869679,239.506188,87.919092,0.907783,59.974432,42.911628,warning
72.740097,216.867781,64.966782,0.922348,59.967751,60.302921,warning
74.684726,231.760507,71.329405,0.885703,59.918374,49.948324,warning
84.536267,205.615536,84.773240,0.917085,59.847367,49.320632,warning
83.549219,201.738766,87.134176,0.912824,60.039473,50.967862,warning
89.713482,220.165258,92.758922,0.944380,60.098044,53.190760,warning
33.317460,230.744192,27.060165,0.979383,59.979164,37.186494,normal
29.961052,222.642297,27.857700,0.940226,60.027703,43.710160,normal
69.607934,237.411384,68.952551,0.922703,59.871180,46.845682,warning
63.112050,223.915074,55.033379,0.959624,60.013865,35.730042,normal
81.302334,212.078860,86.385180,0.914381,60.043836,47.238994,warning
62.295214,227.358340,59.943543,0.973487,60.017879,42.549476,normal
94.351165,200.584308,98.107944,0.823898,59.994763,66.012364,critical
99.807417,203.214194,95.605401,0.861405,59.850434,65.877248,critical
100.393826,201.538253,115.342136,0.789020,59.901529,69.814864,critical
90.277256,206.040961,83.175639,0.943729,60.037839,57.091433,warning
50.678370,229.138020,40.275643,0.937556,60.038814,37.789483,normal
104.692560,212.812905,105.466933,0.842611,59.851007,61.799075,critical
82.635843,239.399153,87.682649,0.889138,60.049323,54.430084,warning
99.644725,205.684134,108.674654,0.869189,60.249988,62.802165,critical
115.125753,204.121712,121.587539,0.794774,60.079991,50.910896,critical
60.350380,230.990034,55.651776,0.977625,60.024965,33.908911,normal
84.743581,216.228937,81.601678,0.921861,60.101625,48.189805,warning
50.089442,233.203786,46.454226,0.985512,60.035816,42.530300,normal
43.589011,233.476084,36.424765,0.961846,60.017031,39.922743,normal
59.210137,230.159347,60.210486,0.942663,60.003788,41.024524,normal
63.752238,226.380143,61.049999,0.984836,59.996682,42.231672,normal
75.988587,241.816511,71.475026,0.901422,59.997029,50.729366,warning
102.280398,206.966746,102.116042,0.792105,60.004612,70.865760,critical
101.020197,208.294883,97.064076,0.872493,60.157598,62.720370,critical
83.230139,239.610724,102.375107,0.921233,60.056294,48.103896,warning
63.948596,227.608756,66.307951,0.967428,59.944511,35.010853,normal
40.878427,220.694637,41.078659,0.959877,60.007988,40.934343,normal
66.324595,225.918838,67.134714,0.869596,60.126107,49.739299,warning
81.875927,219.644550,68.863168,0.881459,60.080451,51.763386,warning
53.714099,221.059318,55.337354,0.977756,59.956027,41.436998,normal
87.753407,225.383169,98.973925,0.959224,59.962766,61.089825,warning
65.002575,218.380853,54.183693,0.967884,59.994488,34.302044,normal
85.735446,212.308425,88.197915,0.928862,60.127982,53.648888,warning
63.421467,228.605794,64.089640,0.963848,59.941706,32.769227,normal
54.061798,222.863013,56.432175,0.986052,60.015690,43.049119,normal
98.353952,239.017492,104.359932,0.855774,60.217951,60.468825,critical
102.241861,238.787208,115.799735,0.839262,59.921933,78.203594,critical
79.543485,210.402817,75.570012,0.903416,59.923650,55.119793,warning
42.550751,222.981608,48.133699,0.984529,60.011723,34.694478,normal
80.851526,218.787232,70.604708,0.923576,59.924641,50.186055,warning
75.742731,223.703560,72.032912,0.937824,60.057014,58.631762,warning
68.503678,219.896665,68.126459,0.863107,60.052946,54.983036,warning
102.185919,235.613200,115.119187,0.768424,60.257347,71.862334,critical
48.791401,227.165779,49.131267,0.958057,59.960555,45.712042,normal
55.317317,227.428640,50.730301,0.968308,59.914633,36.786821,normal
88.722391,224.103727,90.155411,0.922379,59.927338,51.138140,warning
78.558500,216.735193,70.264764,0.896260,59.834084,50.086793,warning
83.516649,208.221467,88.053010,0.933024,59.918275,50.736648,warning
99.434861,208.909955,98.859080,0.843413,59.855173,64.631159,critical
88.275537,220.971766,93.385893,0.903113,60.106655,52.934511,warning
36.817709,226.660081,40.832617,0.965018,59.979035,42.209913,normal
94.261921,205.529556,100.765291,0.900539,59.989103,62.570065,critical
43.275414,228.284949,44.478234,0.951410,59.968602,38.023816,normal
66.315288,231.877537,64.231059,0.974696,59.993915,38.949807,normal
90.101679,203.679240,95.841234,0.802851,59.755436,68.909079,critical
87.861540,205.671331,82.962941,0.857681,60.119873,61.062465,critical
47.051945,236.397157,48.303188,0.946947,60.009099,37.294613,normal
43.070841,230.936907,37.521621,0.950548,59.974626,47.078127,normal
101.093129,244.399409,105.697532,0.910963,60.475014,66.301270,critical
53.607583,233.066179,51.582785,0.964150,60.038448,40.665899,normal
78.238713,211.711548,69.932219,0.913049,59.937928,53.796852,warning
104.658372,207.084316,109.289242,0.854534,60.025260,72.165132,critical
78.160931,223.587123,75.740204,0.931506,60.162249,54.668004,warning
73.684145,224.155760,78.059428,0.941190,59.892996,61.369847,warning
93.449846,245.817798,100.393883,0.796290,59.940236,62.604957,critical
47.909747,236.454495,42.630530,0.942629,59.977157,40.922529,normal
62.385930,232.925456,59.857143,0.948798,60.006867,41.277464,normal
54.876134,230.064170,53.026607,0.946174,60.027325,35.232775,normal
45.059963,231.531005,47.983839,0.980903,59.986958,51.146087,normal
48.739190,226.181176,40.483325,0.967141,60.012779,44.389544,normal
50.015720,227.001088,55.432395,0.987239,59.992839,39.708016,normal
48.508656,232.981270,56.422556,0.962008,59.988062,38.614832,normal
57.171736,227.139316,55.631874,0.979620,59.924138,38.538948,normal
80.186556,223.631104,76.983483,0.907616,60.046517,54.323828,warning
58.523199,231.421174,47.687563,0.973687,60.008802,42.568521,normal
46.651404,225.631498,46.812672,0.939543,59.965218,39.909323,normal
51.988857,226.810613,50.532424,0.971030,60.048807,40.370139,normal
94.835353,248.304658,99.271985,0.742726,60.185652,62.143010,critical
96.896453,243.344835,100.797802,0.850871,60.117527,60.360261,critical
58.755241,223.217552,55.184900,0.975956,60.016150,34.975258,normal
62.083154,232.760099,66.526433,1.000000,59.988588,33.793975,normal
57.515808,230.414198,51.447208,0.988482,59.987532,42.611195,normal
103.177256,198.882232,95.095577,0.883993,59.901958,51.580388,warning
82.419461,219.207754,89.930680,0.900089,59.971586,37.858461,warning
98.201441,198.221354,87.988734,0.865231,60.050823,61.039823,critical
47.963632,229.418737,49.469185,0.964819,59.951287,35.450921,normal
56.206647,235.320124,57.538289,0.974983,60.035069,40.392242,normal
66.028202,224.900860,61.184155,0.989354,60.007175,28.654723,normal
67.034760,228.310969,70.635805,0.877687,60.087952,56.260997,warning
79.008203,200.853320,80.738789,0.881867,59.895932,39.852911,warning
71.511588,239.778389,74.138799,0.916519,59.994938,62.865492,warning
53.029096,230.157939,52.545318,0.980046,60.030940,37.285179,normal
54.600281,230.161039,51.467773,0.960035,60.026348,40.948755,normal
74.270466,203.293561,78.470218,0.968607,60.037921,43.146435,warning
91.618615,206.879267,95.069302,0.810013,59.530743,71.016826,critical
80.143607,215.370617,73.704098,0.882129,59.883005,57.982248,warning
47.968851,227.871784,50.851561,0.964894,59.936705,34.349316,normal
53.985676,227.343918,53.073333,0.950756,59.972241,42.250571,normal
57.786733,225.563369,51.313080,0.976535,59.978467,42.428081,normal
52.688718,226.010193,53.127978,0.985818,60.018783,40.807262,normal
111.337260,202.099394,125.363506,0.909023,59.822756,70.775889,critical
42.324040,221.063699,52.062925,0.967280,60.029934,35.879735,normal
58.514516,222.901889,59.725718,0.977147,60.021237,40.138036,normal
59.839671,228.002011,65.832960,0.945221,60.003256,37.017319,normal
87.150770,204.432460,74.511816,0.819543,60.034207,67.274555,critical
98.484172,211.859707,105.089960,0.844896,60.237852,67.851470,critical
47.933424,232.203087,37.344745,0.969071,60.002276,39.733653,normal
96.406218,217.730239,100.558729,0.913938,59.839271,49.992356,warning
46.176026,241.512938,56.829541,0.978880,59.966882,32.444582,normal
70.530267,222.394589,84.338071,0.917903,60.088809,43.537785,warning
53.273986,221.627499,49.614740,0.944284,60.016855,36.434905,normal
76.301231,231.043371,73.350776,0.961953,60.038353,35.441105,normal
49.665854,228.310708,48.441811,0.920926,59.990287,40.013318,normal
51.237999,218.817234,51.293435,0.955999,60.003245,33.372932,normal
43.563808,226.490617,36.590706,0.988574,60.043923,36.102382,normal
106.629331,205.332054,115.185491,0.782268,59.825019,64.585271,critical
54.843001,227.758003,58.728285,0.965225,59.964671,40.478502,normal
101.899999,205.310167,107.134792,0.847285,59.838617,70.956776,critical
59.613648,222.599248,55.552611,0.969041,59.979503,40.801754,normal
103.888780,244.104618,97.575905,0.796504,59.780737,78.518069,critical
79.551860,225.646051,92.114205,0.889917,60.005329,53.732099,warning
53.839305,228.675196,54.130517,0.983382,60.008583,36.354781,normal
85.418952,220.817954,77.491521,0.927080,60.153561,46.812412,warning
91.347829,249.747128,98.516003,0.835251,60.083303,68.188076,critical
108.067992,206.090277,110.525932,0.829333,60.197523,69.812966,critical
55.868495,225.838291,56.434311,0.952279,59.978062,30.940869,normal
32.508885,226.745738,33.748092,0.999541,59.989108,41.017055,normal
86.789475,222.985943,85.057200,0.904277,60.032690,39.799139,warning
71.081140,224.533369,72.630922,0.977795,59.968524,39.768365,normal
80.484792,214.530504,72.823665,0.918164,59.878945,58.185666,warning
91.167034,214.088979,90.694185,0.926954,60.063462,51.641614,warning
81.503653,221.632776,87.004579,0.930205,59.966568,44.319656,warning
53.587407,236.801499,59.851746,0.949417,60.014839,31.031965,normal
46.294341,231.447195,38.354416,0.986478,60.016321,40.073555,normal
76.343235,210.874027,73.782665,0.931010,60.052332,54.633571,warning
55.306101,230.851564,59.317969,0.998533,59.963244,35.092168,normal
65.234928,228.787757,58.255130,0.966579,60.080076,37.910778,normal
46.631135,233.110663,52.995461,0.974261,59.958240,41.213523,normal
32.816099,225.042492,31.031598,0.958852,60.022990,39.108532,normal
76.411025,223.478807,71.379280,0.883228,59.924799,45.850032,warning
70.273180,215.630710,70.560270,0.936983,60.001263,52.211222,warning
43.975892,234.511108,49.655772,0.951549,59.943310,36.004844,normal
55.188655,219.247472,61.147602,0.982270,59.975135,41.816200,normal
58.818380,231.477941,44.889104,0.959720,60.028636,37.016111,normal
49.075206,225.469100,49.933473,0.945663,59.977659,37.560475,normal
74.992698,235.207630,85.510040,0.926543,59.898779,56.924359,warning
54.472338,226.201240,44.952853,1.000000,59.998084,35.057151,normal
32.494084,227.133017,31.783601,0.948377,59.971913,39.444997,normal
76.315536,227.401417,85.288993,0.955179,59.988377,43.442595,normal
57.277013,229.934173,52.406259,0.990493,60.006997,37.409929,normal
75.334094,229.119987,82.677816,0.923688,60.029508,56.950361,warning
76.443114,214.991475,78.262986,0.859004,60.114480,56.354072,warning
71.732207,215.022556,67.004447,0.891730,59.884811,50.645441,warning
52.085668,226.800680,55.516085,0.957859,59.949794,39.667194,normal
84.214034,208.021048,74.300408,0.793864,60.260756,60.953611,critical
52.571145,235.718690,53.661179,0.939224,60.046352,37.024029,normal
67.322840,231.284406,64.812247,0.985332,60.045493,41.437939,normal
64.478544,228.607691,68.378695,0.949366,60.025054,38.892263,normal
106.485668,198.493255,117.109651,0.837725,60.061890,58.656252,critical
72.410779,239.691917,75.153706,0.946661,59.955240,51.398080,warning
48.528315,223.345574,56.591578,0.961476,60.052913,39.126093,normal
59.694376,229.570804,56.693251,0.954811,60.023081,34.497422,normal
75.084719,240.346109,71.740975,0.878914,59.968863,48.307025,warning
66.439517,221.361816,64.026061,0.958907,59.968421,36.687578,normal
78.751955,229.322387,83.766795,0.957978,59.981765,35.938877,normal
77.331408,220.208256,82.181256,0.930964,60.108532,56.541383,warning
40.834865,227.739069,43.886167,0.952325,60.010096,33.289961,normal
79.887380,205.597563,86.277319,0.964331,59.875370,51.056082,warning
78.918348,225.159049,89.172009,0.967457,60.023248,37.191878,normal
46.312730,228.315744,43.858794,0.954601,59.999691,43.340166,normal
44.960776,225.953625,42.957120,0.962132,59.967839,45.382812,normal
98.228128,219.061548,89.442478,0.877131,59.985830,59.711286,warning
64.104910,229.506784,67.133999,0.952553,60.022120,37.393770,normal
51.337374,226.443042,44.631695,0.978706,60.007835,36.782282,normal
59.271691,229.490593,60.588321,0.985714,60.025453,37.325153,normal
86.118114,220.190519,82.118686,0.861480,60.038705,52.643905,warning
58.077689,230.309956,58.005622,0.945933,59.977593,37.488990,normal
104.331299,212.856126,103.651421,0.826600,59.786327,61.599198,critical
47.638960,225.014907,51.549866,0.944328,60.001862,43.616057,normal
79.543447,217.404957,76.108183,0.903074,60.075869,44.792712,warning
86.989276,239.299715,93.777427,0.922288,59.953996,47.635196,warning
80.679064,222.102653,83.798990,0.907069,59.972429,59.923952,warning
54.675444,235.303624,48.461072,0.968311,60.041650,41.414722,normal
79.860779,241.573113,75.817652,0.885613,59.962983,50.820425,warning
80.353233,208.723673,85.472540,0.886553,60.093268,43.561204,warning
109.911553,205.647493,109.205396,0.822254,60.086942,71.045319,critical
77.106808,201.595220,78.834643,0.928751,59.913833,44.868536,warning
50.578204,226.230327,48.705577,0.975067,60.007999,43.289809,normal
75.934689,230.430278,77.707953,0.892121,60.030931,53.792323,warning
49.127134,224.478688,45.248942,0.968841,60.015311,40.014127,normal
91.795607,215.094591,86.882619,0.906636,59.934702,51.362542,warning
77.051477,229.774024,71.691134,0.970756,59.974030,37.818547,normal
74.022107,210.190526,72.658053,0.911195,60.250338,55.411097,warning
80.874561,241.197121,89.825376,0.952633,59.948987,53.385524,warning
101.359183,212.118109,101.538302,0.946197,59.947768,52.330540,warning
41.161298,227.695500,43.389521,0.922356,59.981337,39.738641,normal
84.858589,213.123828,88.721879,0.891391,60.030339,52.388345,warning
62.747541,227.504548,54.663857,0.964373,60.001508,41.500542,normal
85.329409,211.654318,93.793733,0.897128,59.781958,61.077975,warning
99.116107,204.056256,110.073111,0.847411,60.000736,58.581315,critical
79.492667,227.707916,86.665575,0.909544,60.016537,42.290394,warning
50.929088,230.383643,45.074593,0.954383,59.925469,37.001523,normal
94.316416,245.853621,103.825536,0.843530,59.562633,65.571659,critical
55.177089,223.008996,48.466538,0.947782,60.064181,41.631972,normal
104.171615,215.855651,113.548532,0.807324,59.627293,59.969411,critical
62.391334,234.106662,70.605121,0.959309,59.993966,38.480631,normal
84.654135,210.151925,86.263816,0.892589,59.926541,44.629831,warning
70.311898,236.681222,73.524640,0.903600,59.981266,46.853035,warning
108.442180,239.161191,109.379334,0.869835,59.561531,69.720098,critical
62.341152,232.462160,65.053733,0.960390,59.961758,36.781091,normal
100.328703,244.797242,105.446409,0.868726,60.387809,71.589447,critical
78.199280,217.491518,88.899132,0.921108,60.009329,58.029010,warning
63.441180,224.408234,59.434251,0.978472,60.026490,40.535492,normal
72.846419,230.017881,80.534357,0.913407,59.979861,56.830963,warning
64.899614,213.199975,72.201761,0.960008,60.031627,51.909134,warning
60.335524,227.126196,57.182574,0.973463,59.959335,40.057431,normal
75.195543,238.613291,86.396545,0.884946,59.915777,53.395087,warning
83.899988,218.042519,80.531515,0.926983,60.015480,53.565097,warning
83.043881,218.071248,88.850271,0.899996,59.926879,54.065002,warning
57.472065,230.040951,51.208777,0.965644,60.048729,39.100761,normal
63.985060,231.810963,63.759328,0.978193,59.966001,38.275569,normal
98.025849,204.058823,93.731648,0.842449,60.052685,68.068653,critical
58.857840,227.568277,60.664429,0.962863,60.003158,40.360800,normal
91.440260,196.797008,90.826808,0.842853,59.681188,69.704715,critical
102.689060,213.085563,107.808150,0.837520,59.807108,65.838184,critical
83.989836,216.641412,97.551241,0.915905,59.826790,54.114852,warning
104.485073,211.235199,105.440662,0.812445,60.300608,67.793893,critical
115.490862,245.762323,114.974145,0.867355,59.638350,64.040022,critical
49.784620,221.975904,52.884599,0.948587,60.001193,29.008343,normal
72.588355,231.886371,83.535305,0.943848,59.977205,37.550052,normal
73.790651,227.367912,68.052592,0.979614,60.004074,43.291155,normal
64.114685,231.411033,62.831556,0.963370,59.953273,40.594466,normal
59.954229,236.595696,57.693776,0.979270,60.034237,47.165274,normal
44.364499,228.037191,48.884469,0.950233,60.009099,39.702030,normal
54.903622,232.984378,59.877777,0.986374,59.969145,36.621913,normal
105.580699,206.151764,113.686997,0.851459,60.148899,45.200493,critical
78.053825,215.482553,80.193866,0.958651,59.954030,53.681093,warning
47.286211,230.767687,46.715149,0.931772,59.987091,43.659256,normal
81.094882,227.190661,83.399159,0.908813,60.230606,58.933576,warning
56.058624,226.250159,68.142129,0.951647,59.999958,42.063881,normal
73.222134,211.305134,77.202876,0.888720,59.933597,56.699930,warning
48.392172,230.221401,41.377151,0.975530,59.989567,35.062263,normal
52.317263,233.294377,52.632531,0.974513,60.008111,40.174893,normal
64.540174,227.497139,66.800790,0.967597,59.971193,36.626596,normal
81.979109,230.170753,87.432364,0.934887,60.029529,55.654286,warning
53.857499,225.341543,53.127427,0.954896,60.017493,42.409093,normal
69.861197,218.789042,64.758819,0.923907,60.138213,44.034572,warning
77.771743,215.972881,75.918071,0.920034,60.135939,49.824599,warning
59.885877,224.699861,52.480013,0.988562,59.988412,37.531898,normal
96.891231,210.617775,107.573058,0.869271,60.040578,63.394726,critical
52.183514,229.319740,58.884074,0.948419,59.985384,37.928876,normal
111.765750,201.452404,117.005382,0.907647,60.256824,63.809301,critical
62.537967,227.563537,67.163173,0.973362,59.971811,39.749795,normal
61.375252,212.475331,65.973248,0.941996,59.938326,51.842436,warning
105.191562,202.156320,109.150271,0.802299,60.240666,74.863338,critical
87.089899,228.632724,90.866157,0.913628,60.070576,58.056512,warning
46.735550,224.470421,46.205748,0.986723,60.036742,39.978541,normal
55.548403,224.980941,48.446072,0.958197,60.048651,39.274429,normal
98.385014,212.434437,99.906475,0.845201,59.825913,68.599231,critical
50.803960,222.521708,51.657190,0.968972,60.011657,40.987355,normal
108.304366,210.219582,111.194291,0.859278,59.795016,56.774925,critical
106.605767,245.256175,105.005190,0.858569,59.927309,71.701317,critical
79.088966,226.971804,80.310838,0.992716,59.898114,40.943828,normal
104.267692,197.951712,103.499042,0.840643,60.131844,66.347440,critical
53.461327,237.067394,58.109609,0.948640,59.968026,35.866975,normal
43.124299,227.457646,37.952459,0.952736,59.991826,41.875778,normal
85.818340,225.329657,83.341642,0.906218,59.949562,51.813913,warning
41.601384,220.219266,38.708195,0.969175,60.018795,38.167167,normal
47.684288,225.698404,51.098342,0.951868,59.967254,41.100527,normal
83.961824,210.467494,82.609998,0.906658,59.925232,56.964309,warning
82.642494,201.656615,80.710794,0.822663,59.767153,63.877854,critical
86.364447,216.832344,90.784305,0.909008,59.991652,51.232360,warning
100.362714,245.136013,102.189663,0.854280,60.112765,76.402956,critical
82.374488,209.567556,81.636855,0.802418,59.798549,66.880580,critical
94.384314,209.047049,103.697662,0.778573,60.197596,76.164260,critical
55.242493,227.257991,63.293460,0.968239,60.033322,39.049806,normal
79.263506,210.337315,73.785041,0.947997,59.952589,44.121531,warning
58.422520,228.563322,51.861936,0.969775,60.022271,42.432338,normal
53.722726,229.574240,56.807618,0.976542,60.010368,42.097535,normal
58.798038,224.904606,56.149146,0.980069,60.031703,39.171298,normal
64.317335,241.457592,71.179284,0.935349,60.060550,50.645658,warning
109.053574,210.959934,121.432253,0.784171,60.008053,68.741416,critical
59.099909,230.338088,58.691849,0.957814,59.960842,37.032451,normal
110.241330,245.943585,116.066764,0.868617,60.085061,67.206830,critical
67.946689,223.067997,71.223630,0.965424,60.055378,39.537194,normal
110.976048,209.387015,112.146994,0.867948,60.201560,69.790057,critical
79.214539,238.290051,83.682181,0.939428,59.966748,55.421086,warning
51.436997,230.219907,55.285292,0.969360,59.994447,41.932221,normal
63.398434,226.107759,68.816557,0.960585,59.966108,28.759711,normal
61.374912,225.579171,57.480018,0.961853,59.926210,43.293844,normal
82.859654,225.098973,86.513343,0.893063,59.968362,52.321402,warning
100.018264,239.469449,111.509835,0.849425,59.864470,69.527804,critical
54.437331,230.498622,59.755379,0.945871,59.986434,36.583229,normal
63.623542,219.546030,68.203775,0.933239,60.014675,53.800661,warning
74.177466,208.831462,84.491152,0.908468,60.093179,48.858067,warning
100.377606,210.111162,105.735693,0.821382,60.347740,80.201678,critical
82.688004,211.914104,90.003369,0.912666,59.913505,43.867024,warning
65.226435,240.127128,65.250603,0.983458,59.982451,38.236185,normal
62.705404,228.994909,60.411997,0.961361,59.978621,38.545014,normal
89.682514,219.200036,92.524292,0.963562,59.889321,50.174182,warning
86.294061,237.870074,86.809917,0.953058,60.018691,46.992086,warning
56.727311,235.713791,53.215691,0.973057,60.045034,38.361771,normal
65.479188,225.134266,72.756455,0.953946,59.979982,40.180267,normal
56.731469,234.559774,58.124925,0.967989,60.013515,35.566232,normal
46.640176,223.235004,50.157086,0.944746,60.014250,36.633696,normal
70.835811,229.789686,70.400044,0.936079,59.997511,38.211578,normal
81.157234,245.053484,84.347625,0.905319,60.082671,53.086388,warning
57.927238,226.633178,54.715541,0.988514,60.039827,36.433319,normal
94.724822,242.591187,99.352850,0.791478,60.022375,60.434098,critical
71.620202,230.257648,65.427787,0.974327,59.989450,36.467003,normal
35.295624,225.696799,31.395880,0.950889,60.001561,39.605126,normal
56.608246,225.686407,54.563749,0.940005,59.949865,44.884212,normal
46.411659,228.915179,52.445959,0.983684,59.965763,39.587369,normal
95.988313,202.213565,98.506298,0.849196,60.437044,71.941976,critical
103.703788,244.160870,97.061927,0.843727,60.218301,56.848176,critical
93.568664,208.056456,97.167783,0.828483,60.096570,75.907236,critical
93.120349,214.441525,98.987583,0.947749,59.978354,56.184827,warning
101.508925,209.777257,104.664489,0.775346,59.823881,68.113129,critical
100.038437,210.710227,108.244411,0.889797,60.034375,67.934913,critical
86.593964,228.848079,94.114370,0.946390,59.996172,49.689682,warning
110.918967,244.742641,103.924147,0.857165,59.973441,61.484201,critical
78.063914,240.390789,86.434634,0.891213,59.956550,56.534133,warning
60.147125,226.174686,63.668896,0.954390,60.020731,38.098794,normal
44.794066,229.535762,44.721902,0.970345,60.020657,41.081416,normal
64.674873,226.513540,61.742030,0.965935,59.997702,39.269133,normal
84.019347,224.363204,83.667016,0.865071,59.749989,43.726249,warning
72.063540,228.614887,78.184780,0.984765,60.021298,48.455977,normal
46.466295,230.333771,46.680291,0.969588,59.969630,49.228335,normal
94.937964,191.961492,90.706485,0.858422,59.957077,60.383920,critical
106.256392,213.723579,116.991249,0.845305,60.168390,80.024665,critical
59.800754,224.174113,60.807227,0.959243,59.981331,39.215315,normal
101.219516,202.514537,99.315826,0.824568,59.952087,65.426324,critical
94.504299,197.892657,93.368694,0.894318,59.839023,63.435186,critical
74.010150,219.026237,80.560050,0.960838,59.855864,56.898788,warning
51.374959,223.065596,53.372285,0.952599,60.029209,41.321276,normal
50.555901,233.427562,49.322130,0.981140,60.029745,35.499321,normal
105.646792,247.984242,114.044811,0.882215,60.105038,65.075061,critical
109.404051,200.367132,118.474040,0.859087,59.941879,57.630930,critical
80.325814,218.231193,89.575906,0.930267,60.025654,43.469861,warning
91.532373,215.939724,95.485133,0.900586,59.989278,52.097883,warning
98.898569,211.526977,103.549481,0.829266,60.176517,76.330989,critical
75.969653,210.183377,83.566125,0.946743,59.935519,55.563188,warning
59.654072,223.586960,58.074365,0.978896,60.009881,40.861122,normal
86.524167,217.747632,92.870509,0.917488,60.082193,55.771068,warning
59.695053,227.886475,62.791696,0.976128,59.997956,42.867987,normal
102.506641,239.772417,86.126916,0.877353,60.157330,56.512467,critical
52.334445,231.501008,49.774362,0.975904,60.024943,42.838415,normal
50.142952,224.954709,52.682622,0.962531,60.000127,38.372373,normal
100.217553,245.428022,106.994517,0.881427,59.889262,69.372021,critical
53.575441,223.472336,50.500175,0.954639,59.997258,41.329940,normal
82.308162,215.125815,92.153498,0.931891,59.998922,49.762889,warning
101.367351,250.958427,103.654234,0.874223,60.308707,57.614730,critical
58.925258,234.063982,63.633030,0.993935,60.040546,37.462452,normal
51.154534,219.758314,60.492499,0.950926,59.954332,34.325520,normal
52.929644,228.719662,48.644257,0.959770,59.980645,39.041559,normal
107.350404,200.154707,103.004170,0.779763,60.375081,69.114372,critical
72.688895,235.531146,66.222535,0.957936,60.005628,66.160698,warning
42.491529,236.342634,46.588024,0.984642,59.999637,31.045622,normal
68.196815,223.709846,70.437940,0.956906,59.982832,33.348488,normal
53.598223,228.387210,65.051231,0.983990,60.000586,43.810491,normal
59.044482,234.064655,53.326827,0.938425,59.976387,38.785981,normal
79.266324,215.803302,79.016205,0.924727,59.931799,48.068516,warning
76.275939,218.086203,80.324417,0.938363,59.997779,46.341716,warning
55.315262,229.111849,57.079399,0.989940,60.000953,43.845573,normal
48.803710,224.738177,39.884857,0.984369,60.019488,30.614983,normal
47.702529,228.642984,47.435356,0.962385,60.032582,39.776739,normal
80.831374,226.211834,90.021192,0.959788,60.000810,36.204390,normal
95.315496,245.569628,96.669867,0.874437,59.754601,68.099517,critical
47.407798,231.532787,45.971659,0.973976,60.004366,36.911566,normal
77.612969,224.297784,83.589950,0.880024,60.088240,56.466246,warning
54.944527,228.713349,59.763087,0.958134,60.044887,48.184170,normal
101.129562,198.792854,96.376246,0.856848,60.145735,66.057574,critical
72.158873,232.127389,79.495825,0.992372,59.953591,41.347783,normal
45.526195,229.696561,36.678773,0.985997,59.950733,32.412576,normal
64.197561,227.313669,52.292442,0.989963,60.015905,34.259054,normal
105.003589,200.915410,107.388365,0.863884,59.830989,60.993470,critical
100.652556,242.478405,97.454228,0.856660,59.876325,70.510259,critical
65.946199,221.676340,62.651627,0.957993,59.949171,43.367934,normal
80.949040,217.790248,79.581258,0.919339,60.024011,47.851179,warning
77.371443,221.807685,74.827065,0.876610,60.030726,55.289336,warning
55.523490,229.672847,56.211931,0.968523,60.060066,33.088531,normal
100.468446,247.147850,104.235346,0.866748,59.895716,75.302935,critical
90.988570,215.215304,92.748801,0.888569,59.903232,49.145761,warning
62.464748,227.888813,55.506513,0.963614,60.008047,41.394539,normal
80.032188,221.690531,84.169562,0.861798,59.872497,52.115638,warning
91.442318,220.816195,85.098552,0.926971,59.848002,42.587540,warning
96.476978,194.150398,90.659167,0.840477,59.971632,68.236575,critical
73.791410,228.694564,78.629888,0.981113,59.981133,35.424497,normal
85.155934,222.144815,91.239508,0.862359,59.936863,47.244770,warning
70.637814,228.298742,65.597431,0.973256,59.964999,38.339104,normal
78.230391,216.339180,82.406615,0.895261,60.103637,52.442148,warning
94.232695,244.955357,109.378966,0.844195,60.120616,72.206956,critical
109.476587,245.098680,119.797893,0.826927,60.029112,66.686059,critical
83.998773,228.519235,78.478548,0.944377,60.106593,52.714260,warning
96.498593,246.280165,97.791444,0.842360,59.837239,68.240747,critical
63.337811,229.871420,61.765484,0.971504,60.043282,43.231925,normal
53.173867,231.220747,53.894554,0.962505,60.012440,39.017376,normal
116.305149,205.271211,126.456898,0.818563,60.108106,68.958777,critical
103.685622,207.128462,107.366162,0.831334,59.865975,69.111957,critical
105.157041,242.818931,116.006867,0.880396,59.568975,60.076119,critical
101.273575,201.870545,106.740752,0.856046,60.181385,63.745752,critical
52.477406,231.390991,48.052521,0.950767,59.971129,38.032038,normal
54.484439,226.952887,46.429528,0.966064,60.025188,37.101680,normal
69.935696,223.596444,71.395721,0.904603,59.902380,54.158729,warning
68.690657,229.453603,69.656295,0.952722,60.078324,39.823426,normal
78.330789,208.760641,76.253227,0.896544,59.992701,49.031092,warning
74.454329,218.587838,76.199409,0.923904,60.050543,53.234445,warning
47.906075,225.346975,44.554273,0.955420,59.966167,35.319532,normal
74.949029,204.115480,85.712485,0.900354,59.978740,53.836348,warning
57.584287,230.268577,63.119592,0.979782,59.971382,32.107827,normal
45.722072,222.302026,47.131926,0.972886,60.057274,38.317855,normal
97.826863,245.963551,103.154987,0.888576,60.065663,61.238468,critical
56.913724,227.264220,58.769124,0.971563,60.012375,37.146265,normal
108.359623,212.085728,118.070691,0.801732,59.856649,66.942844,critical
92.816470,216.825103,97.421531,0.911542,59.905709,36.060102,warning
105.075109,208.760185,101.657171,0.815808,60.253415,69.314952,critical
69.449618,232.266494,68.803706,0.965178,59.999715,33.863839,normal
39.762806,228.003905,42.954753,0.997090,60.023200,37.816666,normal
69.083193,230.673150,67.473678,0.957465,60.052794,37.923271,normal
90.051354,222.102923,84.428429,0.879940,60.015032,52.753868,warning
72.887554,230.089832,76.887721,0.966600,60.010028,32.743120,normal
96.699759,211.598752,111.481539,0.849388,59.912213,77.481794,critical
100.289103,200.257125,101.041682,0.770349,59.866143,70.111649,critical
77.273958,216.956335,85.158105,0.923249,59.941385,48.723815,warning
62.014126,228.720103,59.784902,0.972534,59.969196,42.469195,normal
57.084609,226.779298,56.236554,0.952980,59.966870,32.210391,normal
71.862360,225.529868,74.310655,0.954180,59.966824,34.151550,normal
99.041522,243.242380,89.084611,0.871262,60.037579,65.624892,critical
105.234886,218.464995,99.199510,0.853090,59.929357,66.753571,critical
51.982409,223.668290,57.313162,0.967995,59.947126,42.830378,normal
82.562831,237.018095,88.075672,0.925667,59.927520,47.181720,warning
52.913220,231.324602,52.874060,0.985391,60.075990,35.979234,normal
58.486123,232.308166,60.810715,0.980426,59.972767,29.093135,normal
105.921100,210.355490,114.870657,0.761077,60.141637,67.116688,critical
74.049237,226.970180,75.714253,0.962241,60.074692,39.020462,normal
44.536523,229.139782,41.343016,0.950396,59.938061,34.347629,normal
44.234361,227.693129,48.518578,0.943028,60.042907,38.057668,normal
89.196809,211.025416,87.671926,0.921280,60.090692,55.837593,warning
39.176039,229.043475,37.910707,0.945667,60.055819,39.074382,normal
96.868818,203.447151,101.039393,0.850018,60.098827,64.271815,critical
83.320292,244.253292,83.510500,0.840698,59.997661,66.255812,critical
87.813110,223.449573,86.407716,0.919482,60.032318,46.975009,warning
69.362598,228.006353,69.381454,0.980248,60.055535,38.759286,normal
39.425026,224.188542,35.007908,0.935144,60.030852,40.053890,normal
87.154036,209.922553,85.330153,0.870821,59.949791,46.753895,warning
55.387811,225.263775,50.311316,0.948757,60.044189,29.063324,normal
48.278104,220.364490,43.845699,0.962555,60.008130,41.340720,normal
57.356211,234.239472,62.082693,0.985917,59.952852,41.434479,normal
48.456823,223.228783,56.304144,0.963420,59.931385,35.684774,normal
93.998698,211.405578,78.974411,0.816055,60.359995,69.234473,critical
57.878674,225.892400,50.342099,0.962585,59.983796,36.776798,normal
87.328034,224.342062,95.716314,0.900200,60.177948,51.146765,warning
56.550348,229.454268,53.691790,1.000000,60.066438,45.837610,normal
74.960341,205.598165,75.430030,0.890938,59.913586,44.397902,warning
61.000331,225.783162,65.215360,0.979473,60.017968,41.703438,normal
73.445042,214.749975,79.186003,0.877180,60.093413,50.621732,warning
45.379820,225.571861,49.715266,0.969501,59.980381,33.393326,normal
48.677456,218.637617,58.909566,0.984408,59.981625,34.307756,normal
39.268199,228.282678,38.028996,0.987575,60.063092,44.301045,normal
66.081726,230.129270,67.006093,0.944385,59.979197,42.150429,normal
100.401417,240.629298,101.734692,0.859862,59.902259,62.838846,critical
92.426470,227.130234,94.792202,0.910987,60.071439,51.133732,warning
75.335517,214.745920,83.928603,0.948397,59.929748,52.895796,warning
59.574289,231.819355,63.040964,0.945582,59.925297,44.506273,normal
103.335108,206.327003,113.838397,0.858499,60.384427,69.077156,critical
83.986505,236.438686,77.272249,0.897629,59.838972,58.103696,warning
79.439469,236.509205,85.522449,0.939730,60.054633,51.342168,warning
70.545859,212.646082,68.969813,0.917269,60.057513,52.607195,warning
54.462245,227.293575,51.128870,0.954145,60.016338,46.568240,normal
55.127400,233.160227,60.620805,0.966096,59.983702,40.921811,normal
47.230515,229.154876,48.845197,0.984858,59.981631,40.568043,normal
93.215817,205.207885,99.436987,0.884580,59.946420,63.403157,critical
69.034188,240.060584,75.808883,0.933906,59.941726,49.984671,warning
76.628245,218.958858,76.818240,0.881262,60.138258,50.072193,warning
58.892592,234.865895,55.346277,0.966227,60.009596,44.191910,normal
102.423226,188.968645,94.369207,0.765181,60.346873,71.881823,critical
88.370973,201.729528,98.433022,0.961032,59.875966,42.318417,warning
63.931567,229.509966,63.380373,0.963113,60.045220,35.815612,normal
53.572963,231.002007,47.105427,0.988792,60.069831,38.909609,normal
78.333868,223.793827,88.538787,0.912046,59.983559,48.593664,warning
66.814921,224.907753,72.871261,0.921608,60.026435,48.592619,warning
93.275417,192.441344,86.868700,0.810229,60.172084,73.649602,critical
81.937923,207.166042,81.511836,0.927301,60.051741,49.860179,warning
82.276025,216.401003,88.714687,0.927202,60.036583,44.671685,warning
104.022254,241.645521,114.433233,0.872155,59.580678,67.402181,critical
79.215766,222.707022,86.948491,0.913344,60.044507,43.238168,warning
66.481616,222.400777,57.997286,0.936358,60.055146,38.539328,normal
66.627992,229.842980,70.823931,0.988337,60.025921,43.176045,normal
58.092172,227.511822,55.083264,0.977790,59.995086,42.676688,normal
59.182491,234.177764,62.486043,0.981105,59.912304,40.816760,normal
99.668001,209.027500,107.470056,0.822206,60.239595,59.779813,critical
48.473217,219.569484,51.779352,0.970932,59.998519,39.675215,normal
94.735960,200.225604,97.330155,0.801715,59.928015,76.333731,critical
89.205580,241.963962,92.709347,0.785954,59.990696,69.593976,critical
55.295832,226.237244,49.472008,0.947921,59.933158,42.335629,normal
46.389008,226.594078,45.051534,0.965872,60.004528,37.252792,normal
71.669370,228.700250,66.865823,0.952485,59.985950,49.089494,warning
55.513012,230.003804,59.754604,0.977760,59.983814,37.163600,normal
52.591637,231.763059,59.898255,0.987327,60.019301,33.217479,normal
76.751493,208.471793,82.991403,0.930888,59.953629,49.685092,warning
51.976809,224.541710,57.064965,0.969865,59.997389,33.391649,normal
84.132649,216.303957,86.629119,0.892130,60.055746,47.789129,warning
59.200601,224.011260,59.920512,0.974517,60.003381,40.707153,normal
99.163871,243.531024,107.267327,0.864584,59.696616,63.029950,critical
57.021394,232.368104,66.086292,0.982255,59.975649,38.550561,normal
60.466425,227.905379,59.806903,0.967174,59.967343,26.461540,normal
42.632575,225.712825,36.534939,0.987319,60.001445,38.067106,normal
62.435204,230.871224,60.196892,0.975416,60.009580,41.300326,normal
48.711342,221.625021,42.335618,0.970940,60.030052,47.139561,normal
51.641307,229.049220,51.267217,0.954262,59.999456,35.591586,normal
101.455877,206.085682,103.193831,0.841979,60.062699,60.428858,critical
106.466195,246.864694,112.021605,0.867680,59.569670,60.088398,critical
67.378726,229.506465,71.326256,0.969452,59.992133,35.420193,normal
47.524825,227.012928,46.417566,0.982238,60.001822,38.018068,normal
68.539316,224.683417,63.845229,0.944372,59.982578,44.577901,normal
83.882537,213.945138,91.525548,0.886731,60.079565,53.460784,warning
102.975738,213.926120,108.555223,0.836179,60.199580,62.549961,critical
61.364060,220.841581,58.872917,0.987515,60.044701,38.344258,normal
116.580171,206.494773,119.266466,0.817746,59.784800,60.613598,critical
88.731002,224.841822,99.904876,0.915461,59.904785,54.960352,warning
115.327395,206.580051,115.165592,0.827255,60.292546,56.796282,critical
55.331724,231.950720,48.347045,0.981095,59.989726,41.970798,normal
88.404732,192.604937,99.406833,0.861358,59.982839,59.912359,critical
69.278872,220.931909,77.255438,0.922024,60.029142,46.884846,warning
45.599075,225.132899,55.534132,0.966153,60.026263,39.984504,normal
71.422102,202.009467,73.903084,0.957737,60.017515,51.733078,warning
56.649846,212.117331,56.587818,0.921116,59.960264,57.716995,warning
57.872392,231.779342,61.173626,0.941100,60.033324,41.847077,normal
108.004358,202.336476,114.947751,0.828394,59.637869,70.435104,critical
42.757291,224.269364,47.550076,0.970819,60.013584,40.377225,normal
52.189530,225.218628,56.364401,0.956040,60.013642,37.787688,normal
109.709872,238.354348,106.712546,0.834166,59.771509,59.919208,critical
94.962045,198.059990,88.935896,0.839968,60.013365,64.429275,critical
50.644477,217.327481,49.782195,0.973475,60.036459,33.575238,normal
113.309242,219.234111,115.255405,0.842647,60.065967,72.085452,critical
63.563686,221.781226,68.910518,0.968213,60.013009,43.649924,normal
39.733430,229.741509,35.516706,0.987307,60.017635,36.487560,normal
46.465058,224.500538,49.774014,0.938461,59.990770,42.080094,normal
77.041630,214.902928,78.328206,0.892226,59.965453,49.632094,warning
77.177222,224.450923,77.988314,0.930465,59.923249,55.911792,warning
46.398949,230.641482,54.030002,0.984429,59.986605,38.398911,normal
41.470865,226.339195,43.455501,0.950494,59.980901,28.328873,normal
108.205439,197.265811,115.398816,0.873260,59.979659,61.397636,critical
82.364713,223.541604,83.763940,0.930432,59.924863,46.825851,warning
62.824210,226.185657,70.237216,0.970188,59.963209,37.928322,normal
88.113409,211.342576,95.416250,0.940833,59.985831,51.254968,warning
89.046157,220.503774,79.502027,0.902981,60.034360,44.553690,warning
59.877601,229.214912,61.712897,0.970304,59.999488,44.776496,normal
62.554043,225.386700,66.855335,0.963944,59.995442,41.589577,normal
92.610905,211.697697,103.864069,0.938470,60.119035,47.222042,warning
109.645906,244.393314,104.608203,0.792859,60.062139,67.120750,critical
95.241190,198.171530,99.027012,0.881290,60.033455,64.133007,critical
83.420670,239.283595,78.204214,0.937724,60.072849,43.190090,warning
51.681831,228.928843,52.741108,0.954427,59.987203,38.514849,normal
61.015279,226.137939,60.927849,0.975307,59.960403,43.065731,normal
83.731715,220.246186,84.935656,0.928805,60.093210,46.729240,warning
96.042864,222.432177,89.180898,0.908279,60.129084,44.336036,warning
72.359853,225.649743,78.608157,0.887034,60.113693,49.280849,warning
57.634974,225.006094,50.719433,0.971564,59.941317,32.780263,normal
95.378366,203.992756,100.501299,0.786520,60.115499,65.592641,critical
84.468026,220.214749,87.245781,0.945996,60.019414,48.463430,warning
52.753246,218.821759,46.954181,0.974319,60.035365,42.077519,normal
49.099590,230.987379,48.239384,0.953984,60.013832,38.192306,normal
77.713400,223.387415,75.274555,0.910280,60.120146,48.637963,warning
46.371152,223.059680,45.411085,0.955372,59.946817,36.800658,normal
75.546684,202.785172,72.772437,0.904181,59.902375,48.699554,warning
80.904135,214.132800,87.146792,0.963813,59.940342,40.676903,warning
98.914178,212.269418,102.028446,0.835241,60.161159,72.223483,critical
74.013549,227.849406,75.093637,0.956353,60.041791,31.371417,normal
35.770337,233.449637,42.880944,0.975399,59.982188,40.864025,normal
72.996652,211.718670,74.597146,0.903163,59.951654,57.083140,warning
77.316578,239.422146,78.072493,0.839176,59.803316,65.153654,warning
68.399762,228.771793,72.010760,0.967910,59.987133,38.976911,normal
53.385958,226.759904,55.052794,0.958320,59.994551,31.430836,normal
75.537378,219.505133,77.310056,0.906947,59.874814,49.064280,warning
79.505078,217.340687,76.594779,0.935222,59.998123,42.894261,warning
66.233782,218.933715,70.887491,0.937689,60.124270,49.360215,warning
80.511151,214.940217,82.919132,0.936496,59.960231,44.394372,warning
49.525239,225.099417,48.986862,0.988504,59.979844,39.062382,normal
77.860071,211.601944,82.779282,0.973613,60.064856,55.405262,warning
106.443173,239.317452,111.414980,0.870573,60.046460,60.117676,critical
111.065483,215.850806,111.523524,0.840305,60.232484,65.109599,critical
58.726235,225.232867,56.511067,0.982509,60.019372,42.654762,normal
86.743520,224.174613,92.646820,0.929610,59.995461,45.520752,warning
52.019223,226.402801,51.125665,0.975367,60.033119,39.693870,normal
50.169757,223.883968,50.965780,0.977485,60.025475,34.108234,normal
58.268616,230.478567,60.815598,0.965807,59.999697,35.064146,normal
78.223862,214.326869,82.080068,0.933994,59.926524,52.697731,warning
36.708219,225.586690,34.360467,0.955267,59.988319,44.001523,normal
102.873150,195.254056,110.470587,0.840548,60.028711,63.365938,critical
53.945263,226.652086,53.740187,0.957891,60.069634,43.374387,normal
49.670274,222.626192,52.274201,0.975395,59.994844,31.680103,normal
55.016456,226.679681,51.949202,0.958950,59.980426,42.103215,normal
73.696254,221.158697,74.319938,0.923939,60.020563,54.101320,warning
79.036438,219.259460,77.118730,0.854531,60.035424,49.555896,warning
96.540696,205.850429,97.892607,0.808385,59.754619,69.223951,critical
47.450608,222.272317,44.847047,0.996064,60.046759,48.521220,normal
83.266719,217.408534,83.529561,0.885759,59.953542,50.392532,warning
54.882763,234.825137,47.448277,0.985355,59.993687,33.394214,normal
61.264829,227.833659,63.684060,0.967628,59.995332,40.493629,normal
70.491270,225.632847,71.192844,0.990952,60.047216,43.544831,normal
53.612046,219.803689,46.482345,0.969550,59.983371,37.376357,normal
56.804893,231.189087,62.802597,0.963392,59.988873,41.122068,normal
46.865910,228.821415,43.531807,0.953243,59.985805,40.575128,normal
67.535377,231.007306,72.564123,0.972956,59.922268,36.835632,normal
101.785546,189.055942,110.592313,0.874445,60.227739,74.027204,critical
88.364118,208.647367,97.294237,0.834570,60.233899,65.239749,critical
79.809765,219.172468,94.748626,0.868638,59.913964,59.209534,warning
84.776131,215.498432,90.460075,0.894906,59.930806,60.032445,warning
68.128043,220.216011,64.825655,0.955966,60.040080,32.395955,normal
117.526441,238.005052,128.075677,0.869999,59.783557,73.472006,critical
56.038061,223.945546,52.704341,0.957955,59.915565,38.320197,normal
110.117278,195.364278,110.920850,0.849853,60.167050,62.596379,critical
104.353649,248.166341,112.629753,0.807161,59.788173,70.688937,critical
57.322941,227.540192,56.733329,0.968699,60.028415,42.418600,normal
75.007287,218.518860,72.603072,0.926589,60.118079,51.035811,warning
100.971867,207.011695,105.107082,0.843866,60.189945,71.898938,critical
39.544822,227.508602,36.400007,0.955618,59.986685,39.359564,normal
101.785140,194.921201,122.094893,0.839429,59.945001,66.116762,critical
60.722843,231.125225,56.955741,0.970417,59.977730,49.222550,normal
78.274320,211.346813,79.323325,0.917945,59.793143,52.563274,warning
32.425338,229.674787,28.990808,0.962254,60.047525,38.744000,normal
62.994192,226.848428,68.518999,0.955463,59.994381,35.540078,normal
74.086673,224.540362,72.056930,0.946065,60.041699,53.723026,warning
70.386528,226.649822,69.166488,1.000000,59.985571,36.745690,normal
56.923064,232.411216,56.979792,0.976982,59.980700,31.822270,normal
64.196708,221.152993,64.127641,0.972977,59.973712,41.594759,normal
61.465003,222.626219,64.611158,0.968365,60.055142,45.997690,normal
94.078855,244.204984,92.742710,0.787381,59.807025,69.535216,critical
81.507920,217.630508,82.976538,0.976584,59.943364,50.076968,warning
105.208335,204.276583,98.016445,0.851641,59.997371,65.888707,critical
56.398239,225.308459,51.668840,0.957649,60.052341,44.717775,normal
100.249921,199.642975,97.184272,0.782518,59.669263,46.608667,critical
60.513938,224.839508,65.474829,0.969533,59.966062,45.186829,normal
98.486355,207.547455,96.594708,0.767872,60.151039,61.434455,critical
49.154789,223.571395,49.721779,0.946344,60.018572,44.100223,normal
82.259599,215.708025,83.401754,0.939239,59.902403,56.473747,warning
60.724487,229.136417,59.169370,0.985744,60.073360,39.896252,normal
108.710728,242.214245,105.252599,0.821706,60.054841,60.801668,critical
49.807555,227.912260,51.081463,0.977790,59.975368,32.821123,normal
50.720408,218.954615,44.893311,0.956532,60.047303,36.017753,normal
41.992428,230.281701,41.764867,0.959516,60.041493,39.143148,normal
98.659413,194.977159,102.262681,0.780073,59.741676,67.333465,critical
58.110738,234.724929,58.293014,0.961816,60.022402,36.264929,normal
70.896625,230.251582,63.789030,0.967179,59.974110,39.553006,normal
87.528731,212.567805,98.258628,0.899289,60.129415,47.490530,warning
42.516625,230.284566,46.601309,0.980689,59.956847,31.509491,normal
84.042707,220.761823,90.467621,0.917481,60.031694,54.753957,warning
99.752336,244.703757,107.914956,0.848993,59.807272,68.497170,critical
57.543919,227.998378,55.285889,0.980327,59.986027,33.109269,normal
57.017674,229.189135,64.722968,0.962310,59.939142,50.601201,normal
114.520335,240.637154,106.552834,0.855613,59.993898,69.113407,critical
101.881107,208.161234,101.516087,0.830148,59.875690,68.313347,critical
100.123378,202.940258,103.994492,0.870667,60.280166,69.626562,critical
59.541419,228.549983,55.904636,0.960702,60.038526,35.680643,normal
79.898369,219.942284,84.224868,0.917346,60.011858,42.914453,warning
70.877362,218.244985,72.136311,0.932894,60.012898,41.420689,warning
86.420131,220.393213,89.751331,0.894557,59.964638,50.176005,warning
51.690538,225.983787,57.182018,0.971899,60.037858,34.394349,normal
84.444658,215.186350,85.926701,0.911664,60.026352,42.351574,warning
46.590773,235.805247,36.460424,0.980941,59.998011,26.744421,normal
54.778293,227.933812,51.453814,0.972676,60.009007,47.085443,normal
76.498738,237.926681,67.654884,0.888774,60.074395,47.930232,warning
56.366980,227.073013,48.839920,0.943363,60.048410,38.871651,normal
62.729604,218.124828,65.726775,0.933921,60.110786,48.851635,warning
76.336371,235.565042,84.558226,0.915240,60.011075,49.975544,warning
80.779074,238.221024,87.003485,0.922578,59.951618,52.706189,warning
50.801620,235.302170,50.786137,0.957031,59.971302,43.316023,normal
66.325955,229.331567,61.797367,0.977056,60.063912,38.509076,normal
53.842840,236.031076,48.429391,0.977918,60.036061,41.353743,normal
95.111144,230.380821,97.691789,0.954874,59.923020,37.325545,normal
97.100880,237.755735,88.049963,0.938985,59.883959,43.054191,warning
105.822764,197.313003,120.986021,0.813184,59.949756,70.434237,critical
39.918483,225.377888,39.425772,0.974848,60.025057,37.556469,normal
95.382444,223.890260,101.754903,0.832432,59.813085,66.933465,critical
75.353196,223.842667,72.958014,0.913425,60.006105,52.039211,warning
63.630608,227.784836,62.680902,0.953372,60.033028,32.889629,normal
81.334236,211.705321,88.900920,0.936172,60.061714,37.801233,warning
81.746182,218.535901,84.186280,0.894094,59.907615,50.475255,warning
69.486879,226.035729,70.092603,0.967935,60.028839,45.742622,normal
37.422920,228.520730,38.171186,0.967193,59.983034,40.060903,normal
78.909358,213.468862,92.832493,0.928854,60.032099,48.956319,warning
58.803647,226.932809,60.065266,0.974204,59.939517,41.614238,normal
92.571500,206.275178,105.477664,0.880520,59.725791,53.314441,critical
49.830354,223.501706,51.288490,0.983804,59.976249,43.282510,normal
96.798723,207.031084,104.248863,0.869405,59.938586,62.930295,critical
67.820379,217.094801,72.073246,0.962447,59.883960,53.612049,warning
84.948600,238.487894,90.166966,0.870049,59.889370,52.025718,warning
107.315498,201.671293,121.142070,0.842429,60.243306,55.417648,critical
74.751025,225.620977,73.501481,0.954047,59.946694,38.575628,normal
58.790856,231.905314,63.487559,0.963464,59.971035,38.296262,normal
63.704385,225.830460,65.772004,0.958142,59.928638,37.974985,normal
102.915460,244.372849,105.150327,0.795719,60.169604,63.016628,critical
77.071438,221.920461,79.321731,0.906616,59.918017,53.927987,warning
88.377871,228.324654,97.596416,0.911778,59.886663,61.070671,warning
62.351796,226.702391,65.532503,0.982779,59.932946,34.273728,normal
83.844901,216.187476,80.675376,0.885945,60.061023,49.927764,warning
99.105832,188.668968,92.163638,0.827693,60.024885,69.466113,critical
97.851200,200.359511,113.069972,0.856883,59.772232,66.962551,critical
98.769778,203.019745,102.234044,0.836708,59.983048,61.027373,critical
82.517043,226.603736,80.264966,0.962326,59.989402,38.446528,normal
69.922946,209.566818,57.803127,0.917864,60.024982,54.412844,warning
78.118978,220.897026,71.621747,0.904599,60.015192,56.675107,warning
109.998831,199.829244,120.765209,0.927649,59.912279,68.663777,critical
92.016862,245.293735,96.689480,0.868463,60.360281,62.470620,critical
68.175460,223.920887,67.764889,0.976038,60.032704,40.936161,normal
59.715590,223.747575,65.189407,0.965034,59.955743,38.406651,normal
65.324484,223.015252,66.228281,0.978098,60.075635,44.638854,normal
67.493663,224.003619,72.156070,0.907907,59.962719,57.577460,warning
101.233842,208.595250,105.446416,0.829433,60.086008,73.146038,critical
57.738118,232.452412,59.137764,0.974973,60.059800,42.584476,normal
100.772954,208.154394,103.580573,0.857671,60.022355,73.698567,critical
70.727129,207.157373,78.396560,0.937710,60.046835,47.844123,warning
73.841989,209.301665,73.333473,0.910341,60.059857,55.619955,warning
50.292861,228.980505,45.074479,0.966213,59.985798,29.904229,normal
57.203235,230.494965,48.396028,0.962368,60.021791,44.672521,normal
38.403929,226.658938,35.890222,0.956928,60.019994,37.962578,normal
102.309961,202.673771,99.085324,0.810232,60.014236,65.640013,critical
69.450686,218.031860,69.541875,0.890632,60.073932,52.159492,warning
107.206402,197.218903,108.506127,0.828925,60.399988,63.390914,critical
88.424002,208.701235,83.881971,0.818815,59.985611,66.862975,critical
42.038967,225.853988,51.621885,0.998541,60.046853,35.773943,normal
51.567261,223.178109,47.667360,0.956983,60.030295,44.050983,normal
56.974649,228.853556,47.769443,0.946310,60.026337,37.300252,normal
100.921141,239.688902,109.191906,0.872783,60.702957,60.303664,critical
98.913024,246.426173,100.200216,0.818664,60.044294,69.656191,critical
69.279865,218.543006,68.590735,0.917357,59.925430,54.571521,warning
69.273501,220.396011,69.425275,0.910983,60.023083,41.576584,warning
83.517837,238.124591,82.277953,0.841700,60.078558,69.097584,critical
52.093305,222.061737,49.556068,0.966999,60.044889,40.616412,normal
90.616571,220.769422,92.250732,0.878241,60.018227,53.002977,warning
56.888333,229.164841,49.016774,0.968085,60.028185,40.106257,normal
81.984497,222.758203,88.494673,0.906579,60.182111,52.568565,warning
109.711440,245.671624,106.560050,0.812394,60.121129,62.617030,critical
63.240433,228.830222,65.431570,0.931889,59.967236,44.173624,normal
56.375059,223.168357,53.321747,0.950184,60.038636,47.113621,normal
43.035210,229.425462,37.123844,0.994022,59.973375,40.864083,normal
75.274809,239.616669,78.826273,0.919214,59.977101,52.958503,warning
79.712244,221.326334,69.441199,0.895279,59.968095,55.125791,warning
41.883693,227.954641,40.050180,0.992006,59.960761,36.237916,normal
65.690808,232.135982,59.150338,0.960714,60.065285,45.936744,normal
111.677592,198.229508,108.964161,0.833302,60.106834,61.307594,critical
77.328108,211.664882,72.825419,0.944353,60.164552,50.435122,warning
103.492512,246.536258,103.008993,0.812975,60.260104,67.844413,critical
55.109903,228.416521,61.720344,0.958207,60.002560,41.307295,normal
85.373868,239.810941,84.210220,0.890526,59.975369,51.186159,warning
41.793480,228.351580,43.176048,0.970246,60.064529,37.615744,normal
85.287619,218.020935,98.983566,0.844036,59.974508,50.326694,warning
80.668026,216.452406,96.632844,0.892335,60.040601,52.327875,warning
72.906654,228.899189,67.596400,1.000000,60.025920,42.948906,normal
48.790257,224.305378,48.600609,0.961662,60.021467,40.190418,normal
72.007591,226.993208,71.072161,0.975041,60.000142,44.569011,normal
76.116014,221.832538,78.468282,0.927523,59.936588,47.091433,warning
47.533669,230.056374,56.122626,0.974988,59.999588,36.199945,normal
74.067491,213.716709,76.043790,0.951070,60.000544,47.566935,warning
59.002804,228.121168,60.443867,0.938204,60.056436,36.508537,normal
51.737514,225.966528,49.690733,0.963131,59.957342,36.329053,normal
105.784662,244.013850,102.389211,0.870100,59.688158,64.345548,critical
56.250785,227.423388,56.764102,0.952459,60.022695,45.469671,normal
79.084748,222.103406,79.751333,0.913533,60.065973,49.159686,warning
98.030330,206.079603,103.829113,0.830963,60.038346,67.609895,critical
54.022757,223.815582,56.336871,0.974322,60.055295,42.245014,normal
109.980978,200.671346,106.593939,0.873551,59.729634,59.486646,critical
73.591329,212.239732,72.119817,0.923230,60.169769,58.942630,warning
57.250949,228.942892,54.086030,0.965915,60.038689,42.316416,normal
100.596781,216.817505,109.513681,0.863261,60.241341,64.810479,critical
66.598796,236.769840,72.166407,0.993621,59.979173,40.405307,normal
102.378116,215.025876,117.361165,0.770819,59.895094,68.864209,critical
67.735662,226.203569,71.609888,0.936426,59.991757,38.124603,normal
89.191461,217.259888,101.612403,0.950098,59.840844,59.320877,warning
48.195586,230.051976,43.475811,0.956156,60.017675,42.392220,normal
41.964437,223.947996,33.886522,0.968928,59.981048,40.029925,normal
104.608101,197.115912,106.592194,0.907588,59.951000,77.071834,critical
102.080751,207.937527,110.791478,0.829767,59.901711,60.866810,critical
83.553414,216.159932,102.499065,0.925616,60.005405,41.616152,warning
85.562964,224.700607,89.223501,0.926727,60.060581,47.479604,warning
72.758230,219.287674,72.449555,0.907751,60.059973,54.171327,warning
98.556432,248.616560,105.449643,0.811301,60.093957,60.585177,critical
75.310700,228.063659,79.940212,0.912090,59.847341,49.988615,warning
67.673459,234.064945,72.379093,0.948664,60.009765,37.320904,normal
52.108441,228.683521,57.385226,0.952590,59.949024,40.692385,normal
64.215730,232.553391,67.375783,0.972929,59.950719,41.384855,normal
44.962726,231.976487,41.926662,0.971948,59.937552,40.007930,normal
78.844692,214.207825,80.325179,0.923839,59.722564,57.571216,warning
57.232450,222.415697,60.652789,0.957361,59.968108,38.941196,normal
93.472498,205.255716,100.667116,0.797445,59.351981,73.073813,critical
43.584851,227.977281,37.198732,0.979635,60.046302,36.512121,normal
77.266535,212.820435,77.226116,0.908475,59.866671,60.566521,warning
81.075257,219.553215,84.055718,0.850837,60.048645,59.617537,warning
45.935541,226.323995,42.661538,0.980478,60.004383,35.863815,normal
75.570621,219.094234,81.910085,0.886829,59.848974,47.539671,warning
54.687541,226.716977,54.965467,0.958117,59.998314,43.116257,normal
55.962765,218.278143,64.860255,0.981979,59.990653,44.274961,normal
77.286957,213.978985,87.815029,0.927547,60.001292,50.171700,warning
101.173025,244.593234,111.678400,0.859370,59.956452,70.756080,critical
69.310057,234.466395,78.517002,0.979477,59.962963,34.296212,normal
50.089652,228.350442,48.586694,0.979132,59.993480,38.533107,normal
84.702460,216.642154,85.140790,0.861653,59.991027,46.597819,warning
88.835785,226.455631,86.720442,0.902114,59.977579,45.108189,warning
68.638635,230.777661,72.764251,0.983884,60.040448,37.695119,normal
83.118577,239.938352,96.397881,0.899442,60.032204,54.216402,warning
102.118403,216.251674,118.349854,0.782772,60.276803,64.709907,critical
61.231341,222.810879,60.548135,0.975479,59.995317,38.011455,normal
101.719231,248.451115,93.896354,0.844316,59.621817,58.991150,critical
45.780529,233.710051,40.733171,0.986808,59.979459,32.623191,normal
78.359583,215.060055,85.029092,0.952496,60.051807,41.640872,warning
45.668061,231.247058,51.524755,0.983142,59.985194,40.952384,normal
47.262875,221.241149,52.342353,0.995179,60.000518,42.349159,normal
64.488270,228.549392,65.711313,0.955989,60.014148,39.340862,normal
104.561506,217.972350,95.717113,0.836914,59.734488,63.631830,critical
80.122449,213.176645,93.421395,0.923519,60.096676,58.267240,warning
34.832178,232.189922,33.680595,0.968916,60.008487,31.517894,normal
74.071221,238.456782,71.608683,0.947892,60.044662,40.517990,normal
52.777269,233.611138,47.772730,0.971120,59.943381,37.022080,normal
46.511882,230.936402,49.430346,0.939629,60.033393,33.428541,normal
50.692375,227.908496,56.777341,0.974040,60.018253,35.899233,normal
66.333096,227.606483,65.157611,0.992536,59.986015,32.076068,normal
61.454338,228.208167,51.130896,0.964694,59.971010,42.644987,normal
54.229890,228.351921,47.948299,0.956627,59.994572,43.964714,normal
70.380206,209.757514,72.108314,0.948920,60.003233,47.960541,warning
102.338268,241.684721,106.908674,0.819920,60.436101,56.762467,critical
76.638782,214.760736,79.838153,0.945252,59.950110,48.215628,warning
85.906294,213.866602,93.869141,0.897579,60.066745,58.047113,warning
106.404238,248.431419,103.032528,0.860316,60.271424,60.118142,critical
44.005436,229.355137,39.271073,0.931209,60.008005,31.967188,normal
96.467897,209.836751,90.793942,0.828979,59.876082,69.273395,critical
45.713637,229.409250,34.964902,0.983648,60.023394,38.636370,normal
83.230724,238.387133,79.593793,0.923752,59.964257,50.943496,warning
90.422306,217.180757,78.009653,0.820809,59.803224,63.891252,critical
56.544219,226.600435,64.623939,0.958511,60.052892,40.000178,normal
76.952474,224.929793,81.534384,0.901676,59.997389,52.573491,warning
65.279494,224.975836,71.443386,0.998351,60.022685,40.939519,normal
56.961098,227.720322,47.865345,0.940712,59.983725,31.963889,normal
42.692803,228.121466,43.400777,0.998297,59.945870,40.316312,normal
106.164250,247.981226,109.406661,0.867623,59.774356,61.275833,critical
87.355837,237.004713,105.202201,0.906509,59.916126,52.606766,warning
63.788419,229.578934,61.424155,0.988507,60.067738,37.547419,normal
55.262906,229.407261,59.098934,0.956522,59.917302,28.163658,normal
56.286259,232.187581,58.787379,0.979276,60.009003,36.256437,normal
100.046640,215.253822,98.339629,0.769411,59.855816,70.654091,critical
65.006888,232.270585,53.023545,0.937876,59.956583,32.102907,normal
54.372218,228.459049,57.598305,0.941963,59.911946,41.662926,normal
77.441798,217.572399,86.546181,0.887421,60.148809,53.627861,warning
75.126428,220.468367,80.223705,0.910496,60.015654,54.557878,warning
48.985218,226.904205,49.430436,0.957707,60.019884,44.954073,normal
67.484284,240.128192,66.093281,0.912403,59.950087,55.052893,warning
42.250963,217.780141,37.177462,0.964088,59.998293,37.676308,normal
86.804893,238.717825,93.113720,0.893861,60.021121,55.478214,warning
67.360961,231.794437,74.150178,0.959406,59.971045,40.868986,normal
95.790786,196.791683,92.100095,0.858264,60.158625,64.390794,critical
56.283556,226.141701,56.424448,0.973752,59.992259,38.828698,normal
57.200196,225.376271,56.871483,0.960751,60.016322,33.629092,normal
61.350556,227.414806,57.883366,0.995573,59.988534,41.832692,normal
46.686742,233.244343,59.267561,0.951376,60.018730,34.399237,normal
52.344495,227.137790,44.645894,0.973323,59.961393,38.648778,normal
115.070601,208.107539,121.248172,0.870109,60.084189,54.084921,critical
80.361150,220.008593,75.694186,0.896975,59.947632,50.388836,warning
36.190583,228.174839,42.282832,0.960667,59.968234,35.969319,normal
50.685688,227.805255,57.588110,0.982682,59.980397,41.125531,normal
56.165542,229.935001,57.587480,0.979332,59.950722,32.491780,normal
53.599661,226.221203,50.812202,0.974982,60.043012,35.346950,normal
57.996777,223.858476,53.430065,0.994621,60.029388,36.830489,normal
58.584364,228.299776,63.097242,0.962097,60.037890,36.291394,normal
56.403566,233.996567,58.885184,0.969443,59.922157,45.985218,normal
93.676981,216.368309,93.743894,0.845244,60.148485,64.459500,critical
51.787841,232.654091,61.834135,0.955530,59.959228,42.973535,normal
95.261530,202.076570,115.749370,0.903495,59.808034,59.461149,critical
57.418406,228.205761,53.092846,0.937189,60.014783,33.054375,normal
46.025671,226.055425,47.835990,0.971338,59.984194,37.109156,normal
59.741318,227.230540,61.511032,0.965370,59.951600,44.817352,normal
52.493062,220.880597,48.475810,0.982054,60.055534,39.846544,normal
104.412278,202.467291,118.714878,0.839177,59.909461,73.516998,critical
102.302753,214.046744,114.800929,0.824109,60.019072,67.799425,critical
78.851052,207.083034,67.171372,0.933005,59.868568,61.120547,warning
83.265944,209.268852,87.713946,0.890472,59.911725,46.323992,warning
47.452058,224.987929,42.732656,0.985280,59.986610,35.381096,normal
52.393272,228.157638,52.409102,0.954739,59.974238,40.779874,normal
44.797302,229.471389,53.522345,0.962498,59.976963,30.425749,normal
61.491156,226.149855,54.763577,0.964127,60.007795,41.704678,normal
88.506593,224.386169,89.811595,0.944529,59.950876,48.353085,warning
95.400791,203.376887,112.046301,0.841129,59.799879,62.880334,critical
41.482792,223.301723,39.709337,0.945529,59.961757,36.728033,normal
104.752147,248.197076,124.612841,0.868402,59.608214,56.231205,critical
58.422364,231.591319,60.025876,0.947269,60.033740,35.407992,normal
64.685578,230.760926,62.359643,0.968004,59.947829,41.768073,normal
72.514878,232.832271,64.638900,0.955386,60.041234,40.866535,normal
49.630719,233.583625,55.738478,0.971763,60.032032,44.522316,normal
62.243652,234.296782,61.232513,0.976912,60.024710,43.369419,normal
101.004578,211.853783,103.968411,0.833486,60.056328,64.527432,critical
93.425944,187.082838,104.353772,0.833808,59.781177,64.611840,critical
63.321920,230.129419,54.766873,0.984979,60.012428,40.743267,normal
104.642676,244.989931,111.049943,0.847051,60.028279,68.974390,critical
58.843659,228.464428,65.507145,0.945993,60.024894,40.222117,normal
60.875065,229.087451,62.563799,0.969694,60.027312,38.075537,normal
95.172070,211.305564,99.215698,0.830705,60.104719,66.166051,critical
79.449442,209.589844,78.219806,0.913470,60.008897,53.562626,warning
64.832878,238.036465,56.535767,0.945887,59.963642,31.158452,normal
54.155175,231.367403,52.616781,0.949844,59.993369,41.194178,normal
105.070553,213.006146,116.510996,0.881818,60.572084,71.441955,critical
64.836454,209.210101,70.078178,0.891519,60.078937,49.115410,warning
45.021426,230.433203,43.099132,0.978605,60.022613,43.500176,normal
59.753018,226.738453,54.436717,0.965552,60.019548,34.389542,normal
57.047144,228.247632,53.806676,0.974340,60.065561,45.158850,normal
66.141404,229.817735,61.682536,0.960666,60.024512,39.378029,normal
105.885213,206.278526,119.795487,0.837098,59.702122,63.848257,critical
88.944559,208.475711,92.001922,0.848548,59.624589,74.144347,critical
112.579530,248.153391,117.821301,0.892032,60.285511,71.741384,critical
80.836753,211.972541,79.006971,0.920071,59.959847,44.497285,warning
79.510274,216.419288,79.618088,0.901194,59.884005,54.796986,warning
54.504040,221.043891,57.649083,0.985053,59.957434,34.364258,normal
48.006689,227.166222,50.687330,0.980077,59.996302,47.312409,normal
54.759643,231.449478,65.688780,0.976596,59.949015,42.846611,normal
72.088581,232.235473,67.287248,0.958181,59.986187,40.162844,normal
83.233496,219.395058,88.945542,0.880622,60.049084,49.411496,warning
75.599206,238.854043,74.364449,0.921180,59.990251,48.508549,warning
100.966511,205.630673,101.713200,0.836543,59.788860,70.738592,critical
87.964035,240.345477,90.450848,0.906688,60.013593,50.709643,warning
99.331525,201.601856,104.184202,0.856847,60.006937,60.405686,critical
106.057763,245.211519,115.502750,0.817033,60.044258,60.989195,critical
99.448407,204.997166,112.048358,0.802887,59.894684,71.763229,critical
48.075069,235.963962,47.220131,0.997632,59.990275,46.125635,normal
56.714288,225.916727,58.633794,0.953944,60.027322,37.720587,normal
87.775025,220.141608,98.827540,0.920831,59.889556,49.296468,warning
100.587697,246.821602,108.187708,0.847240,59.975312,62.746491,critical
64.091762,226.586325,63.842909,0.960750,60.055044,39.335544,normal
96.584236,198.265823,87.898533,0.864825,60.382402,62.679343,critical
53.866572,234.610582,57.812276,0.943558,60.034381,44.610724,normal
56.262626,225.348489,56.857494,0.964126,59.936662,31.988617,normal
74.912776,240.716825,74.693287,0.921847,59.865532,51.730081,warning
43.008612,231.541821,46.421762,0.965620,59.968428,35.973030,normal
64.893153,227.064409,69.520221,0.947912,60.012582,39.152757,normal
78.403429,207.748962,81.209261,0.899629,60.040542,49.995829,warning
63.358603,231.946597,69.089719,0.963505,59.974851,29.529681,normal
87.287556,218.396819,88.934583,0.926352,59.972953,59.708453,warning
41.777372,228.600663,38.730270,0.984724,59.999491,38.849129,normal
101.519032,243.657440,107.636018,0.855111,59.865234,71.047029,critical
48.020845,228.126206,51.095445,0.962480,59.979512,37.748397,normal
70.061611,222.678435,57.701506,0.901033,59.907288,50.699519,warning
98.542923,248.475339,114.558062,0.795356,59.859842,70.462618,critical
46.614945,223.590428,42.410496,0.991437,60.019628,44.068723,normal
86.380668,223.424237,92.802074,0.932660,59.926520,49.459917,warning
107.815567,240.450045,103.433745,0.916649,59.898647,79.550410,critical
94.551432,208.388467,101.300710,0.786349,59.907518,60.667365,critical
101.222410,202.839267,105.314334,0.819195,60.232428,69.585367,critical
69.140776,210.398146,78.556169,0.926762,59.977711,50.632773,warning
91.979885,193.800165,95.069773,0.896639,59.963793,67.532232,critical
81.470459,240.813661,80.738210,0.864078,60.021828,45.966294,warning
81.323292,216.352071,83.075680,0.958211,60.144328,54.223123,warning
73.045110,226.942378,75.575728,0.886262,59.867642,50.614732,warning
55.986047,230.236448,55.180289,0.942739,59.957774,39.307799,normal
73.204770,222.068922,73.663813,0.959828,60.040936,38.242758,normal
90.340347,198.052455,94.099746,0.916381,60.384640,60.700285,critical
55.174879,220.538268,55.076412,0.916059,59.964266,33.793007,normal
54.270091,231.650274,53.634849,0.966166,59.976840,29.128282,normal
60.937865,225.501856,51.568385,0.983961,59.987469,37.502711,normal
108.349331,244.422166,116.219315,0.870671,60.467545,61.559868,critical
75.591328,241.535396,79.849190,0.905290,59.942339,47.374006,warning
105.905333,198.747943,116.795117,0.842850,60.073060,71.370634,critical
46.372689,233.094574,50.312361,0.965717,60.062083,41.128478,normal
80.414216,210.456558,82.010887,0.919934,59.930614,52.644714,warning
57.338864,226.984419,55.854991,0.961784,59.993367,40.020321,normal
46.453315,220.166300,50.993912,0.962860,59.903114,44.929966,normal
103.871680,204.239610,115.222022,0.902985,60.009753,80.506425,critical
58.926288,224.898768,58.113302,0.963282,59.984075,43.208962,normal
51.923168,229.830417,49.752576,0.953376,59.999570,37.265858,normal
102.695195,209.309980,101.992526,0.841977,59.993939,64.395931,critical
56.440463,232.385351,59.233360,0.974034,60.041732,43.260409,normal
52.294207,227.079132,56.639965,0.965271,59.976955,43.691906,normal
90.852262,242.787755,85.808514,0.814216,60.030807,66.096628,critical
74.095536,216.387953,82.437323,0.881751,59.918015,62.548953,warning
59.086598,231.840207,57.993766,0.985615,60.044298,39.833926,normal
50.472245,225.435301,48.580921,0.970443,60.043035,41.134671,normal
92.833721,203.720602,96.738594,0.800336,59.981061,55.140813,critical
96.957023,219.239756,108.143412,0.817984,60.181501,57.776647,critical
56.414491,224.367352,53.651256,0.964881,60.015809,34.771456,normal
55.745038,228.212365,48.709400,0.971396,60.015111,38.350264,normal
63.799800,229.083484,64.041601,0.989341,59.933744,37.112286,normal
67.519806,212.900373,65.930750,0.921285,59.941522,54.891261,warning
46.936730,216.719178,50.403675,0.956601,59.938302,32.693376,normal
79.387496,219.488115,84.198407,0.929680,59.914907,53.975131,warning
87.454967,244.398346,81.283577,0.896796,59.858916,60.942757,critical
72.535062,215.794717,68.748406,0.963639,59.956045,50.215041,warning
45.551558,228.970523,42.195850,0.968113,60.095572,31.109448,normal
71.685586,225.118778,71.332909,0.879468,60.067131,44.701227,warning
99.659697,242.849863,103.476131,0.812599,59.976612,71.863562,critical
83.433370,216.010393,87.683191,0.933353,60.007798,48.688669,warning
62.609950,224.834032,58.374310,0.976966,59.947419,37.638167,normal
96.282072,205.394888,94.563032,0.920595,60.044453,51.367624,warning
47.256514,225.340090,41.125478,0.968641,60.019015,35.615518,normal
94.494129,202.528912,95.256615,0.898459,60.401074,59.486613,critical
85.458421,227.847201,91.964759,0.915772,60.021895,51.172208,warning
43.225188,228.965065,35.599983,0.972298,59.979868,43.543503,normal
58.907060,225.373209,63.095312,0.970877,60.061661,35.098176,normal
44.795869,231.081774,40.457572,0.942659,59.999139,36.207578,normal
85.826484,221.765066,75.004166,0.919536,59.999638,53.815590,warning
56.817625,230.350246,60.756797,0.975227,60.035302,38.793649,normal
40.329720,232.358679,40.443653,0.963311,59.984566,29.794717,normal
82.267340,238.369518,82.754724,0.940949,60.002230,43.879547,warning
77.727483,212.894099,77.442589,0.886881,59.975476,45.683888,warning
58.472553,236.180368,57.328048,0.975135,60.024884,40.661644,normal
38.902345,227.691893,37.537243,0.930201,60.042327,36.877001,normal
76.698052,206.234948,76.616850,0.936164,60.054231,55.703184,warning
87.853087,215.263215,86.784255,0.950932,59.961609,48.551405,warning
43.610128,230.315558,41.850371,0.964477,60.015107,39.192628,normal
100.044209,249.726374,100.472981,0.818356,59.767799,62.173627,critical
92.555448,205.222641,95.765466,0.793745,60.068077,66.434794,critical
55.835437,219.421557,53.232736,0.946712,59.999010,36.955166,normal
61.326662,227.504611,68.534433,0.927800,60.018595,41.383743,normal
105.045742,202.078106,118.987259,0.864758,60.102279,62.099821,critical
62.364439,227.770406,59.685861,0.967437,60.013362,34.080387,normal
51.048281,226.152980,59.390000,0.973116,59.979133,36.079799,normal
57.212829,233.943081,74.112213,0.977370,59.974504,41.762801,normal
66.973978,228.452306,70.878388,0.940621,60.008815,39.522272,normal
87.518587,226.345283,86.821349,0.880127,59.899419,50.457303,warning
55.525142,223.547365,52.879579,0.956899,59.968798,44.175735,normal
50.093261,220.997997,44.927132,0.936918,60.027303,41.076296,normal
101.931321,200.902191,106.862870,0.843568,60.030453,63.664443,critical
60.254027,234.169584,54.105670,0.975021,60.014837,43.631406,normal
55.501337,220.847094,54.960848,0.957651,59.978313,45.582917,normal
48.236565,227.154026,51.481919,0.984039,59.963270,41.393887,normal
67.630622,219.821313,69.611161,0.973269,60.039116,38.780648,normal
85.870344,225.175643,76.875518,0.873151,59.916736,51.351205,warning
80.288263,222.438349,72.591951,0.884885,60.005317,50.792800,warning
92.205662,222.616767,98.402250,0.916976,60.065004,56.506687,warning
63.459813,223.207495,65.063914,0.940798,59.992413,40.138867,normal
42.617979,226.836611,43.548041,0.958487,60.025387,43.710648,normal
76.724475,216.174348,82.340311,0.922737,59.965968,39.569475,warning
56.057833,224.734285,62.518774,0.959505,60.004607,34.442336,normal
73.376952,223.246514,77.043672,0.932028,60.023679,58.279347,warning
84.389368,227.254367,82.881435,0.938584,59.954390,59.247628,warning
103.843051,207.077429,99.793701,0.893306,60.118916,56.461472,critical
88.661684,210.376438,82.897731,0.901020,60.049458,47.703225,warning
91.550098,205.022114,100.975209,0.921263,60.015536,53.052539,warning
66.571302,230.959894,74.797297,0.937539,60.013646,39.332536,normal
81.590805,195.650562,85.264858,0.847675,59.669821,78.119533,critical
86.157875,218.540912,87.252828,0.906195,59.934021,59.247167,warning
71.059439,224.639163,80.422924,0.984944,59.985393,41.149817,normal
86.878796,208.891665,88.836616,0.935588,60.149035,53.339236,warning
49.062565,224.120688,53.078186,0.940171,60.062000,35.576978,normal
59.464759,225.543902,50.480853,0.980096,59.942873,34.411957,normal
72.923243,234.826768,64.335267,0.966501,59.987951,45.030335,normal
55.116993,228.627741,59.718307,0.928596,59.993862,35.646442,normal
84.189121,236.641738,73.111785,0.917211,60.139086,58.131180,warning
39.600479,229.842075,42.457928,0.963894,60.028973,37.819633,normal
56.584655,227.477393,57.026693,0.963213,59.964755,31.830090,normal
110.996271,216.353933,113.646721,0.825513,59.964072,64.530934,critical
79.844934,238.192909,76.887556,0.902056,59.987913,47.058337,warning
54.169243,226.713190,58.341582,0.953730,60.053160,41.276736,normal
98.047366,206.946601,98.262103,0.824656,60.238094,64.455743,critical
47.913395,227.058753,51.040676,0.975772,59.997043,30.212464,normal
54.433966,235.561024,60.178549,0.983589,60.024429,38.017542,normal
84.153504,221.904537,93.009578,0.931404,60.141002,52.684884,warning
60.212893,223.396339,64.468511,0.961982,60.081800,36.125699,normal
87.412349,209.887155,81.685416,0.946573,60.012679,59.142891,warning
39.520764,222.392934,33.913885,0.990033,59.979834,42.401194,normal
86.187360,216.398963,99.960896,0.877390,60.165764,70.328677,critical
83.654645,223.537806,94.118780,0.941203,59.959120,51.869072,warning
62.040712,231.972559,62.921061,0.971505,59.985694,40.979869,normal
59.590039,228.832618,56.213660,0.967218,59.955866,39.510926,normal
65.902636,233.971538,67.110927,0.978992,59.979269,42.050110,normal
37.204579,233.142523,40.692418,0.939616,59.954841,39.931605,normal
45.469665,229.706262,49.712354,0.969856,60.007345,42.524622,normal
49.639825,215.997706,49.226561,0.978336,60.000645,36.886608,normal
40.829694,228.105309,37.574479,0.946740,60.013209,46.913466,normal
81.162659,218.074482,81.585140,0.909425,60.057371,48.783564,warning
74.790956,231.505373,72.468023,0.952622,59.958278,37.881120,normal
96.108576,203.528306,100.094037,0.875606,60.409842,70.488905,critical
52.033514,225.708003,52.798832,0.969202,59.985964,50.248349,normal
49.115693,229.441527,48.992681,0.937571,60.037426,35.096678,normal
71.595547,212.326263,68.474426,0.879226,59.803266,51.833581,warning
90.836490,212.412398,84.788503,0.783274,59.789503,66.722821,critical
54.570015,232.455291,57.345265,0.967637,59.975754,39.845740,normal
80.479180,210.543581,82.540910,0.901326,59.995407,55.362274,warning
45.271957,223.567475,47.182878,0.981094,59.999603,42.023062,normal
46.662208,231.987474,45.701162,0.993706,60.000364,38.307384,normal
102.255568,188.135580,98.101766,0.848389,60.106676,79.882554,critical
71.084589,227.984686,76.430179,0.979148,60.024592,36.179340,normal
79.688108,239.518852,78.752785,0.886213,59.806185,44.063521,warning
76.654656,204.658732,84.466295,0.910706,60.037400,59.916274,warning
76.026058,213.334959,87.152201,0.920035,59.998862,55.062848,warning
42.335420,226.963214,44.635737,0.977514,59.988213,43.620411,normal
81.109913,214.215405,81.828736,0.893027,59.931451,50.652048,warning
93.953686,204.470246,102.116924,0.831384,59.739568,65.749873,critical
65.697607,226.806465,75.415676,0.932846,60.000839,44.189301,normal
80.382328,218.975761,85.782752,0.906754,60.095351,51.235248,warning
42.378900,230.041345,42.713164,0.997196,60.068992,36.109328,normal
97.237566,244.752232,97.655930,0.811735,60.345510,75.010394,critical
78.091535,229.290129,73.181863,0.917215,59.966374,56.346597,warning
101.427923,245.410243,110.801576,0.903322,60.309189,63.544493,critical
95.838980,217.016483,95.507218,0.928001,59.879771,53.827768,warning
38.518638,230.237087,48.070783,0.951309,60.056736,42.223162,normal
71.778131,218.634719,71.852321,0.938751,60.052658,50.654591,warning
78.702477,210.981329,81.364914,0.912471,59.999914,55.420577,warning
72.573155,219.848512,76.244248,0.898538,60.061347,49.770628,warning
107.855478,244.642290,108.266935,0.809214,60.018769,69.068931,critical
60.049706,231.813138,56.775948,0.966737,59.937830,38.339977,normal
41.833050,228.106955,39.836694,0.971256,60.018322,38.860431,normal
75.941573,216.715099,72.611096,0.941995,60.212500,48.496822,warning
108.708292,248.122213,112.844374,0.863840,60.157514,75.592462,critical
39.253785,224.740963,44.520477,0.945523,60.010577,40.322648,normal
80.255373,218.227287,81.275216,0.924577,59.984420,56.347356,warning
83.203773,220.070367,92.856097,0.926684,59.830936,45.833597,warning
90.178969,221.249718,86.016117,0.929641,59.997710,43.342514,warning
88.439469,235.150736,95.333206,0.887084,60.082123,55.610408,warning
59.613889,229.774005,52.733957,0.967499,59.995091,39.668148,normal
77.836160,224.526868,68.990499,0.920491,59.924495,58.842116,warning
59.627502,221.463245,62.599230,0.980421,59.992824,37.258556,normal
76.147922,222.388711,68.394435,0.934139,59.954636,46.963295,warning
84.789123,224.621475,83.924887,0.944603,60.000721,56.620398,warning
71.826202,215.495646,75.286455,0.857865,59.892242,57.223046,warning
44.866564,225.392848,47.724854,0.969815,60.023726,38.608130,normal
99.653948,238.343871,112.287187,0.828534,60.251662,59.931902,critical
46.690606,224.080954,44.034085,0.976262,60.028976,31.613576,normal
58.397677,227.186574,68.137827,0.954124,59.948734,38.239684,normal
59.459676,228.457963,52.812082,0.970888,59.954833,34.902116,normal
55.166244,226.591439,54.910710,0.964289,59.980033,42.920589,normal
93.323338,241.674299,84.999695,0.851571,60.129579,72.907397,critical
56.276302,228.327888,56.099324,0.980483,59.967377,38.582262,normal
49.345934,224.058805,51.336393,0.956256,60.004977,41.847004,normal
82.482313,231.186098,79.466017,0.936510,60.004866,49.280989,warning
52.331727,227.602566,51.008451,0.971568,60.076578,32.453716,normal
104.080446,190.084557,106.401110,0.841924,60.245747,62.041566,critical
62.866306,228.721753,57.719827,0.946815,60.024761,33.796347,normal
51.738963,233.487405,53.422611,0.943420,60.017961,38.127360,normal
107.196915,209.889963,117.489197,0.792055,59.831475,79.912033,critical
103.911817,189.568741,105.628658,0.855133,59.464014,71.109688,critical
117.595006,248.433362,125.986305,0.853859,60.064870,63.266878,critical
35.529898,232.750693,34.543059,0.983869,60.033667,33.220589,normal
93.180613,207.200316,97.448010,0.863463,60.276089,67.830125,critical
46.481875,227.916296,42.360841,0.973089,59.964521,32.452967,normal
45.244212,234.521402,45.220599,0.953838,60.045548,45.401222,normal
49.104915,224.130709,49.259410,0.971893,59.981955,39.923229,normal
99.502955,201.537865,97.295518,0.843148,59.914174,84.161483,critical
51.126738,227.059892,43.647480,0.981167,60.021342,42.807793,normal
97.790265,200.838680,99.928181,0.884928,60.071251,60.294314,critical
47.146596,218.935686,52.708554,0.959424,60.004204,41.245877,normal
116.480032,194.154321,110.287321,0.807824,59.460627,69.415758,critical
65.971659,211.812948,62.094350,0.947916,60.037528,52.176682,warning
82.056210,209.440429,68.932409,0.842746,59.737270,53.989681,critical
82.488569,232.756622,85.848492,0.932683,60.163758,59.145453,warning
109.476010,198.518325,113.310810,0.848307,59.843382,57.173661,critical
41.580631,225.008213,35.685554,0.969693,59.969807,38.413445,normal
75.393984,212.316247,76.173353,0.919569,60.029696,52.263976,warning
84.241907,222.255058,83.385198,0.907481,59.870970,43.919886,warning
96.389742,220.192687,98.485436,0.932242,60.168188,43.886429,warning
57.044977,230.888554,53.983984,0.956990,60.043741,35.494075,normal
106.727061,212.040418,98.830310,0.824167,59.697554,66.083160,critical
98.859794,204.523210,100.621791,0.805507,60.031793,58.640473,critical
83.752660,211.602210,85.199483,0.915820,59.900401,50.588301,warning
42.330569,225.623487,47.812971,0.980889,60.055263,39.969811,normal
105.874550,205.936824,114.671095,0.892267,59.778059,68.771334,critical
52.972628,224.327758,53.873001,0.971719,60.089048,39.092596,normal
74.899449,218.790466,63.953718,0.918493,59.980155,42.162641,warning
107.346976,204.116373,111.938200,0.871293,59.818593,64.584770,critical
60.308337,226.589339,56.370882,0.956615,59.897990,40.634639,normal
66.566381,232.146175,63.987559,0.991784,59.996370,37.817503,normal
105.696995,243.134432,114.487351,0.823950,60.266369,60.757086,critical
74.877184,213.471469,86.256628,0.924627,60.094719,44.670887,warning
61.959420,219.253926,64.365247,0.955276,60.040369,31.136132,normal
51.851774,228.514806,56.845569,0.948853,60.024355,38.739439,normal
51.004514,226.439443,49.083677,0.952204,59.979974,35.740658,normal
58.023025,229.479981,56.139215,0.943787,59.968994,42.075569,normal
73.934953,220.905783,74.864496,0.876291,59.938990,57.582751,warning
81.069568,217.603158,90.785221,0.894415,59.931511,43.394544,warning
92.728156,220.729294,98.149346,0.939856,59.838880,55.400944,warning
71.330557,223.796850,70.191671,0.918751,59.942893,55.856149,warning
56.007031,230.596854,61.793281,0.946583,60.005938,32.637425,normal
77.797575,218.320800,85.641235,0.914330,59.938916,41.616084,warning
72.128531,241.746146,64.154990,0.974678,59.972421,52.841777,warning
77.666593,229.112053,67.452237,0.907637,59.882082,52.627858,warning
79.722134,242.074467,76.523991,0.958076,60.122757,43.673363,warning
55.100017,229.057408,57.621355,0.955788,60.034306,38.166504,normal
77.815869,240.286003,88.450138,0.906963,60.022203,51.166414,warning
90.813422,216.814851,96.339115,0.912040,59.906354,55.454734,warning
65.311802,217.799580,71.203776,0.957443,60.037080,34.023317,normal
96.052033,227.906819,103.667436,0.925772,60.059675,57.611282,warning
60.699617,227.297736,57.301738,0.957442,60.087702,45.367648,normal
105.485317,197.360888,104.156169,0.845098,59.600149,67.243460,critical
101.117843,197.026480,101.101460,0.847266,60.145389,65.753501,critical
60.406534,228.173391,66.133845,0.968972,60.016045,45.259550,normal
85.617812,229.807280,97.106619,0.937905,59.855575,51.239169,warning
51.149685,233.759159,57.913181,0.962124,60.000240,43.892431,normal
53.232268,224.144450,54.658144,0.979967,59.964485,29.298115,normal
70.513326,226.726671,77.589331,0.879755,60.165153,42.137202,warning
50.330053,235.571026,53.986054,0.937883,59.996668,42.869181,normal
99.847108,214.086133,96.863539,0.822286,59.914192,86.546973,critical
54.400275,223.564385,49.748088,0.955428,60.019336,36.495779,normal
90.971114,204.231957,96.256603,0.895984,59.851379,65.878752,critical
63.189038,226.309509,65.799735,0.993488,59.981930,40.865343,normal
94.119580,199.777034,101.424447,0.808309,60.085477,62.294701,critical
88.459065,230.923409,87.059237,0.915611,60.126526,50.880696,warning
86.337290,240.296605,79.462611,0.881232,60.137988,54.577446,warning
35.529560,234.109747,26.843032,0.945594,60.038610,34.305283,normal
90.499105,189.364118,97.775719,0.853695,60.232536,64.916710,critical
78.252914,214.321419,77.495848,0.939528,59.982427,45.600632,warning
85.904151,211.829341,80.959208,0.904865,59.857854,45.627198,warning
57.024125,238.071719,67.632957,0.973608,59.995522,45.492485,normal
52.804890,229.303013,49.850335,0.968711,59.966441,38.721009,normal
40.263823,225.361754,40.882544,0.976645,59.984267,38.077868,normal
85.782485,241.555382,80.682362,0.891448,59.894609,51.110422,warning
60.931766,223.189917,61.672002,0.968012,59.972569,38.995377,normal
55.700574,232.422388,60.517495,0.967428,59.976009,31.527708,normal
72.078275,224.352066,71.884263,0.928471,60.085122,50.945145,warning
104.750641,210.024447,115.841325,0.794682,60.127601,67.106468,critical
72.594988,226.296679,77.988888,0.966410,59.975104,42.842992,normal
35.717850,233.760469,29.365886,0.956929,59.983463,34.304844,normal
69.206641,217.002746,81.012803,0.916747,59.901259,54.600757,warning
60.675807,224.805606,61.128626,0.984797,60.041536,36.942707,normal
84.785662,217.019456,84.730086,0.935298,59.995297,46.996682,warning
76.326463,227.938061,69.665421,0.894248,59.985485,46.096176,warning
51.838317,227.143152,45.388524,0.983292,59.978089,34.898305,normal
100.356972,196.691101,103.240817,0.820010,59.976942,65.146930,critical
55.811286,231.609667,59.947008,0.939860,59.983404,38.590128,normal
86.386357,213.709068,91.698980,0.908992,59.976592,52.243523,warning
63.903397,225.516697,63.027811,0.983256,60.034674,48.254506,normal
98.261176,203.680916,96.948316,0.846819,59.640769,55.552085,critical
62.828129,221.312015,67.647812,0.938198,59.994266,37.129445,normal
53.530798,231.692979,59.116335,0.982642,59.918938,38.131939,normal
97.575607,206.755750,112.181433,0.933947,60.006307,72.435049,critical
56.875805,229.143705,61.041057,0.969733,59.975933,34.912969,normal
82.087727,225.939243,80.753331,0.900397,59.989979,46.124709,warning
56.475849,232.972732,55.321689,0.956488,60.098862,42.304160,normal
47.332623,236.494226,45.392193,0.969165,59.977999,41.974119,normal
52.813415,226.482393,53.281583,0.969538,60.026996,36.383501,normal
94.474330,209.885839,91.972630,0.804386,60.012381,74.811923,critical
113.590271,250.592573,115.099347,0.730679,59.954734,67.825302,critical
67.690169,218.999391,70.426360,0.877776,59.898290,49.413806,warning
51.640943,230.518668,44.500185,0.941556,59.979685,44.109834,normal
46.538423,224.460945,50.218449,0.996879,60.008059,41.495709,normal
57.508591,226.388774,61.209467,0.975032,60.040307,36.744336,normal
38.200720,227.340414,38.380747,0.963041,60.005056,43.395991,normal
49.777564,220.243310,51.821370,0.979728,60.030265,45.410781,normal
58.228212,227.950057,51.420939,0.971814,60.008342,41.651858,normal
52.533810,223.971962,57.802946,0.976949,59.961217,52.672436,normal
84.015053,238.141265,92.495471,0.871567,59.972667,47.096934,warning
81.286474,240.488717,89.294374,0.939542,59.852596,47.385649,warning
53.062402,229.298519,55.931554,0.981886,59.998149,36.899079,normal
57.061727,226.691381,55.246247,0.952676,60.047291,37.716392,normal
85.964226,240.435102,90.538032,0.805648,60.276976,75.184551,critical
68.086153,230.007680,76.995734,0.968845,60.037379,38.270950,normal
74.509530,227.771567,69.491357,0.938595,60.073906,42.493064,normal
54.469097,237.769469,59.660030,0.963936,59.961769,39.408189,normal
55.550777,224.685269,59.747901,0.964482,59.960797,39.600168,normal
66.388923,223.436997,61.952583,0.941177,60.026522,41.426887,normal
89.540924,236.791083,104.809133,0.810833,60.101075,65.547772,critical
92.400164,220.191585,90.860779,0.901820,59.907914,45.908793,warning
99.144136,208.482856,103.380587,0.882974,59.994862,55.614088,critical
37.423003,222.683268,37.694327,0.946184,59.998265,45.702406,normal
58.994205,224.790504,61.781650,0.989108,60.033128,41.309277,normal
67.301156,202.943575,73.116359,0.903056,59.963545,48.196612,warning
43.503422,227.467848,42.845245,0.961551,59.939272,33.267006,normal
46.749918,227.313763,45.008881,0.978054,59.952146,42.340805,normal
83.701177,219.692172,87.388530,0.947650,60.004884,45.421782,warning
47.673221,223.283849,40.110589,0.949203,59.977531,36.470383,normal
102.187644,214.164202,108.391469,0.868624,60.022579,62.260991,critical
50.847112,225.449137,50.914094,0.974140,59.990821,42.029290,normal
47.032086,230.611954,56.995514,0.963424,59.977088,40.954543,normal
59.072610,230.744656,62.945609,0.965836,59.996342,34.832947,normal
71.334748,215.184816,76.286604,0.936692,60.100477,42.683267,warning
77.116649,228.150752,81.548054,0.883072,60.003370,41.337432,warning
87.581382,221.754545,84.203102,0.928478,60.125065,48.447120,warning
83.077975,224.021481,68.644124,0.974520,60.061163,37.123875,normal
98.612000,200.042722,101.370445,0.885090,59.779958,58.900566,critical
52.640706,223.437644,56.608684,0.950438,60.046099,37.207496,normal
92.772313,244.292660,91.661916,0.811583,60.093478,63.093574,critical
109.965572,216.732169,108.150994,0.823501,60.131536,66.998816,critical
107.074020,240.385440,94.299845,0.803660,59.799650,57.495443,critical
53.113019,229.439183,42.579082,0.980256,60.038144,39.138566,normal
48.331259,233.215493,39.470996,0.953971,59.980894,36.363812,normal
87.145428,211.446214,94.172806,0.929112,59.943713,46.096445,warning
50.924064,231.333616,43.863647,0.946556,59.979240,38.890966,normal
63.726584,229.003007,66.661510,0.953591,59.951415,36.616394,normal
56.639087,231.871248,54.019581,0.958240,59.963185,41.158702,normal
52.115609,227.958146,52.780884,0.994317,60.001614,35.092018,normal
54.760649,227.012708,59.276263,0.974422,60.005247,40.039408,normal
67.196206,226.073400,61.029875,0.986228,60.034905,37.535342,normal
102.878661,251.900463,106.699584,0.843401,59.410083,66.602436,critical
55.428991,231.425940,55.039800,0.984542,60.023173,42.550672,normal
55.100457,229.778331,50.106706,0.972597,60.024853,47.906206,normal
59.698914,222.643876,61.276087,0.972761,60.032664,41.052865,normal
80.406740,207.675944,85.137201,0.954218,59.885583,50.942609,warning
57.600839,221.389277,67.418910,0.948133,59.984392,42.209115,normal
46.209444,229.148564,41.654098,0.970304,60.016653,46.818805,normal
55.613650,221.612432,52.944806,0.940313,59.965667,33.018582,normal
88.635774,243.388653,87.393956,0.864771,59.751584,70.809856,critical
92.532872,191.677038,97.782498,0.853548,59.782931,75.365011,critical
73.959042,229.106101,75.794239,0.961140,59.985806,39.903290,normal
79.892712,220.364831,81.986489,0.962131,59.967565,51.144931,warning
61.664102,226.420209,51.188649,0.977845,60.002192,36.641265,normal
89.826984,221.894239,85.896356,0.886968,60.109984,51.368371,warning
49.996329,231.526197,50.507567,0.961040,60.034014,38.698790,normal
83.201096,218.848844,79.275326,0.870994,60.082528,46.778346,warning
53.415697,226.317507,52.603239,0.967787,59.981475,37.964397,normal
94.547304,213.454119,98.551077,0.840121,60.155989,66.715889,critical
101.212465,202.304456,108.594151,0.821159,60.081683,60.994050,critical
90.065684,241.390407,103.467239,0.888005,60.146175,66.471600,critical
50.403237,222.662457,53.392036,0.963188,60.017151,39.734545,normal
90.125385,214.504037,90.459119,0.886062,60.033223,47.722836,warning
70.035871,234.149847,69.130671,0.975720,59.948772,35.923564,normal
110.081800,244.027210,122.367505,0.802841,59.576439,56.612992,critical
92.675019,245.847213,102.102038,0.835638,60.152192,66.681089,critical
51.158493,230.199278,56.733309,0.959612,60.027663,39.139903,normal
51.365269,226.219664,55.400230,0.982299,59.919954,45.512253,normal
74.249185,214.885925,79.961542,0.914200,60.177519,52.672998,warning
88.630458,202.453811,94.897046,0.838231,60.200185,61.170661,critical
84.720384,238.861563,100.923560,0.911861,59.941523,58.062448,warning
109.147759,242.429408,107.023011,0.882696,60.161807,71.031431,critical
58.633592,224.486165,56.476245,0.972877,60.050840,38.543075,normal
57.223600,223.478885,64.009002,0.949653,60.014082,45.084368,normal
39.654650,227.476832,42.256963,0.966083,60.007699,35.852684,normal
54.239560,232.862445,51.659405,0.961573,60.042542,37.673308,normal
49.974200,227.954406,44.381546,0.947135,59.987748,33.115180,normal
68.239720,220.885366,74.126806,0.934359,60.082544,54.179904,warning
83.753511,216.701173,80.814413,0.923774,60.145485,51.570777,warning
108.598208,207.057595,114.851943,0.846641,59.819430,62.830549,critical
58.133944,223.910885,63.765184,0.923208,59.944584,36.959818,normal
57.424237,224.645578,55.721364,0.964355,59.995842,41.845855,normal
85.007277,213.439466,81.725431,0.932414,60.010769,49.669962,warning
80.340592,199.220480,71.458286,0.920327,60.008538,51.742804,warning
50.772931,231.520795,52.069701,0.965863,59.969362,42.082933,normal
54.010172,233.792225,59.421744,0.962655,60.025366,38.289831,normal
69.904618,217.703982,75.613435,0.919252,60.035790,49.697354,warning
59.611903,227.333632,58.845808,0.953483,60.009121,43.938785,normal
44.343812,230.787293,41.444777,0.962613,60.018419,34.213416,normal
66.163323,222.694263,65.616016,0.967612,59.989718,37.450280,normal
52.313014,230.780999,55.507683,0.960410,59.999882,30.476976,normal
70.500174,235.503314,70.861527,0.951557,59.966105,38.433304,normal
47.925539,220.001844,43.175319,0.959403,60.043906,36.827815,normal
89.025299,209.372226,84.237746,0.846654,59.911410,65.642354,critical
45.864384,236.690494,49.473841,0.932186,59.910224,39.032794,normal
56.417230,224.387167,50.716917,0.998776,60.016096,35.513477,normal
75.258881,232.803622,76.914027,0.946101,59.949009,39.190997,normal
97.890367,199.271163,99.825527,0.844073,59.838712,70.021896,critical
58.515039,229.740881,59.175501,0.975166,59.935071,47.847951,normal
46.316218,226.087213,51.339561,0.945283,59.913535,39.493924,normal
68.581657,229.744718,69.102178,0.963077,59.957520,31.589201,normal
61.814154,227.162833,67.771977,0.943902,60.032028,44.921465,normal
66.875729,223.913326,74.266031,0.915451,60.109329,48.787069,warning
71.459783,206.774176,74.354727,0.927918,59.993482,48.090742,warning
59.175457,226.280674,52.550136,0.951617,59.949953,38.261807,normal
58.863896,226.616740,56.787987,0.966251,59.992129,38.723095,normal
86.815923,206.745003,85.051494,0.923545,60.018284,54.568833,warning
105.433245,244.293865,114.202135,0.884115,59.940418,73.843223,critical
77.861173,211.476982,73.480738,0.906957,59.866740,55.771663,warning
57.828175,222.454803,57.329210,0.965469,60.025202,34.709842,normal
74.535133,223.307684,83.322328,0.955027,59.979169,58.433658,warning
56.864771,227.457336,48.175367,0.945730,60.023038,37.852811,normal
56.709956,224.229155,54.841282,0.967163,59.984957,42.443859,normal
80.339604,225.928740,80.206554,0.923928,59.799599,51.063775,warning
72.531032,222.442855,72.286702,0.909656,59.941981,48.131755,warning
56.234737,221.179579,50.952925,0.982671,60.027449,29.839253,normal
93.090749,200.795679,98.832010,0.821574,59.814220,67.776239,critical
50.194902,226.880251,50.644629,0.986992,60.022893,37.658247,normal
79.962880,242.655939,94.153788,0.947584,59.955948,46.768022,warning
52.455632,233.975445,52.940395,0.968400,60.000881,38.986635,normal
85.634992,223.328257,87.601197,0.944678,59.928586,54.365575,warning
109.999452,210.378979,115.036927,0.843108,59.966051,59.186399,critical
92.782595,219.340653,94.805150,0.940393,59.991809,53.065042,warning
77.952465,235.607643,88.448303,0.930976,59.993945,52.036044,warning
61.989218,225.355275,62.096449,0.977145,59.969643,31.100505,normal
80.499341,213.372398,83.316067,0.947731,60.067946,55.305833,warning
102.917779,209.436582,105.260264,0.767898,59.790764,62.346820,critical
82.703608,239.584692,89.749223,0.917419,59.899620,55.028032,warning
87.978916,215.065930,87.963393,0.947946,60.108110,50.306790,warning
51.280972,228.585080,53.091821,0.959231,60.050945,46.007793,normal
80.268843,214.439061,87.741484,0.983914,59.897836,47.999056,warning
42.297663,227.361413,44.060593,0.964985,59.979816,33.076284,normal
54.045355,226.939630,58.230778,0.947817,59.970605,41.850211,normal
98.781458,205.596219,96.154451,0.849355,59.805387,54.377577,critical
75.950017,213.296804,76.400090,0.909737,59.955530,53.455364,warning
82.737428,223.066906,80.293559,0.848259,60.038666,54.959152,warning
72.626425,214.915873,67.374439,0.863689,60.021120,61.979382,warning
105.047700,205.557123,99.756216,0.853624,60.205252,68.418711,critical
56.201387,227.543685,54.920394,0.971411,60.006115,41.007389,normal
51.447178,226.481092,54.994104,0.959181,60.007761,44.480775,normal
112.640909,244.735610,109.483827,0.910599,60.138850,73.027580,critical
99.972097,203.238871,96.806585,0.921907,59.885655,51.053442,warning
87.023833,204.275655,93.279726,0.827049,60.100834,68.346719,critical
59.896394,225.332310,52.261672,0.956423,59.967586,34.424309,normal
94.594319,206.683761,100.375822,0.848008,60.001367,70.108613,critical
54.216781,231.818231,51.536135,0.949784,60.052014,31.655922,normal
93.696019,211.331167,96.048415,0.777501,59.713760,49.604657,critical
115.923599,246.628151,121.471518,0.861802,60.201195,61.796772,critical
103.753195,207.848540,109.600442,0.807201,60.072442,64.781888,critical
59.728582,230.181110,54.277489,0.976716,59.985784,37.286797,normal
86.090615,234.465968,89.847096,0.896169,60.255467,53.349422,warning
41.452293,228.901795,42.451702,0.963819,60.003127,35.308448,normal
73.191716,231.796460,63.955638,0.965116,59.980201,33.801541,normal
76.965042,217.317284,67.842599,0.913480,59.889808,52.909247,warning
60.808864,229.622706,54.402818,0.988028,59.989730,40.804942,normal
57.838911,229.628267,56.257564,0.977601,59.982767,41.000468,normal
102.179007,198.054017,103.231829,0.844372,59.803061,59.844765,critical
102.032681,215.797966,109.325915,0.915293,60.301854,68.980230,critical
103.363322,187.064922,107.827068,0.805233,60.097255,66.913671,critical
35.677735,229.280807,36.438160,0.968486,59.971608,37.682118,normal
50.345192,223.183350,55.211144,0.980514,60.028634,33.822831,normal
95.155538,216.147378,103.096295,0.860319,60.033385,71.449167,critical
56.711584,226.332168,56.158298,0.977572,60.022570,34.560432,normal
104.657462,210.950405,95.155822,0.834124,60.065920,58.706036,critical
83.338194,217.169773,80.705465,0.929258,59.869423,48.056264,warning
58.989588,223.281474,49.194179,0.948836,60.000152,44.194559,normal
80.263553,213.755508,77.368182,0.896906,60.074074,54.442896,warning
57.663616,228.570070,61.721040,0.981443,59.988157,38.357865,normal
82.976136,228.319723,76.629986,0.911671,59.910207,46.892378,warning
101.575091,211.363821,95.664349,0.916389,60.019548,56.076102,critical
74.093611,224.532558,79.262801,0.936746,59.980964,48.537197,warning
65.292437,228.661706,59.147705,0.944648,59.946252,36.046610,normal
53.599079,229.962981,63.514780,0.945799,60.013504,46.627390,normal
72.125130,222.316279,76.938791,0.919318,59.919666,43.476538,warning
80.725820,228.892958,81.998389,0.889780,59.970717,56.833783,warning
60.796038,226.831043,63.922511,0.965192,59.961472,36.362774,normal
51.318774,227.203922,47.253705,0.953342,59.996442,43.820323,normal
78.554970,220.535376,70.731234,0.898484,60.139598,48.598074,warning
61.135876,228.446293,71.874667,0.966971,60.025298,49.653700,normal
82.641835,243.832477,96.096340,0.886878,60.113549,51.337626,warning
62.275351,228.490990,59.213748,1.000000,59.949852,37.705720,normal
43.337820,231.438615,41.638259,0.961387,59.992860,36.917392,normal
73.813438,237.353652,76.200619,0.939268,59.757176,53.145238,warning
74.691411,210.740202,82.089718,0.904096,59.931617,48.026825,warning
104.491721,203.905686,109.908134,0.795738,59.766625,68.006217,critical
96.621435,243.158765,102.749539,0.834907,60.384282,75.456052,critical
72.169722,241.008838,67.557628,0.907678,60.014220,52.150563,warning
63.538338,224.574794,66.821113,0.943239,60.002666,39.780255,normal
108.466212,243.387148,121.661015,0.848367,59.924812,72.869990,critical
100.388356,239.841991,97.463107,0.791263,59.522593,69.673215,critical
85.051666,206.574810,83.021150,0.884321,60.097388,44.930812,warning
62.140432,224.361654,66.645178,0.955228,59.988297,39.199048,normal
99.482535,241.330333,96.714575,0.816201,59.855325,68.462746,critical
100.820866,211.059001,98.798858,0.852872,60.077319,68.567986,critical
90.385461,203.142802,75.240417,0.841609,59.918242,74.180846,critical
78.470048,227.008189,75.744043,0.883539,59.894668,51.962597,warning
81.815869,219.107579,83.446228,0.856604,59.998691,57.854241,warning
61.968138,232.486302,55.426562,0.949785,60.011595,40.821615,normal
55.336809,226.799000,65.013317,0.979473,59.961319,35.922544,normal
84.195158,214.144398,91.013320,0.904247,60.007451,50.738217,warning
59.953954,234.460446,63.974722,0.954287,59.998004,39.298324,normal
41.749025,231.217094,38.513568,0.965077,60.010894,38.481883,normal
73.894927,221.417187,73.357467,0.984228,59.980571,41.727532,normal
100.937920,241.371654,113.111296,0.837519,60.670116,60.254233,critical
86.547530,227.539305,91.214233,0.895494,59.954637,50.838670,warning
61.868562,225.520461,55.099052,0.981063,60.025455,34.655230,normal
57.539472,231.329846,55.425341,0.978627,59.948739,30.035682,normal
61.836406,226.482959,60.317730,0.978809,60.033218,39.367806,normal
57.034301,231.335622,59.495697,0.958328,60.035646,42.264231,normal
64.604238,228.992407,74.402784,0.909773,59.969821,47.682811,warning
81.688446,221.176480,66.812228,0.899233,60.047648,44.539190,warning
99.094482,246.829043,109.973281,0.915369,60.196988,60.295577,critical
41.040776,222.802603,46.082065,0.977825,60.026091,41.249669,normal
80.151676,214.966764,79.442147,0.920260,59.983219,50.673151,warning
72.093418,215.321508,74.523609,0.927864,59.987568,55.547311,warning
53.667217,226.893875,51.847234,0.954326,60.033954,43.271055,normal
75.111273,217.362560,65.862037,0.960029,60.058697,55.999955,warning
53.565822,227.339545,54.172335,0.967603,59.986037,39.054315,normal
55.274619,227.982047,47.788413,0.970668,60.003857,41.947105,normal
64.168521,228.369242,63.400948,0.972205,59.969018,37.912407,normal
98.057759,240.797809,104.313618,0.869128,59.858005,64.629823,critical
72.982149,213.607908,72.536047,0.943449,59.939270,57.365193,warning
89.608329,238.949925,84.705351,0.942173,59.902826,46.365204,warning
103.558529,213.391896,123.796021,0.806608,60.113108,64.831726,critical
85.771001,221.141932,95.419016,0.913300,60.220350,39.923854,warning
57.735071,221.204317,60.470884,0.969288,59.980072,43.775631,normal
68.995763,229.124015,63.889123,0.949003,60.007061,42.557148,normal
72.750648,214.455702,74.143906,0.904704,60.015612,36.325259,warning
59.562511,227.359361,55.606551,0.972725,60.005963,38.392113,normal
52.765378,225.338831,56.945709,0.951962,59.997125,28.765988,normal
52.601396,224.201722,51.075803,0.946544,59.956319,41.430561,normal
91.556038,214.846509,91.941287,0.823356,60.176921,75.040169,critical
64.370124,234.458569,58.756274,0.943077,59.970971,40.627395,normal
83.991011,214.061665,83.523562,0.917986,60.103979,47.767755,warning
89.672933,224.852753,97.474945,0.866576,60.029677,39.229712,warning
48.733502,234.304710,47.888823,0.980846,60.035531,39.037545,normal
90.805840,221.095689,94.580731,0.893447,59.818811,50.532644,warning
53.613947,223.746304,49.912639,0.940792,60.004207,34.110308,normal
82.173767,224.367179,80.682808,0.920414,60.070436,50.228956,warning
53.148117,227.746508,55.177108,0.995010,59.956698,44.073951,normal
52.143527,225.928439,53.524495,0.982226,60.010176,47.318583,normal
63.701648,229.565145,63.143247,0.958503,59.983135,40.427547,normal
68.738979,206.500920,75.241279,0.923423,60.056771,50.988518,warning
83.265501,215.619825,79.089470,0.895942,60.072296,50.744035,warning
65.879632,229.166991,66.664451,0.943617,59.944552,40.732680,normal
83.124085,216.756664,79.069750,0.901362,60.046435,44.164178,warning
107.051768,198.339800,99.708912,0.859744,60.148609,61.686050,critical
55.220812,221.699130,56.593433,0.969857,60.020262,38.086966,normal
87.410022,208.804002,85.044566,0.917889,59.977418,55.479663,warning
87.550151,198.996403,92.735968,0.804731,60.088497,76.702515,critical
87.448695,227.886308,92.114118,0.918441,60.017954,46.023559,warning
56.388764,228.720310,63.269357,0.977213,59.921838,41.932967,normal
97.549862,241.667938,104.943895,0.842740,60.075598,68.301196,critical
76.209547,219.423738,82.465657,0.872032,60.110101,50.745556,warning
91.809421,212.719895,91.077967,0.814006,60.379317,73.251421,critical
62.279343,224.925863,70.290336,0.971319,59.970436,34.412740,normal
81.542769,239.767714,85.101324,0.919520,60.045011,51.401452,warning
69.057155,221.231677,63.032027,0.900969,59.978187,52.517556,warning
87.297510,205.888168,83.790029,0.933894,60.086590,44.559081,warning
42.564901,225.172222,38.642680,0.984446,60.023270,42.663107,normal
81.671209,221.372525,75.740745,0.927752,60.000892,58.001936,warning
92.029257,218.810952,94.724049,0.909742,60.088973,53.896558,warning
59.915319,230.116719,64.627494,0.962410,60.082048,41.581526,normal
45.974623,230.127893,46.671733,0.954569,59.949089,28.172625,normal
55.066364,226.650181,52.762141,0.969442,59.996863,35.211674,normal
85.489663,224.836295,89.326171,0.917285,59.951965,53.806206,warning
102.737689,205.548542,99.022256,0.859551,60.000063,68.037938,critical
58.422748,225.458651,57.674588,0.953191,60.036538,38.007119,normal
49.330967,235.282369,39.718591,0.965389,59.905823,40.062584,normal
100.232005,245.811215,97.416091,0.878269,60.058706,67.079921,critical
78.205161,218.269480,77.032445,0.956065,60.030286,56.833738,warning
64.440093,222.121424,58.140161,0.958151,60.044354,37.786800,normal
78.286779,214.453517,84.459498,0.897878,60.054152,45.505072,warning
88.655253,217.676668,93.677943,0.873206,59.513822,68.646586,critical
50.076558,229.273739,44.212512,0.973797,59.964888,44.620841,normal
77.974407,240.090035,78.001524,0.921440,59.871928,39.393924,warning
75.867596,212.173801,80.396422,0.909338,60.055780,52.223648,warning
70.340218,230.614288,69.070778,0.917526,60.013595,48.341666,warning
46.335092,223.460240,46.036294,0.951170,60.024800,43.392286,normal
61.489158,226.713570,69.555435,0.944990,60.000084,35.584768,normal
55.024793,224.935205,55.677936,0.960644,60.065546,33.654325,normal
35.129672,225.268927,35.711189,0.961717,59.995334,43.935084,normal
88.160931,220.168204,92.592830,0.877979,60.151711,47.106936,warning
51.033664,225.437860,54.695873,0.989731,59.988178,38.007168,normal
47.804789,227.438870,44.282647,0.951481,60.038411,37.243561,normal
77.194482,240.541277,86.999989,0.906171,59.963583,48.397058,warning
74.541788,238.505254,78.998085,0.966444,60.044860,39.771947,warning
79.981863,207.206045,78.781123,0.920007,59.892922,51.227697,warning
60.414365,227.296601,69.398677,0.995063,59.928378,42.771181,normal
93.928051,216.082974,87.115990,0.907561,59.944723,58.523617,warning
49.568513,231.295694,58.593520,0.962864,59.947003,39.229132,normal
98.559328,208.620429,109.543529,0.895873,59.995661,65.723844,critical
43.479242,222.015365,48.140688,0.961999,60.030862,39.850049,normal
51.615115,229.107889,52.524741,0.959376,59.953737,38.262882,normal
88.256110,225.453533,89.467781,0.948613,59.946841,46.363494,warning
48.566134,234.304073,48.278254,0.956525,59.995308,37.602125,normal
101.361504,208.747171,96.159982,0.823420,59.940363,64.777122,critical
54.998524,226.561115,60.913886,0.957169,60.032670,39.786525,normal
52.595482,235.336004,46.644317,0.963705,60.000082,32.268941,normal
104.509549,190.584284,100.083584,0.834300,59.766252,60.009327,critical
97.709708,196.382117,96.493691,0.814057,59.956190,69.086836,critical
96.328499,226.741028,91.201455,0.944373,59.878233,41.859378,warning
105.311135,209.047917,94.017363,0.856494,60.000066,67.454973,critical
91.623281,212.114058,94.477702,0.851399,60.087362,53.771836,critical
69.571134,239.964443,66.934469,0.880333,59.936380,40.463030,warning
101.820771,243.261535,111.449222,0.881485,59.931776,58.831451,critical
62.876451,232.924431,62.472294,0.942483,59.998906,42.177132,normal
52.230423,230.193988,40.603424,0.998026,59.953884,36.565677,normal
70.452602,234.191720,72.693128,0.987225,60.041476,33.111670,normal
80.395209,225.830949,79.358575,0.903229,60.034095,48.777470,warning
57.770106,221.908805,54.428851,0.951627,59.981629,40.734121,normal
95.688527,241.569172,104.096863,0.854879,59.806957,80.757296,critical
96.520054,203.729396,103.698060,0.879142,59.973229,64.143594,critical
43.749679,230.119729,39.859124,0.958750,60.029223,36.703897,normal
60.134033,229.293868,65.249170,0.983263,59.960459,45.749547,normal
82.758510,219.596861,79.684803,0.938047,60.000566,46.398847,warning
55.894549,234.575015,49.450810,0.956140,59.991265,40.944779,normal
54.862880,230.353062,59.885338,0.954943,59.982393,32.584399,normal
45.291059,228.496401,40.749371,0.975450,60.083418,34.990314,normal
83.772064,213.275280,87.944357,0.910855,60.080033,55.683604,warning
110.898485,204.105014,102.737257,0.791255,60.163944,71.370188,critical
51.490292,226.979811,45.766118,0.965372,60.091672,35.227826,normal
49.321776,228.407423,42.688355,0.965797,59.971324,48.788134,normal
47.622443,227.059378,45.992513,0.931265,60.004511,43.312104,normal
75.455260,226.139854,77.521924,0.957435,59.981610,37.359623,normal
93.045576,211.826245,76.384955,0.797697,60.131010,76.166682,critical
83.317235,217.813181,83.422402,0.909707,59.863824,52.622070,warning
58.375261,226.431615,52.795426,0.979369,60.049934,36.158744,normal
56.092335,229.915903,57.481489,0.950299,59.963719,37.967265,normal
99.065656,240.170946,113.675308,0.860681,59.917259,76.344038,critical
61.341189,222.752849,64.505363,0.959209,60.001348,36.905957,normal
61.309355,233.808334,64.912282,0.949444,59.962283,36.157481,normal
78.720462,217.983410,76.418932,0.929128,59.975107,49.093517,warning
66.723323,229.494128,68.409446,0.952440,60.011977,33.294343,normal
73.944786,216.009350,70.792010,0.909532,60.035868,58.567780,warning
82.069893,213.482027,88.734727,0.990287,60.014082,46.887701,warning
68.848519,223.697164,63.957049,0.936666,59.980570,37.620606,normal
40.337922,233.536423,38.110126,0.986303,60.004599,42.983569,normal
103.826554,241.082438,109.637199,0.851719,59.812538,65.346901,critical
73.925786,237.166668,72.077778,0.925889,60.157755,48.008355,warning
79.113954,225.283757,87.580593,0.960373,60.042220,53.832130,warning
98.365906,202.687080,107.888086,0.796660,60.069431,68.161639,critical
62.376940,227.487235,51.037169,0.962669,59.971230,44.839604,normal
49.513851,227.091250,50.641190,0.986733,60.023526,40.950000,normal
93.518124,205.459819,85.541644,0.916378,60.265947,55.277983,critical
79.594248,212.543763,83.760278,0.884479,59.810846,46.352439,warning
80.661086,219.262790,75.871807,0.943318,59.993692,45.415622,warning
96.653863,197.315877,85.198427,0.828785,59.986137,68.352036,critical
47.750812,225.090318,53.315594,0.970548,59.994703,40.199616,normal
73.357535,226.464748,84.411189,0.919341,59.812047,55.240960,warning
77.559140,210.140220,80.332553,0.913088,59.960269,44.562336,warning
58.753183,221.087976,59.637324,0.968774,60.059574,35.450534,normal
64.933930,226.091641,69.635139,0.954367,60.046009,38.498974,normal
50.344973,228.778531,53.849280,0.931654,60.024407,36.870031,normal
106.906940,208.107048,105.407842,0.872640,60.130937,54.308806,critical
101.895960,240.681550,111.501450,0.875618,60.385746,58.239419,critical
95.519607,249.093742,100.452893,0.868310,59.780431,68.876885,critical
46.545071,223.147153,47.563726,0.970638,59.934086,36.614067,normal
44.644581,231.617912,51.374607,0.939732,59.954145,37.274554,normal
86.274656,214.200434,87.421758,0.894364,60.035676,56.320883,warning
66.087521,206.036566,69.493735,0.898303,59.908680,43.562477,warning
89.740466,245.791936,87.231744,0.853807,59.707520,71.019176,critical
60.060553,225.037743,59.516085,0.931579,60.045794,40.632953,normal
42.730126,226.187849,41.590528,0.946082,59.991724,39.188761,normal
78.414273,238.324748,88.647530,0.872061,59.870968,49.451107,warning
63.356818,222.257163,54.273094,0.972124,60.024191,36.020136,normal
60.246156,235.497586,55.327084,0.975924,60.022314,39.658305,normal
47.048470,226.572033,48.407404,0.977784,59.989874,31.918551,normal
49.015180,232.080379,47.250985,0.952688,60.034480,39.564442,normal
38.657187,220.880509,39.681201,0.961616,59.990362,29.923818,normal
96.835953,220.764842,103.469310,0.821517,60.268743,66.713379,critical
76.419012,222.592341,90.464358,0.892394,60.092735,57.223196,warning
48.168419,226.855937,45.956091,0.975985,60.026464,35.540451,normal
90.740098,221.598484,87.319011,0.926953,59.760036,50.799736,warning
91.785010,210.240190,94.164242,0.788403,60.467518,58.197550,critical
76.186429,214.115078,71.883039,0.884881,59.941104,50.552997,warning
118.167667,196.567640,121.511125,0.773226,60.214263,72.703555,critical
60.998084,231.631905,57.975201,0.962550,59.963708,42.476512,normal
100.849414,211.955154,104.180211,0.878136,59.761889,62.655482,critical
86.731350,218.715393,99.580565,0.904590,59.772693,50.369587,warning
61.549314,221.170885,58.457174,0.974771,60.024680,32.732682,normal
77.604981,220.061440,77.292178,0.928974,60.138039,49.082436,warning
50.048139,230.916782,50.730246,0.968486,60.007899,38.310424,normal
87.121831,207.991642,92.288364,0.906584,59.871333,49.282717,warning
56.160688,229.959886,56.478259,0.953547,59.985586,47.620518,normal
65.640047,234.586689,68.370903,0.957529,60.003222,34.638842,normal
51.695032,227.531856,55.199329,0.936598,60.039377,40.047070,normal
87.396642,219.708188,84.171420,0.954839,60.146699,49.434102,warning
50.451663,225.749107,56.512383,0.953376,60.016335,39.644480,normal
62.717175,220.186000,63.345898,0.975405,60.001858,38.576554,normal
50.768575,226.989098,46.263292,0.989384,60.003000,44.044281,normal
70.860363,218.746195,71.021258,0.851476,60.137832,56.582244,warning
68.312694,222.500344,64.654175,0.970230,59.923127,42.553665,normal
85.590826,229.049565,93.588372,0.897990,60.026330,49.399651,warning
83.540406,222.740119,74.699724,0.928242,59.991267,50.429688,warning
67.923211,230.551709,70.559430,0.912641,59.847672,46.417795,warning
57.354258,226.076309,62.601401,0.967323,60.038039,41.641977,normal
71.051503,223.264299,64.063556,0.955191,60.015368,40.328701,normal
56.085803,230.199027,57.149155,0.947319,59.938234,42.398380,normal
54.726048,234.588244,57.362353,0.976599,60.055185,41.033947,normal
55.936885,235.249563,54.408143,0.974499,60.089930,39.367291,normal
101.009525,190.576310,107.071511,0.852925,59.728151,70.440109,critical
90.981892,205.953049,92.325096,0.888712,60.123759,71.311269,critical
81.093093,231.544655,82.401603,0.904180,60.094991,49.411397,warning
76.322732,222.426986,74.823379,0.911769,59.936736,56.482028,warning
66.092956,226.959897,62.529546,0.959080,60.062513,34.747333,normal
77.143892,233.449145,74.804648,0.945098,59.964723,38.524460,normal
69.046239,228.224174,60.286781,0.948551,60.030732,45.780557,normal
61.418323,226.227817,64.555912,0.993046,59.984037,39.418497,normal
84.489423,213.443516,68.840614,0.905446,60.017038,54.556608,warning
104.091295,198.384301,114.705736,0.802433,59.982529,75.169086,critical
51.311945,237.212630,53.740283,0.966207,60.078540,34.804482,normal
74.850758,240.995882,64.047635,0.900545,59.921575,51.875580,warning
55.117703,226.635981,42.983944,0.971429,60.016317,41.045143,normal
89.297034,245.093804,84.496642,0.818494,60.510469,70.890993,critical
100.823529,249.961272,89.504114,0.742725,60.268229,66.114820,critical
82.201899,223.880625,82.067692,0.897876,60.141965,56.255713,warning
70.702271,211.953285,77.831700,0.920237,60.079714,49.484546,warning
72.382276,226.578006,79.247856,0.910903,60.012949,47.699003,warning
77.810851,240.363634,76.502681,0.960331,60.064317,61.631078,warning
103.864340,244.941428,101.249490,0.785813,60.191507,68.069551,critical
44.428741,223.200168,44.637796,0.993055,60.009923,37.993962,normal
70.465308,205.562213,81.555924,0.938899,60.029644,52.059741,warning
69.225993,229.975879,60.048863,0.981137,59.999604,28.682330,normal
98.533880,216.669685,99.023126,0.843416,59.972228,61.048513,critical
69.055023,239.017355,73.058494,0.906239,59.971451,51.594835,warning
49.359995,232.265495,45.944995,0.954261,59.976467,34.860513,normal
84.128742,237.670290,79.243763,0.910945,59.922932,46.325162,warning
96.312864,226.130844,98.506019,0.903992,60.014032,51.946414,warning
51.223674,222.716714,49.096864,0.985916,59.936549,38.826544,normal
43.881076,235.351514,37.822059,0.946333,59.951065,33.487993,normal
64.619440,223.527510,57.425697,0.927816,59.843696,49.177235,warning
69.222519,210.915455,65.440232,0.903747,59.961381,56.464151,warning
100.409927,204.062167,103.373958,0.844971,60.299835,61.747285,critical
61.880829,222.551958,59.991730,0.955082,60.028047,41.796477,normal
56.536943,224.563354,50.401259,0.924687,60.022961,42.196928,normal
75.175262,218.537823,84.007793,0.877404,60.176458,44.449334,warning
99.063564,221.647680,94.392075,0.818132,60.089845,64.232207,critical
79.920193,214.389862,82.549588,0.918497,59.915629,53.429443,warning
82.913240,224.130568,86.496644,0.918770,59.839682,59.061057,warning
75.946647,233.580695,76.308325,0.898274,60.082590,55.046084,warning
71.556550,214.690457,73.086568,0.883852,60.064008,49.268430,warning
79.179526,223.819012,83.130421,0.932367,60.048022,60.326570,warning
74.199471,231.375695,72.747862,0.942507,59.895709,55.548911,warning
64.677255,225.397806,63.363318,0.939190,60.109774,53.346390,warning
52.344096,235.330625,52.091010,0.945388,60.006545,41.109571,normal
42.935865,237.986030,40.317046,0.959600,59.944469,40.510803,normal
112.031106,197.580515,122.343349,0.898860,59.754020,55.326156,critical
92.176108,213.943714,94.560893,0.921477,59.956286,56.186210,warning
40.197857,224.160230,27.349868,0.957330,59.960128,43.164920,normal
65.364036,229.961891,69.346432,0.991899,60.001665,38.195086,normal
87.449987,206.933903,97.541863,0.811687,59.953653,74.413693,critical
61.791515,225.352375,60.420035,0.966512,60.040267,44.902303,normal
52.033835,226.746241,54.004484,0.948026,60.071384,34.945750,normal
88.470123,217.826666,92.867759,0.855994,60.046422,53.067414,warning
44.201522,227.247621,47.252674,0.972316,60.057272,40.754746,normal
96.391793,203.631071,109.877301,0.808408,60.131495,56.612121,critical
50.697930,223.453895,60.531455,0.952432,60.021046,43.918466,normal
62.965519,229.067805,71.263941,0.938206,60.047590,39.069437,normal
79.073623,214.084001,82.506503,0.911091,60.044777,59.315594,warning
107.287864,216.551262,105.817561,0.821679,60.142502,58.566673,critical
58.941456,231.939628,58.172583,0.967976,60.047832,40.296085,normal
88.344998,204.177020,91.723332,0.803773,59.821168,59.595341,critical
59.370331,223.327187,55.097987,0.951967,59.996848,37.458631,normal
62.987841,238.651534,60.334179,0.994507,59.986331,34.517311,normal
98.988310,245.027913,103.930315,0.810147,60.068595,65.468925,critical
52.509037,225.531527,53.184227,0.959026,60.046621,39.293552,normal
73.587030,238.702581,74.396202,0.903419,59.839665,46.448380,warning
84.359337,218.198730,99.650266,0.896833,59.840292,50.672982,warning
47.675774,234.609561,44.118252,0.948340,60.092018,40.721602,normal
89.509394,193.550145,100.416648,0.887199,60.364123,75.950103,critical
97.852555,198.059934,99.713748,0.833311,59.991992,72.359590,critical
56.671354,229.079686,50.855136,0.950418,60.026251,36.817392,normal
112.008250,196.217993,121.890552,0.792182,59.822272,62.570025,critical
53.142119,232.359943,55.764803,0.953963,59.957251,39.757670,normal
82.845614,219.995454,88.745916,0.937122,59.979645,52.779470,warning
50.076823,225.525972,50.803603,0.969219,59.989648,33.181531,normal
94.843825,244.307100,109.342686,0.821494,60.523985,55.443033,critical
104.858249,216.089360,93.858841,0.822420,60.027073,58.666885,critical
63.246673,223.716391,59.863645,0.968662,59.997821,41.441237,normal
59.405202,225.684443,56.617456,0.966285,60.031325,39.019308,normal
77.056705,227.790544,79.808415,0.911003,59.927808,50.892619,warning
80.384882,215.125230,82.885213,0.836799,60.100752,51.978988,warning
99.907799,195.073900,111.798580,0.863370,59.916552,61.255580,critical
57.472903,228.360461,61.901651,0.991731,60.021656,26.343152,normal
102.429633,197.115372,110.080620,0.867173,59.747075,69.868099,critical
53.160856,227.389172,59.329768,0.951911,59.966231,35.967588,normal
46.585029,228.936046,44.921476,0.972240,60.017931,43.725750,normal
87.383921,219.166244,90.124365,0.922224,60.189213,47.940957,warning
68.202448,231.137916,65.395137,0.964508,59.952879,37.292391,normal
84.007873,212.991132,86.745230,0.930970,60.063771,56.995429,warning
67.606994,219.695275,60.703754,0.890817,60.052318,52.697237,warning
58.250011,222.752330,56.421227,0.954804,59.972457,36.737764,normal
80.408225,227.205897,77.975143,0.927836,59.987357,53.900776,warning
103.527456,207.789461,107.023968,0.829685,60.212741,64.093902,critical
87.433074,204.033721,88.910297,0.941715,59.919038,54.870190,warning
94.497921,195.643541,92.971438,0.794468,59.510926,74.147138,critical
66.687153,223.602460,58.216790,0.954085,60.013299,47.098762,normal
55.215023,226.318259,50.213721,0.974103,59.945627,38.611242,normal
63.826395,224.155158,55.670901,0.967961,60.023371,33.537216,normal
55.858235,228.839395,59.027181,0.959300,60.001187,41.054688,normal
81.820090,220.466796,78.716592,0.951558,60.074641,49.502199,warning
85.283100,219.641003,88.089804,0.871451,60.053532,40.548866,warning
54.322514,234.336456,53.783654,0.987142,60.059482,36.070880,normal
49.172408,230.527771,53.807069,0.958414,60.011683,50.761917,normal
92.895651,195.782899,95.547863,0.846209,60.063751,63.949487,critical
74.587621,230.222578,75.720832,0.915655,60.031677,54.479315,warning
37.871301,227.136024,36.886273,0.996822,59.999679,45.216855,normal
44.379417,229.916227,43.767960,0.963689,60.016509,40.886402,normal
76.624172,240.779896,83.069670,0.916632,60.022364,42.946498,warning
99.005338,244.097372,99.457177,0.870075,59.673409,72.555234,critical
52.906611,227.734729,53.306837,0.930586,59.944344,42.189990,normal
111.465019,197.702181,104.524235,0.917021,60.288624,71.039362,critical
75.032138,211.816327,76.703319,0.932293,59.964708,44.562969,warning
87.931647,222.042462,90.862901,0.918109,59.938929,45.454603,warning
56.487426,229.340781,60.774037,0.955713,59.999650,37.179119,normal
45.824797,233.823504,38.833793,0.980512,59.969821,42.616507,normal
50.374359,222.564797,49.763297,0.936955,59.984775,40.374639,normal
45.693818,230.187723,48.022656,0.985630,60.054517,49.985949,normal
56.457547,228.574886,61.007611,0.966031,60.029286,36.986437,normal
91.156699,200.686907,88.754037,0.896338,60.176327,68.090137,critical
50.193922,231.302659,54.339976,0.973474,60.010574,36.774792,normal
83.604903,221.160815,82.975612,0.923120,60.174701,51.977991,warning
110.770996,213.803664,112.913504,0.865339,59.891400,75.152475,critical
78.760902,223.862420,75.813502,0.852739,59.983863,51.055072,warning
75.598531,230.737278,73.805446,0.906066,59.924867,47.454584,warning
99.778845,203.839731,102.785121,0.774173,59.916236,67.529896,critical
105.377466,195.377528,115.748917,0.865533,60.015354,68.043761,critical
52.848584,224.747607,49.685383,0.936483,59.983757,37.323099,normal
44.885783,230.422225,42.666145,0.976260,60.030984,41.279275,normal
56.424573,225.072297,59.709590,0.949421,60.005742,42.574833,normal
48.120695,221.128992,48.477916,0.964924,59.965588,40.452201,normal
104.708935,197.847610,109.726564,0.823293,59.890842,71.424455,critical
91.484792,191.331943,89.275230,0.849548,59.796742,61.734742,critical
52.217533,234.589130,47.220520,0.940447,60.021038,33.513249,normal
71.113460,226.267690,62.501848,0.974717,60.004125,37.785556,normal
50.402723,229.718037,42.290698,0.966542,59.973564,40.992729,normal
105.628340,211.621501,111.431518,0.906157,59.890411,67.502602,critical
58.757710,223.060363,52.072573,0.968493,59.955805,39.983442,normal
60.027476,224.450460,57.261412,0.975853,59.959328,36.392177,normal
97.767014,191.578259,92.895359,0.866789,59.896286,65.456341,critical
46.299415,231.254385,51.277611,0.952773,60.005264,46.728294,normal
64.164882,224.003103,58.799226,0.966550,59.971091,46.786748,normal
35.450984,232.367873,30.802703,0.973612,60.049490,38.553099,normal
86.516824,220.862471,88.958769,0.889854,59.982533,49.890692,warning
45.037661,226.457998,37.713688,0.933849,60.018381,42.646756,normal
54.501967,219.801710,68.497284,0.986343,59.987997,35.596155,normal
115.862328,247.668472,114.004340,0.801899,59.655960,63.664125,critical
112.067883,194.500879,117.060884,0.805224,59.873290,51.662897,critical
61.032209,230.429795,69.692252,0.952518,59.992254,39.050820,normal
77.121332,230.405023,78.429451,0.943718,59.972771,58.809286,warning
69.585548,224.733168,72.094608,0.919762,60.089394,58.851568,warning
47.430118,221.843157,44.361292,0.960951,59.986649,41.463463,normal
71.144178,214.367494,68.289215,0.893576,60.128847,45.579545,warning
63.522219,229.225687,60.067104,0.970865,60.020063,36.356186,normal
111.026461,241.271741,115.400052,0.829438,60.067750,72.147579,critical
35.396702,225.481419,30.668732,0.954913,59.986860,39.541242,normal
49.488243,233.336527,53.886065,0.998074,59.936838,40.965926,normal
47.370568,228.186004,42.420467,0.942406,59.929526,40.401934,normal
59.140379,224.864823,61.536247,0.951217,60.066232,41.158649,normal
58.981994,222.801444,59.730923,0.946648,60.009313,37.618380,normal
57.160222,231.373923,60.108401,1.000000,60.029637,36.733871,normal
65.298759,229.754667,59.596616,0.961595,60.025927,39.050019,normal
42.392496,224.662700,45.025808,0.959604,60.017630,35.837593,normal
90.040177,239.098937,98.275181,0.923032,59.880877,46.871489,warning
66.519605,228.973198,60.241617,0.980053,60.009798,33.960102,normal
53.071742,228.852830,51.264717,0.973082,59.979539,28.893531,normal
64.449003,227.306904,53.944905,0.980647,60.051070,36.873839,normal
49.733915,222.040289,49.116392,0.989971,59.991612,40.198880,normal
74.387851,213.954465,70.384163,0.900914,59.996599,51.586277,warning
79.268166,240.070918,86.766643,0.925984,60.005970,48.236925,warning
56.847339,225.494385,56.997423,0.935672,59.952874,35.651726,normal
43.669884,227.070867,47.551914,0.961472,59.969765,37.687083,normal
68.569359,226.183109,72.563706,0.968019,60.055579,40.679512,normal
85.803986,214.998629,94.670660,0.930615,59.993173,53.962766,warning
72.391273,231.064880,74.389776,0.972427,60.007475,37.162369,normal
76.364905,224.924227,78.009121,0.919584,59.931744,49.371973,warning
76.799003,231.039782,79.919536,0.943320,59.994060,32.456052,normal
54.784819,228.163465,53.601692,0.965989,59.949483,38.143085,normal
51.607543,234.108579,55.352485,0.948015,60.014987,33.352215,normal
59.557456,221.194193,60.539869,0.957605,59.963591,40.802430,normal
57.657171,224.144024,46.510650,0.952882,59.985662,37.186856,normal
52.762808,229.323790,54.789988,0.963595,60.024457,36.573503,normal
40.687275,228.813849,44.917570,0.956914,60.016228,39.136731,normal
92.496522,217.734569,91.874732,0.921411,60.112267,50.515846,warning
54.634701,230.311019,62.844307,0.958175,60.035427,40.359102,normal
82.450454,221.595369,84.188338,0.862678,59.886357,59.344723,warning
92.113037,204.827271,107.187759,0.851543,59.940996,61.898731,critical
53.304510,224.129179,59.938807,0.946888,59.955522,35.283502,normal
49.219209,229.121050,44.199853,0.962394,59.979137,41.081173,normal
97.120219,218.544217,93.656108,0.889635,59.858591,67.942664,critical
94.217246,241.407136,107.657299,0.767146,59.943029,69.185972,critical
38.013498,227.030981,35.462618,0.946894,59.984397,42.548801,normal
40.388854,230.297176,43.697998,0.958060,59.987263,41.647743,normal
76.760474,223.207382,73.827476,0.936999,60.015980,53.277228,warning
47.000271,230.837018,50.787805,0.947123,60.024300,34.778272,normal
74.861398,208.804214,72.635075,0.915016,59.934578,46.002417,warning
91.995197,225.173867,108.846907,0.871339,59.886652,54.868845,warning
87.193007,215.456744,91.981194,0.945507,60.078352,43.056161,warning
64.575713,232.075795,66.974339,0.954798,59.935150,41.387836,normal
79.901989,218.571739,73.937350,0.895885,59.975326,50.910667,warning
53.914299,226.851040,60.778713,0.984612,59.990088,34.155631,normal
72.170393,207.274299,77.777691,0.922908,59.988149,53.795106,warning
90.976854,219.155984,87.771795,0.954077,59.929705,49.533934,warning
50.410526,226.870400,47.372375,0.975818,59.954257,35.471781,normal
56.493567,229.329658,66.204975,0.955492,60.072714,35.495224,normal
54.473379,226.519594,51.230415,0.947125,59.964233,30.898220,normal
50.137355,229.873805,56.572655,0.954473,60.030644,41.772071,normal
64.059147,231.812406,64.335005,0.968466,60.015710,38.640061,normal
53.456831,223.987911,54.477530,0.965229,59.958302,42.180208,normal
59.269939,221.426532,63.502543,0.970477,59.945274,40.983416,normal
36.981156,230.477409,46.156305,0.930753,60.043626,33.361770,normal
91.161341,246.311566,90.867248,0.855235,59.889679,74.434157,critical
74.518392,208.908849,72.532409,0.903896,59.989807,54.151843,warning
86.223942,220.347825,85.024440,0.928455,59.968810,50.444114,warning
82.433600,218.993196,91.821043,0.907655,60.071162,45.160160,warning
106.239067,242.884076,114.461317,0.860838,59.913134,60.591455,critical
48.002762,226.979796,47.487994,0.955729,59.959253,41.560438,normal
72.332658,238.472686,81.263589,0.950473,60.004025,33.591483,normal
62.329242,231.757885,54.487423,0.981107,60.046869,43.227994,normal
45.733277,233.608843,47.293644,0.960484,60.006857,34.165388,normal
77.216397,222.609468,81.775922,0.967298,60.065174,45.971079,normal
85.028950,223.500281,92.084529,0.885176,59.997568,47.279817,warning
42.177178,233.521300,39.923516,0.984467,60.004600,43.774102,normal
69.098954,219.888665,71.030416,0.966402,60.012591,37.938867,normal
93.500773,206.171882,97.747833,0.865935,60.240772,59.538735,critical
62.650933,227.487119,64.076346,0.980580,60.048872,41.630607,normal
85.112146,235.857193,83.631724,0.886985,59.979441,48.230417,warning
41.741072,234.277694,39.958134,0.989766,59.999679,39.372995,normal
54.375402,227.808680,61.823958,0.959431,60.050364,44.299014,normal
79.594178,218.919640,69.182024,0.919666,59.933811,51.548259,warning
59.403287,235.785683,55.667499,0.974914,60.055213,39.118379,normal
31.368651,229.691283,33.187640,0.972765,59.984715,39.768089,normal
44.017732,236.361493,42.384061,0.956557,60.032356,36.276835,normal
43.551161,228.755654,48.657539,0.970678,59.976228,38.219422,normal
58.591369,224.363948,69.054208,0.945210,60.093175,46.712195,normal
46.691439,227.384774,51.962738,0.962786,59.950970,43.217757,normal
71.261021,229.967841,72.356615,0.965104,59.967201,45.612613,normal
101.438038,194.490694,110.547225,0.835351,60.097545,58.979990,critical
86.087104,200.465716,89.157424,0.922285,60.037446,57.127401,warning
35.840687,229.617606,29.210410,0.983457,60.022395,41.469663,normal
54.057129,234.680569,46.370834,0.987334,60.006515,33.410991,normal
105.800625,203.761416,123.830242,0.834848,60.312673,59.314854,critical
57.131710,222.957839,53.867663,0.943653,59.980389,41.371455,normal
85.595426,218.414271,98.746591,0.955662,59.805784,48.979072,warning
80.962272,238.906938,79.931018,0.919090,59.809845,46.142499,warning
84.652828,221.350999,99.051305,0.903341,60.094210,58.172808,warning
94.083108,221.317690,105.807439,0.875696,59.837174,62.915640,critical
94.804493,240.507281,84.069482,0.853249,59.807816,63.770311,critical
67.041491,209.486600,66.810934,0.902137,60.053704,52.977784,warning
81.827808,220.501455,78.157790,0.943919,59.937091,51.652806,warning
81.804675,230.379847,80.003964,0.943278,59.979901,44.755324,warning
67.254945,222.273180,73.225828,0.971246,59.980607,33.724186,normal
89.848325,209.972873,85.392808,0.876117,59.989583,49.759698,warning
101.648287,245.038579,98.791053,0.928851,60.263747,68.614122,critical
43.745708,219.905660,52.259087,0.955882,60.042355,38.495909,normal
105.058009,204.687958,103.550180,0.894229,59.657406,69.190001,critical
39.595762,231.429035,38.557124,0.981282,59.974765,36.363274,normal
63.255921,230.421882,60.837580,0.981621,60.070008,39.082020,normal
79.039288,236.153636,82.396628,0.939019,60.047280,53.294277,warning
110.520150,209.560691,111.777523,0.847009,60.075047,59.995487,critical
79.801896,217.816088,83.690246,0.933673,59.978117,60.430503,warning
82.900973,218.934309,81.152161,0.904846,60.062904,60.465483,warning
68.366749,225.769078,71.556984,0.945377,59.789781,54.827020,warning
36.418705,232.951322,29.740818,0.977540,60.017663,42.289442,normal
108.236519,195.426733,100.724315,0.851964,60.233076,60.490330,critical
115.812474,241.610987,118.482376,0.870838,59.802905,60.670456,critical
83.930318,239.184314,86.923776,0.923117,60.052551,54.827263,warning
54.437195,229.408584,50.271185,0.970362,59.996197,41.161942,normal
63.347809,222.422713,58.419653,0.964535,60.029605,47.868612,normal
99.888833,205.234452,108.075202,0.857172,59.595050,54.730804,critical
54.840449,230.241228,55.292291,0.950716,59.989661,37.855184,normal
58.659823,225.964245,50.471597,0.930119,59.988686,45.071517,normal
41.900033,229.555319,47.137766,0.960631,59.945931,35.515943,normal
40.230867,223.995726,35.696059,0.993571,60.038751,38.050175,normal
64.707952,223.949432,68.537303,0.975923,59.903986,36.348142,normal
52.179747,222.654846,55.976191,0.960613,60.020810,34.970568,normal
40.456657,231.235292,40.699442,0.967706,59.955664,42.800245,normal
56.426279,221.717619,59.025667,0.960183,59.987109,34.959656,normal
74.731265,241.367062,80.262316,0.914712,59.964536,49.354296,warning
75.625385,239.998065,74.038957,0.871188,60.037576,53.772955,warning
52.579408,223.939394,46.884647,0.990741,60.010282,40.632099,normal
88.002007,218.619444,87.098215,0.937228,59.939672,52.349465,warning
79.232540,212.115663,93.973406,0.937104,60.102889,53.211810,warning
52.512916,229.641863,49.570949,0.965473,60.039586,34.178923,normal
54.457343,221.316472,52.775956,0.986444,59.980679,32.674203,normal
49.434314,222.984213,60.353643,0.990102,59.958524,36.936866,normal
89.609702,239.669347,90.231118,0.901930,59.912789,48.968000,warning
76.135636,227.485923,82.728034,0.986998,60.029376,38.174056,normal
47.104924,229.009937,42.480566,0.979696,60.017726,41.755767,normal
73.277939,211.387877,80.599486,0.922654,59.958201,46.059221,warning
79.430285,214.580337,89.310179,0.910611,59.907515,52.753268,warning
59.424803,230.729737,59.464411,0.960833,60.026929,40.674718,normal
62.974550,223.535273,60.287616,0.971599,60.015933,40.478250,normal
80.117567,239.808934,74.829468,0.871350,60.027896,39.116242,warning
96.909635,212.145613,80.572891,0.830290,60.058095,57.273716,critical
57.404046,230.912580,50.526488,0.952774,60.002593,38.462095,normal
75.146088,217.420098,79.975962,0.910358,59.904028,61.819523,warning
63.249320,228.763433,51.882526,0.975556,60.019331,40.349814,normal
39.109442,234.759321,39.297429,0.955586,59.992026,44.985252,normal
72.795599,219.217115,75.427674,0.973827,60.021636,45.560344,normal
65.001575,232.898942,63.033964,0.948554,60.008598,28.646545,normal
103.879361,203.960386,103.316354,0.851191,60.203160,63.151651,critical
56.382563,225.632046,53.185212,0.982124,59.985900,35.250728,normal
75.470773,216.048766,77.792471,0.925542,60.035450,55.332029,warning
100.842954,212.317799,102.060123,0.816853,59.983514,78.759385,critical
49.781159,229.217566,46.688697,0.981235,60.037962,37.861243,normal
55.195918,231.423814,64.510804,0.944036,60.031760,36.209456,normal
69.241613,224.384084,63.896992,0.959797,60.001707,38.382654,normal
59.359416,226.224353,62.075631,0.990723,60.009384,37.344510,normal
105.055013,236.557729,102.021065,0.888956,59.989428,70.689719,critical
53.441937,228.626824,45.631865,0.932899,59.992188,44.112234,normal
60.113357,230.783668,67.431342,0.955571,60.034612,34.084968,normal
56.001246,221.557045,54.304879,0.955629,59.956779,37.661735,normal
58.791274,229.138304,51.484594,0.957407,60.063384,44.127374,normal
73.004398,222.055965,60.290397,0.949507,60.008714,36.206012,normal
92.724511,227.678698,93.174845,0.880494,59.897103,50.305785,warning
68.991659,238.459522,67.317282,0.957606,59.991871,41.227602,normal
80.858143,220.797296,82.034055,0.853812,60.027777,52.394780,warning
57.707915,229.631009,52.681841,0.959608,60.008377,33.762817,normal
67.799002,233.398881,76.642120,0.979654,59.994463,47.528944,normal
82.766701,228.835895,73.004349,0.903380,59.973729,52.704609,warning
42.170711,231.113271,41.480408,0.990001,59.948169,41.403497,normal
77.686957,225.140140,69.850248,0.955708,60.207816,55.842818,warning
46.554834,232.971992,54.725042,0.990907,59.989979,35.329142,normal
75.538202,213.633248,82.046699,0.897765,59.799933,57.606545,warning
29.581317,226.750383,33.238017,0.965300,59.992001,38.750455,normal
98.015917,200.172240,111.311200,0.845277,60.023094,76.234937,critical
79.750990,217.771686,75.974036,0.889340,60.017055,59.247751,warning
86.678190,224.328625,81.662466,0.884835,59.922030,59.507181,warning
80.346132,214.317793,89.398694,0.932534,60.073674,46.668951,warning
46.799656,230.105335,49.887342,0.983556,59.946349,35.748556,normal
104.451715,199.209284,108.787044,0.855618,59.604517,76.288960,critical
100.470259,202.554649,109.541256,0.887731,60.057322,66.689229,critical
50.172459,228.752688,47.534195,0.952098,59.998425,41.233922,normal
69.042809,237.453458,80.677490,0.902334,59.993677,63.330446,warning
71.897386,218.797553,72.584436,0.926230,59.934585,57.755353,warning
36.744563,223.679885,37.953069,0.930969,59.928048,31.864720,normal
69.867415,232.593758,66.711773,0.978353,60.000203,37.299384,normal
52.143914,226.433184,47.048952,0.977789,60.007333,38.198662,normal
80.013444,216.759747,82.295443,0.941044,60.076130,39.514912,warning
49.189331,226.033767,51.813333,0.969814,59.992046,38.946228,normal
58.833678,231.073357,63.193586,0.977194,59.943714,37.081854,normal
46.347303,231.863458,50.893394,0.945437,60.014703,48.167621,normal
87.796664,204.664328,91.306406,0.931995,60.069220,52.122732,warning
85.188177,212.670745,93.878101,0.944508,60.123770,57.485956,warning
96.808150,246.617595,109.853837,0.878901,59.988198,66.202145,critical
51.610063,232.759564,50.315358,0.979546,59.989529,46.349750,normal
64.762333,230.445364,61.501168,0.955804,60.051795,34.045852,normal
51.390646,233.288704,49.830819,0.956918,60.046446,43.514686,normal
79.698249,210.281461,73.531877,0.919838,59.969888,53.115048,warning
98.118986,245.381999,103.314987,0.773623,60.118508,78.372014,critical
58.167744,228.379371,54.855862,0.965627,60.012470,33.257021,normal
74.109558,231.262163,60.175528,0.939854,59.953207,46.892936,warning
59.267069,226.499574,58.224775,0.994654,59.903497,38.355142,normal
96.235833,202.581814,96.894541,0.890040,59.999242,68.024927,critical
76.346353,234.985322,79.109865,0.888088,60.179995,49.834851,warning
71.598913,225.627123,70.354718,0.956001,60.024486,41.151145,normal
93.823194,211.934318,103.052011,0.830079,59.911599,70.960001,critical
106.629621,239.902099,107.017049,0.844664,59.866424,64.210825,critical
58.732072,219.808262,60.115445,0.980642,60.063749,42.135076,normal
73.184467,213.498762,77.324018,0.875819,59.969832,40.296900,warning
53.511781,230.486041,55.231573,0.976710,60.018483,38.975231,normal
36.410160,228.238157,36.887830,0.958637,60.066763,39.162841,normal
106.232998,244.118726,108.728233,0.915260,60.008265,63.640997,critical
93.862686,200.914797,96.059231,0.821594,59.840285,68.122007,critical
86.446349,223.137586,76.774672,0.879928,60.116437,56.040961,warning
87.105746,215.385253,103.060816,0.849155,60.152083,62.915277,critical
81.622237,207.830954,92.704778,0.916102,59.997746,43.598862,warning
110.547498,206.893264,115.605534,0.827077,59.816272,58.724560,critical
80.638745,225.112784,87.877687,0.956915,60.163559,45.094140,warning
102.135276,220.869111,109.388392,0.805828,60.042943,60.160144,critical
62.111856,225.377465,67.226946,0.976743,59.991385,40.475662,normal
52.474951,228.530742,45.880120,0.983155,59.980668,38.040731,normal
77.814108,213.037375,82.000304,0.932014,59.842641,44.587079,warning
60.695374,229.172979,64.842309,0.971549,60.029605,39.531479,normal
45.216940,230.061083,46.931099,0.951722,60.028689,36.453257,normal
57.361691,223.505489,55.276162,0.977125,59.974612,33.265848,normal
53.566286,230.621447,58.212673,0.981461,59.943807,41.293048,normal
86.796316,214.812089,81.280215,0.927108,59.988384,49.071617,warning
58.231687,228.123751,56.478023,0.967105,59.961766,38.898354,normal
96.683046,202.367359,112.048166,0.833989,59.915298,65.653702,critical
56.612009,225.351606,55.164537,0.981646,60.024112,41.602094,normal
65.640544,225.065028,54.365618,0.969024,60.025459,39.115818,normal
66.082864,223.751063,65.740308,0.972518,60.030368,37.701280,normal
59.293016,226.114665,61.415655,0.982506,60.014846,30.686402,normal
100.584650,245.386348,99.340542,0.881871,59.925732,56.063510,critical
49.511138,222.616846,59.195198,0.955086,59.976391,40.274652,normal
62.078003,230.807359,63.998406,0.974316,59.944653,37.206628,normal
47.623057,232.654239,51.545308,0.950146,59.984244,38.219628,normal
107.737189,196.587986,114.550243,0.903238,60.211728,59.694186,critical
109.808336,208.331361,118.693386,0.906736,60.014987,60.427054,critical
43.591447,226.580418,43.069124,0.965867,59.902051,43.374970,normal
43.777863,230.563989,42.830770,0.968765,59.995168,36.323182,normal
48.397162,217.211913,50.888371,0.967802,59.994302,36.324333,normal
63.404281,229.107485,61.935163,0.981174,60.067482,33.342505,normal
52.207077,235.048385,57.681920,0.962699,59.951346,40.543983,normal
78.748986,205.035731,82.403528,0.929174,59.931054,53.187165,warning
100.785332,206.336808,99.552002,0.811126,60.130024,67.635444,critical
44.245706,230.272249,39.453932,0.958503,60.023752,36.969066,normal
62.583739,218.447050,65.569389,0.975700,59.993789,43.726062,normal
52.913999,220.737148,55.220405,0.958680,60.000763,41.148022,normal
49.430239,223.493419,46.046456,0.956699,60.013061,38.810093,normal
72.470264,222.995051,60.978262,0.903388,60.036193,45.985998,warning
109.454758,242.066136,116.499713,0.869313,59.994428,69.976627,critical
73.546875,223.957347,72.131714,0.900001,59.918117,47.027430,warning
35.486941,222.686834,34.703198,0.963759,60.054459,41.467249,normal
56.251094,231.147876,53.862106,0.947951,59.972491,44.672763,normal
34.352324,223.318834,37.445602,0.953947,59.930392,39.078162,normal
85.037858,215.559368,84.706111,0.879181,59.894290,55.109230,warning
48.638276,232.251162,55.287123,0.939137,59.962631,44.315256,normal
59.231633,233.496083,55.674075,0.963413,59.948915,32.241590,normal
65.583389,225.814924,60.149540,0.932318,59.971126,37.481985,normal
102.427336,242.897995,105.812317,0.834896,60.580031,66.385692,critical
108.891220,206.930857,104.851322,0.925279,59.946474,65.794739,critical
80.332990,215.183111,73.402680,0.917261,60.069087,47.576671,warning
78.033684,228.316299,72.139455,0.892806,59.791541,53.017026,warning
47.579096,231.171304,43.793036,0.974921,60.014133,40.688023,normal
54.054746,224.805613,47.886078,0.955869,60.005951,39.602444,normal
80.918078,223.800773,84.956593,0.852407,60.042472,38.549384,warning
80.388638,219.113202,82.592866,0.890415,60.049625,55.483849,warning
89.894325,239.133861,95.576417,0.904395,60.023457,55.617138,warning
110.984899,198.312041,115.492681,0.892024,60.025114,69.457674,critical
102.723242,243.338293,103.103764,0.828477,59.710858,63.992626,critical
50.314820,229.314742,54.649687,0.968102,60.022896,36.625993,normal
62.988586,232.171113,61.260372,0.965463,60.021154,42.280799,normal
76.779902,229.781830,81.900385,0.954954,60.028584,40.207831,normal
99.874159,202.945256,90.278936,0.847951,60.027725,77.368407,critical
68.815882,240.214331,68.265895,0.910500,60.033645,42.872232,warning
108.248753,243.726184,110.121417,0.810715,59.741266,65.404746,critical
77.380122,208.797532,92.662797,0.932718,60.093690,55.806112,warning
56.429063,222.114832,55.854076,0.961313,60.000077,39.746202,normal
102.068621,196.272692,95.747978,0.823641,59.876204,70.565979,critical
60.146150,223.655588,57.827917,0.969424,60.014619,38.551390,normal
67.180035,225.012228,69.218389,0.973201,60.001848,40.199123,normal
73.282903,216.115330,84.324352,0.938859,59.906605,48.678330,warning
48.948370,227.192431,55.325675,0.977860,59.984051,36.036779,normal
84.275374,220.759304,93.254833,0.918369,60.129216,46.088615,warning
64.511226,224.932388,64.708809,0.965916,59.985653,38.076055,normal
45.162187,223.424255,44.605058,1.000000,60.024346,33.975050,normal
104.495800,193.318518,107.799475,0.802916,59.874898,75.538317,critical
45.442341,225.935562,44.812713,0.920888,59.997482,40.473943,normal
55.462372,230.234225,48.004221,0.965182,60.024120,41.651085,normal
86.873974,205.359380,93.091151,0.930852,59.950115,48.108918,warning
65.460102,225.138886,57.057366,0.974620,60.026996,37.576898,normal
87.338265,218.239815,91.807483,0.922512,59.843280,48.183669,warning
61.358716,225.700391,69.391526,0.957223,59.970431,33.561611,normal
79.200457,238.792990,82.032588,0.866414,60.114960,43.943507,warning
78.121292,218.111914,82.536391,0.935771,59.920563,53.620033,warning
56.959069,229.379606,60.238014,0.979714,60.081628,39.880916,normal
53.325718,223.086345,56.129876,0.953549,60.022423,38.599839,normal
61.604040,232.497391,58.557213,0.975076,60.009947,50.432699,normal
74.982729,221.548348,77.109966,0.924858,59.964891,47.667024,warning
42.311070,225.742511,44.390601,0.937244,60.038678,37.476312,normal
73.919914,221.758469,70.491587,0.975570,60.050343,40.050405,normal
58.294020,229.620119,57.202673,0.981435,60.029266,47.635702,normal
93.336387,192.620601,87.502010,0.882625,60.150585,60.395092,critical
61.010152,230.905848,57.618902,0.982019,60.046537,45.716191,normal
45.776128,219.814544,52.039761,0.964543,60.059300,33.782365,normal
107.875836,208.655867,107.302599,0.911518,59.516396,61.320281,critical
105.908454,212.285277,117.096297,0.874892,60.334005,64.628119,critical
102.953367,244.919127,107.233107,0.784214,59.853378,69.655577,critical
114.567308,206.655494,107.581853,0.859539,60.007384,65.550290,critical
77.078871,200.587389,74.397941,0.942149,60.081154,57.689853,warning
60.667235,229.928213,64.911534,0.954547,59.980084,39.813489,normal
67.257439,231.677557,63.274594,0.966288,59.976317,43.464585,normal
44.557506,230.220237,44.285018,0.942706,59.997489,38.902320,normal
61.783759,230.495574,60.541601,0.948985,59.976644,37.868233,normal
86.740435,222.674433,81.713281,0.820876,59.990349,70.864962,critical
65.002681,234.295252,58.323498,0.966680,59.955917,41.620526,normal
70.705037,227.036700,71.881048,0.965144,60.039735,35.226495,normal
66.482938,226.498704,75.550789,0.958136,59.983575,39.939566,normal
101.081597,195.649875,95.884102,0.817650,59.664864,60.122432,critical
61.666176,227.574323,57.672783,0.969589,60.000235,45.633594,normal
73.668317,214.193574,67.251398,0.897000,60.057925,50.657148,warning
45.928056,225.257062,44.168588,0.968796,59.996327,36.430335,normal
91.875204,219.447948,98.304453,0.895571,59.990615,49.128316,warning
52.754982,231.708499,52.960780,0.987339,59.980652,38.050867,normal
69.613641,228.671367,69.038121,0.970964,59.973041,35.266125,normal
48.246756,228.082579,44.663182,0.986388,60.023320,44.382192,normal
83.824100,239.975949,99.751037,0.903090,60.037865,49.623079,warning
62.913777,224.368442,67.052540,0.954219,60.005318,40.299036,normal
52.819038,231.157622,59.990475,0.979671,60.016287,40.007646,normal
102.855633,244.614997,118.527391,0.867335,59.986103,62.444482,critical
72.118541,214.113272,81.801360,0.911341,59.916686,57.014556,warning
100.295956,239.985403,98.055377,0.918970,60.023703,50.044762,warning
90.423037,217.000634,106.772016,0.898802,60.049257,46.471322,warning
95.672048,202.095054,93.405260,0.816326,59.656714,64.463051,critical
74.487625,229.357862,74.222063,0.881262,59.985552,37.160933,warning
54.228218,229.231219,61.847751,0.969820,59.989453,36.841633,normal
73.041109,228.365482,78.795640,0.987540,60.036399,40.184869,normal
96.390002,207.946939,96.913371,0.841448,59.810010,65.316393,critical
89.863731,237.921406,89.831605,0.866789,60.078038,46.466341,warning
87.140999,229.991533,85.996476,0.906368,59.839424,45.475127,warning
80.549289,221.538227,88.094568,0.914135,60.007554,53.066363,warning
63.279076,229.415811,57.640764,0.984872,59.975705,42.216267,normal
43.734261,234.501223,41.775637,0.960571,60.047281,41.245830,normal
79.662782,219.175240,85.551187,0.877881,59.985082,50.326256,warning
108.325320,213.372222,106.229656,0.860484,60.215809,65.537146,critical
89.798818,224.827036,101.881513,0.889703,59.850965,46.071765,warning
55.415505,229.901526,53.457333,0.971621,59.982698,34.233737,normal
53.354542,229.556246,49.880622,0.963360,60.012607,40.178809,normal
71.799092,229.317516,74.090700,0.952882,59.978477,36.838128,normal
78.257615,214.785185,87.558832,0.915747,59.930919,52.032897,warning
107.514789,206.729267,113.692199,0.826034,60.160022,67.480686,critical
49.313150,231.651798,46.463730,0.964233,59.956479,40.760275,normal
66.626183,227.687999,65.803419,0.972023,59.994073,35.993212,normal
78.116126,223.684084,75.568923,0.935855,59.992739,54.800184,warning
75.525213,242.654475,77.991657,0.913339,59.990678,51.197375,warning
63.464352,235.162926,63.341474,0.958028,59.988033,38.463085,normal
106.170810,191.697128,113.151519,0.904991,59.760021,58.829871,critical
63.847013,229.698984,66.753465,0.956566,59.966122,39.662471,normal
69.465332,233.757936,76.540694,0.935074,60.008261,34.264491,normal
76.864588,237.826908,76.842915,0.864273,60.195729,54.399893,warning
51.909981,231.711438,55.073536,0.958906,59.980976,43.284908,normal
52.868601,218.366980,49.402894,0.980386,59.989972,40.062083,normal
75.218443,219.703087,72.782420,0.910481,59.969515,51.286187,warning
114.419580,242.190298,118.798314,0.790265,59.881795,61.110588,critical
101.264218,247.569096,99.785330,0.883439,59.928008,66.728455,critical
62.824136,225.119377,72.832406,0.987895,59.994974,38.824953,normal
66.462605,229.743175,67.223468,0.961403,60.018834,51.318165,normal
84.748077,212.797730,92.808248,0.928626,59.944595,51.912677,warning
65.086625,224.479951,67.187990,0.958987,59.987674,42.754618,normal
102.956204,211.622943,91.347634,0.864393,60.195367,64.856745,critical
56.051297,228.599732,55.620679,0.930045,60.005467,30.166934,normal
69.716119,223.265338,62.085086,0.910981,60.076367,51.938380,warning
49.564831,225.900418,49.271835,0.978818,59.971406,34.386041,normal
84.143698,217.267749,88.944428,0.907095,60.087953,49.692393,warning
99.396921,198.551739,97.299032,0.886307,59.960885,69.951155,critical
58.732806,227.087429,63.742015,0.943264,59.986292,42.914286,normal
56.416135,234.684730,56.909384,0.987477,59.877515,32.482868,normal
83.798593,229.600926,83.831982,0.936436,59.962271,47.293319,warning
70.092797,232.099276,64.686957,0.951485,59.927724,32.707947,normal
45.498924,234.920809,37.206895,0.982198,60.030462,36.713164,normal
76.542045,210.976999,86.375216,0.931984,59.991551,49.279157,warning
42.812517,231.963247,41.977339,0.963356,59.992892,35.240420,normal
68.493561,221.033409,62.280519,0.880866,60.010642,52.745413,warning
103.055347,203.854956,111.539295,0.819348,60.109119,68.922884,critical
68.538941,215.758969,72.728883,0.894971,59.961612,44.354915,warning
117.642876,242.993057,109.743816,0.828528,60.120531,66.222469,critical
56.401903,228.432233,53.448629,0.973187,59.993990,44.094513,normal
58.890965,223.763319,57.233057,0.972003,60.052479,43.069203,normal
83.682954,217.789121,82.788050,0.942856,60.020926,47.312137,warning
55.563731,223.898735,63.796337,0.958731,60.076263,45.721899,normal
71.724545,237.182779,76.116599,0.926913,59.915184,53.349844,warning
98.232450,243.841125,100.478078,0.823687,60.010555,65.977219,critical
78.993701,216.215166,91.139409,0.893202,59.930720,46.311504,warning
84.084801,222.725537,89.257331,0.900992,60.067660,58.443567,warning
98.663270,208.656136,112.267759,0.881941,60.204157,57.286854,critical
42.677497,224.383867,48.365327,0.973599,59.975149,30.520539,normal
73.115011,229.220631,68.930487,0.930799,59.955200,41.303903,normal
61.652702,231.700173,54.878432,0.977650,60.019084,44.382519,normal
77.354385,223.140973,77.867962,0.904037,59.903242,48.243839,warning
99.234237,212.098072,106.052829,0.809592,59.927405,65.215425,critical
61.518002,231.476793,60.156330,1.000000,60.075206,38.028765,normal
102.315209,237.732016,122.228862,0.775851,59.521493,72.031882,critical
89.755635,224.664478,98.932871,0.912107,60.081892,42.557068,warning
95.289713,220.106180,91.610122,0.921075,59.963218,49.184121,warning
60.845432,226.511964,57.690902,0.964754,60.025501,36.483588,normal
56.333956,227.577899,63.718386,0.940339,59.962890,40.116429,normal
48.201847,226.018462,53.523858,0.959816,59.939007,44.583579,normal
85.299581,212.243191,84.569647,0.911813,60.027466,56.398874,warning
93.276726,244.507389,102.835312,0.879248,59.854726,58.194302,critical
80.806634,220.231737,79.652152,0.921976,60.024879,57.390120,warning
54.171485,230.617739,59.092890,0.971803,59.989887,32.499034,normal
104.779306,205.401098,107.651854,0.878768,59.834840,65.776243,critical
67.598793,226.264370,65.500153,0.945901,60.051230,33.477736,normal
59.688711,231.170192,60.570061,0.983987,59.996209,45.101929,normal
94.563080,246.128430,105.860028,0.830106,60.082840,66.207868,critical
86.600581,231.197628,85.963724,0.928777,60.101274,56.799993,warning
85.313012,224.466878,91.689868,0.905913,60.037028,52.616577,warning
87.237874,239.146721,88.512255,0.930087,60.024583,52.008366,warning
95.271042,198.693297,93.854757,0.836556,60.044561,67.455380,critical
52.574884,225.270315,55.477631,0.981281,60.070743,40.022351,normal
58.836779,229.833762,59.061432,0.976121,59.948091,42.191756,normal
85.865153,223.772621,88.705278,0.921534,60.075442,51.863521,warning
82.179373,236.026823,72.036821,0.893044,60.127688,51.904643,warning
86.818838,222.833607,80.537204,0.918404,60.043271,54.038309,warning
107.081539,245.856264,103.601802,0.862448,60.130659,68.334213,critical
65.080301,226.829579,72.035521,0.945124,60.023446,43.296662,normal
52.837436,227.763247,61.683624,0.961496,60.050734,46.159988,normal
101.509764,198.931432,113.628479,0.829630,60.039333,58.328634,critical
77.670238,219.764795,90.279588,0.895483,60.052420,56.153486,warning
88.505207,216.269012,88.146468,0.931376,60.025061,44.591459,warning
56.410295,231.194449,68.939282,0.968142,59.936575,47.786973,normal
87.562129,233.191936,88.113495,0.905662,59.927864,49.233894,warning
54.693955,229.698498,55.387920,0.947552,59.988277,37.517078,normal
60.575838,232.267153,67.912704,0.944192,60.029673,37.947416,normal
56.161405,227.690444,56.524376,0.977059,59.957609,37.587330,normal
99.241152,201.030909,109.483834,0.774387,60.002478,60.376782,critical
97.551007,242.700174,94.749001,0.812478,59.815824,64.637663,critical
59.167247,224.291765,66.401667,0.969751,59.992884,41.151869,normal
29.880869,239.168053,31.817266,0.985037,59.957437,42.090755,normal
65.115900,228.419496,64.452904,0.974809,60.000127,44.349583,normal
93.106196,217.490234,96.702491,0.925003,59.881340,52.015016,warning
56.358322,222.984204,57.573673,0.966742,60.005365,42.052889,normal
58.193243,228.409744,54.668078,0.963556,60.034392,39.782310,normal
107.204472,250.266707,102.901880,0.854111,60.355171,80.952986,critical
107.493529,201.387818,110.040243,0.848841,59.921587,63.408506,critical
84.577689,215.143733,92.255644,0.915790,60.045464,51.521062,warning
57.008613,223.937730,50.685177,0.931051,60.005731,39.150811,normal
90.064280,216.197550,89.919890,0.919629,60.110663,49.109933,warning
66.691721,232.385016,73.058507,0.987222,59.992317,41.678628,normal
82.657097,225.073795,84.073491,0.901304,60.136325,55.708229,warning
64.180222,226.437843,57.440892,0.983749,59.993489,36.504111,normal
63.167956,225.364085,72.188518,0.957942,60.015698,45.094321,normal
48.712339,234.920185,38.826663,0.966016,59.991481,41.566083,normal
43.893191,225.831370,50.505012,0.952804,60.001617,33.279423,normal
44.405727,229.682610,35.794792,0.972265,60.025382,30.244781,normal
60.209904,219.825438,51.536338,0.990413,60.040294,38.535398,normal
97.263828,196.822650,103.010388,0.853741,59.759392,75.593032,critical
41.378022,223.042681,42.026446,0.952536,59.994225,27.622355,normal
66.813604,227.249757,65.479725,0.973166,59.973141,38.610454,normal
74.239368,210.676175,73.205521,0.904208,59.936854,49.608140,warning
50.091422,218.674180,48.995349,0.972281,60.014038,31.779698,normal
86.847613,224.439025,97.112438,0.918274,60.076114,52.448359,warning
48.491065,232.117082,50.251026,0.977940,60.024089,36.012458,normal
58.818506,230.013124,63.296320,0.953432,59.996847,41.800305,normal
75.725576,239.485257,83.631149,0.892451,60.002027,55.450366,warning
71.602275,234.964868,74.883702,0.962399,59.986837,43.513410,normal
57.247259,230.430011,56.752827,0.948872,60.020385,40.668822,normal
79.823396,215.381676,71.499772,0.891814,59.987687,55.987689,warning
99.975841,203.024353,110.460445,0.855311,60.147714,69.644655,critical
50.381788,225.638256,58.876089,0.974711,60.004616,26.623986,normal
49.231893,230.448024,47.260971,0.972699,60.026391,41.310941,normal
83.176469,217.519102,80.430943,0.953842,59.927455,53.093237,warning
74.057101,237.817310,71.881520,0.900891,59.838269,58.187078,warning
39.715392,227.165175,36.136346,0.967154,59.986092,30.773228,normal
47.731613,228.142557,47.792432,0.962825,60.026928,43.326676,normal
55.292948,231.102182,53.614312,0.959139,59.997771,35.521796,normal
63.240064,230.491163,63.027144,0.963323,60.065415,40.052326,normal
90.422160,213.924766,107.121447,0.888279,60.010765,51.818291,warning
66.119192,227.166293,67.635626,0.956431,60.008163,42.996733,normal
98.815357,243.052897,104.906327,0.868098,60.098257,66.816696,critical
99.054212,204.104017,101.266842,0.825654,59.582847,67.902178,critical
113.648077,201.891661,128.893232,0.892107,60.078120,65.080786,critical
89.487437,211.370852,97.368020,0.979188,60.051404,51.964958,warning
59.648997,231.726368,64.805653,0.972218,59.981998,38.645423,normal
53.834619,229.386323,57.797070,0.985402,59.943026,41.248324,normal
107.476481,243.471156,120.515212,0.928114,60.007354,65.421884,critical
57.690566,230.248410,59.617879,0.984371,60.049616,48.730470,normal
82.453921,218.034254,76.708461,0.894515,59.985569,59.893532,warning
98.970051,238.937115,91.766008,0.813391,59.901724,71.016048,critical
70.215754,220.069194,75.909331,0.934020,59.919576,54.003852,warning
88.029808,220.245179,89.086865,0.964643,60.118873,56.283136,warning
53.568432,231.917338,53.420479,0.955435,60.049569,36.044434,normal
62.796462,228.273452,58.128848,0.975063,59.995905,36.832278,normal
79.708428,210.705148,91.062466,0.906329,59.972153,49.277675,warning
63.951473,239.102081,50.231487,0.988559,59.990053,30.310990,normal
65.294602,228.363383,65.523395,0.935386,60.004838,35.984360,normal
69.307272,220.429293,68.600996,0.918213,60.093578,48.392422,warning
103.164709,243.110297,110.519307,0.813962,59.804078,64.976014,critical
51.727924,235.219714,60.398247,0.967490,60.009663,41.303859,normal
106.924151,204.354794,117.069525,0.812854,60.069461,62.935349,critical
89.672007,211.637329,88.291501,0.827130,60.246998,61.771245,critical
94.038108,205.420785,97.690056,0.832659,60.289571,58.329891,critical
56.792804,224.893788,61.690780,0.982649,60.049001,37.350943,normal
86.749823,233.152253,85.852908,0.940392,60.167966,51.308028,warning
36.031611,226.576462,38.321725,0.989457,59.998386,39.852307,normal
91.502154,247.798936,106.993477,0.887355,60.003632,60.452414,critical
56.774173,227.450604,55.858844,0.952440,60.038338,41.436111,normal
48.830197,225.377838,45.934579,0.930177,59.966373,45.496940,normal
57.934312,225.024403,58.172054,0.978798,60.026793,44.374915,normal
45.772358,225.191490,53.437805,0.960896,59.985400,33.793228,normal
85.392380,211.619057,88.720828,0.940932,59.974024,50.706308,warning
102.608759,205.304881,104.001324,0.800908,59.697823,65.704750,critical
51.651413,230.584533,57.414696,0.961339,60.000409,35.764517,normal
101.370949,244.858672,110.190602,0.825604,59.688672,60.145836,critical
109.595014,210.861959,124.839864,0.910827,59.929734,72.818105,critical
78.813299,221.678788,78.939502,0.893150,59.919681,48.685348,warning
43.072563,228.346396,49.550957,0.974104,59.991661,40.761095,normal
64.617758,228.577307,65.842300,0.958155,59.992128,46.995463,normal
49.337927,230.638999,51.196977,0.982301,59.999622,42.043951,normal
84.410855,214.744292,86.349187,0.905156,60.098695,39.188221,warning
69.972527,226.155396,57.141498,0.976813,60.019527,35.938851,normal
59.830807,225.949266,59.368155,0.982125,60.017099,39.140769,normal
48.112316,222.680118,50.427593,0.949909,60.018865,42.363546,normal
82.440987,218.004802,73.739224,0.926275,60.103849,46.931725,warning
95.630299,242.205434,90.184039,0.815509,60.206057,65.730457,critical
89.372032,231.351402,93.006604,0.892925,59.844428,49.988185,warning
78.741056,224.467367,87.225877,0.948590,59.922825,57.797712,warning
51.880498,227.756257,48.366273,0.956436,59.982020,35.451688,normal
76.015181,223.367824,83.460974,0.907781,59.803414,51.686808,warning
80.620609,220.624844,86.196129,0.918323,60.114789,50.974509,warning
82.269489,226.618083,91.720246,0.894882,60.092150,48.382547,warning
77.366622,215.633928,76.057004,0.914975,59.942605,48.902053,warning
63.778566,223.972749,58.069064,0.977700,59.966601,30.810247,normal
90.448798,203.314759,80.460473,0.863106,59.939668,59.540734,critical
58.039352,221.998749,56.678124,0.975828,59.958502,37.773929,normal
69.995125,239.494568,76.129461,0.917177,60.007281,49.476201,warning
109.775865,244.792300,113.810872,0.846775,59.964131,62.104449,critical
59.292762,223.853985,54.924822,0.962556,59.938234,37.161901,normal
79.350091,214.718585,79.077189,0.911702,59.951040,54.899689,warning
74.361522,214.889181,81.762286,0.903925,59.982897,50.187131,warning
113.514807,241.026432,119.814938,0.851701,59.921391,64.161289,critical
84.546784,234.946991,89.273952,0.899522,60.061457,48.617078,warning
38.999838,231.330181,42.801986,0.951267,59.957556,43.242124,normal
85.660695,243.276180,94.967585,0.845595,59.840382,77.374802,critical
74.616304,237.031200,82.879072,0.915535,60.064975,55.506105,warning
66.802938,229.972710,65.267665,0.992801,59.991231,46.423655,normal
78.497918,213.236727,78.952140,0.928559,59.938760,47.862557,warning
95.443291,243.721933,91.261584,0.836815,60.204117,70.197415,critical
104.330213,206.165688,112.300193,0.883444,60.019873,59.729686,critical
51.189021,222.207122,46.445941,0.954277,60.035666,41.926878,normal
96.750523,204.300680,87.611571,0.794199,59.855828,72.269542,critical
47.900301,224.533987,53.692572,0.948011,59.991883,37.289992,normal
62.152343,226.388098,55.287473,0.939622,60.029779,42.331979,normal
81.852567,239.947523,76.832288,0.938788,60.085323,64.183997,warning
78.960633,226.772129,76.998505,0.883756,59.861911,55.181916,warning
50.683094,223.432155,51.481853,0.965352,60.007416,40.843644,normal
73.572324,220.981969,76.045247,0.929623,59.999038,45.911518,warning
59.435134,229.206410,53.120364,0.969458,60.014947,33.556329,normal
86.199533,203.883693,101.231732,0.944451,59.861298,49.975979,warning
58.535958,230.621438,59.197875,0.965970,59.969025,39.113562,normal
58.459397,228.434456,61.371562,0.949179,60.010750,46.121906,normal
58.061109,223.787827,61.192833,0.948231,59.957149,37.581082,normal
61.523332,222.566864,56.254663,0.991529,59.986327,45.258870,normal
85.552797,213.583096,91.584861,0.921644,60.052709,54.942973,warning
92.532207,235.777206,95.666324,0.900971,59.995957,49.727255,warning
52.287092,229.284306,55.390292,0.967594,59.965487,38.149193,normal
79.015864,217.727466,84.915838,0.904330,60.034094,53.051538,warning
53.480757,223.909968,53.075191,0.945647,59.977882,41.563663,normal
43.871741,226.933371,42.364627,0.975228,59.971808,37.553872,normal
60.181330,230.971566,64.557836,0.963262,60.003783,33.454813,normal
89.565824,212.787851,103.779211,0.848131,60.337807,67.522077,critical
54.366185,235.532130,48.557525,0.961930,59.979730,39.632734,normal
68.071444,225.449339,74.042328,0.955947,59.996300,36.741652,normal
85.305361,207.350801,86.135757,0.892598,60.024809,53.190491,warning
77.863565,225.730961,83.118643,0.863041,59.788030,52.410659,warning
71.426743,212.614895,68.550812,0.880640,60.176100,44.156461,warning
67.286407,226.825167,75.562106,0.976718,60.013020,34.844565,normal
40.221545,227.829375,38.745708,0.978682,60.013906,38.188617,normal
91.071506,219.903420,88.327797,0.929685,60.024147,55.649576,warning
54.720256,232.018769,55.986056,0.977256,60.034114,39.193079,normal
80.311001,234.334091,79.363249,0.954923,60.162823,49.204541,warning
52.346765,230.063396,50.578498,0.973947,60.006366,34.503906,normal
76.949575,236.220142,84.522327,0.882946,59.991313,45.394947,warning
58.114546,228.896738,59.419692,0.952374,60.011746,37.142238,normal
100.909426,252.471143,99.224028,0.858845,59.860245,74.355075,critical
91.833428,223.132948,90.404424,0.904172,60.074166,45.502811,warning
84.984307,210.520292,87.598040,0.909769,60.052428,63.400443,warning
106.473302,211.669899,112.709874,0.798999,60.231436,65.714399,critical
43.155631,220.345434,46.107954,0.972972,59.988879,43.922356,normal
65.874195,207.865143,68.008763,0.906147,59.978182,54.429594,warning
103.469874,209.057598,108.843696,0.880404,60.329517,66.673601,critical
78.432694,228.694630,81.804852,0.946064,59.992066,57.534458,warning
69.589017,228.646777,68.627451,0.959161,60.005087,37.182103,normal
37.518651,229.714817,33.820853,0.980490,59.994590,38.650005,normal
81.802842,235.262101,82.712134,0.896810,59.973517,51.666542,warning
78.111158,209.622017,72.568820,0.913628,60.238459,56.104699,warning
44.714925,228.691917,38.534106,0.948503,59.934326,36.058976,normal
73.478177,237.749144,70.244593,0.912881,60.052243,49.121367,warning
88.255951,211.005486,84.564594,0.908640,60.059222,58.772719,warning
89.041038,227.390823,94.537287,0.937532,59.965978,54.302293,warning
98.320402,240.943664,104.433407,0.858304,59.953896,66.966187,critical
79.796247,217.313024,83.075630,0.907725,60.135187,55.101071,warning
102.586630,247.768300,114.790805,0.850083,59.929482,66.085995,critical
44.981567,235.526434,36.596922,0.961038,60.003972,32.435026,normal
38.675393,231.597104,36.117929,0.966725,60.010558,42.057168,normal
51.261700,226.903969,51.281772,0.993300,60.012897,35.999142,normal
72.338751,220.870263,69.059514,0.933080,59.975026,54.612670,warning
87.983688,208.533086,88.864532,0.805575,60.133027,73.905083,critical
60.048610,228.340313,57.215865,0.948513,60.000110,49.886849,normal
105.402916,242.643777,94.280888,0.871371,59.991640,46.309216,critical
57.903548,228.232236,50.710310,0.964415,60.032153,42.266280,normal
80.199005,228.013756,80.559547,0.932378,60.009700,46.641941,warning
83.713859,240.738841,78.282207,0.920746,60.026498,57.366361,warning
79.507294,218.959349,85.106394,0.862386,59.982205,49.941169,warning
53.485090,225.456900,53.487435,0.957181,60.004944,34.270469,normal
83.977465,239.287734,84.787258,0.905170,59.986982,52.084907,warning
45.620078,228.834500,43.290127,0.980476,59.955120,31.278952,normal
55.594391,227.514865,42.006078,0.938673,59.982106,38.651396,normal
81.099203,223.612738,76.767406,0.904715,59.853121,54.359883,warning
57.475582,228.349390,62.759469,0.965220,59.983134,42.804049,normal
78.543695,224.516960,72.143984,0.884796,59.934589,53.053154,warning
100.258546,241.005870,98.548538,0.878348,59.450508,65.933555,critical
51.944552,221.828648,57.509555,0.974644,60.094443,31.774876,normal
76.962311,214.107552,75.447474,0.895183,59.962271,66.936455,warning
107.184334,241.297590,99.295661,0.879842,59.726959,61.126112,critical
54.051707,232.023254,56.410255,0.959070,59.997595,42.605635,normal
61.571133,231.328410,60.110171,0.958937,59.997097,40.201815,normal
39.533560,231.732459,41.861996,0.984679,60.007245,38.908144,normal
49.266340,233.648790,50.496632,0.991863,59.995500,32.314982,normal
57.531809,226.501266,62.625494,0.958470,60.002463,39.103727,normal
50.869323,227.777945,54.986594,0.975743,60.009343,44.484855,normal
47.999521,225.303528,48.334808,0.981989,59.959892,38.954195,normal
80.114744,225.629166,85.565584,0.895870,59.995977,63.817091,warning
83.674430,224.287099,90.488321,0.884645,59.873714,50.776694,warning
85.725535,222.035239,94.428067,0.867256,59.996030,51.284458,warning
68.255835,229.944408,67.813749,0.975988,59.964377,43.055666,normal
106.561825,246.469965,114.322700,0.837466,59.845183,70.169602,critical
76.966521,214.271845,72.997847,0.917219,59.907658,49.853783,warning
58.470177,209.646404,57.421446,0.935320,59.976359,48.004977,warning
44.643538,229.721851,40.812000,0.983512,60.018343,42.033542,normal
58.504814,225.254473,53.345927,0.982553,59.965488,39.028022,normal
41.034955,230.474653,34.848791,0.969368,60.009366,39.675099,normal
63.501432,230.578732,68.987415,0.973155,60.011716,44.426090,normal
67.149117,239.097578,65.279313,0.899341,60.038916,44.364049,warning
68.332188,226.725764,65.574981,0.965647,59.946786,41.339987,normal
50.860738,226.262102,59.725092,0.958896,59.982500,39.701967,normal
85.201632,239.177067,81.297116,0.923609,60.001832,53.218909,warning
71.416098,212.878109,73.989863,0.895858,60.066969,53.603065,warning
53.198542,234.100299,56.612565,0.971504,60.019530,39.175849,normal
54.521556,233.617196,58.543442,0.940609,60.006257,39.172964,normal
101.327632,202.186230,106.140066,0.868904,59.770059,54.848910,critical
85.374542,225.706262,82.582515,0.960807,60.008938,54.895583,warning
103.870388,211.343908,108.753675,0.775059,60.258442,61.166681,critical
49.956349,225.207928,44.879521,0.974800,59.963832,38.747175,normal
82.959659,218.741007,67.311807,0.918002,59.874331,49.398531,warning
92.378653,245.421495,100.770492,0.816156,60.136258,66.669632,critical
94.961705,214.146955,104.769597,0.846812,59.930656,63.039990,critical
48.339932,233.359187,53.730569,0.965959,59.945705,40.348156,normal
82.188608,221.712641,86.553502,0.912451,59.897164,56.061216,warning
75.645827,208.057720,81.614950,0.878825,60.075639,51.000361,warning
51.311371,225.831562,53.666586,0.948696,60.028509,40.107951,normal
75.029907,216.910757,85.520523,0.898524,59.988951,58.353643,warning
78.441045,213.277255,80.300012,0.935426,60.035196,55.470250,warning
97.165419,214.149867,94.839988,0.893181,59.964708,46.352769,warning
105.710484,217.143123,104.653181,0.898705,59.632276,76.682661,critical
66.870798,209.969763,61.899661,0.903208,59.974381,53.665405,warning
64.096251,223.971777,67.335726,0.961057,60.017605,34.671544,normal
96.395373,197.256255,99.876073,0.815535,60.024735,65.696729,critical
82.997194,225.551414,82.708930,0.929447,60.046009,58.060893,warning
71.628121,207.570771,71.738750,0.918946,60.002573,45.478938,warning
57.148367,228.258177,63.720082,0.994751,60.011977,38.392476,normal
56.661030,225.270510,48.375091,0.970064,59.963114,34.817478,normal
69.810599,229.368093,57.877883,0.963105,59.954241,37.316138,normal
48.512956,225.857730,46.711478,0.963609,60.053748,32.997731,normal
50.889033,225.462846,50.981969,0.958570,59.953209,44.204421,normal
85.088694,238.239205,85.412197,0.895765,60.124333,53.596341,warning
57.955259,229.844993,50.653517,0.968663,60.032800,34.962757,normal
71.750890,229.530228,62.670623,0.969886,60.058742,37.789092,normal
99.413503,194.942495,108.337413,0.799499,60.127474,67.472995,critical
110.559113,204.055259,133.779808,0.807124,59.853657,70.674589,critical
54.134980,227.986064,51.711457,0.950005,60.000868,29.793104,normal
54.341842,230.521843,54.660086,0.953241,59.948658,36.678926,normal
100.609256,240.740833,106.363153,0.838669,60.003354,62.923141,critical
65.381235,230.967849,64.463734,0.944968,60.056645,42.922618,normal
41.691640,225.969071,39.471046,0.956942,59.983163,40.737331,normal
66.105075,233.085140,64.611244,0.958691,59.933152,39.892721,normal
91.914511,243.357701,92.648057,0.840267,60.053023,53.812212,critical
69.265247,222.634231,73.330458,0.901470,59.749535,50.796153,warning
50.221382,225.284046,46.412869,0.971553,59.961703,42.133732,normal
83.658167,228.313447,88.431310,0.945772,59.990041,50.054504,warning
87.461220,221.690557,88.696227,0.872956,60.049904,55.916475,warning
99.743222,220.505617,94.977096,0.920719,59.997121,48.355593,warning
77.814012,215.702566,89.638130,0.890079,59.857784,51.412677,warning
88.831954,211.753519,82.753762,0.864730,60.071830,72.953036,critical
43.514898,228.049006,40.420130,0.959149,59.972527,42.901074,normal
50.884574,232.424950,47.087620,0.984290,60.091561,48.802496,normal
62.693781,230.936994,58.284911,0.969535,59.981180,40.965304,normal
119.470224,203.823571,125.520015,0.784936,59.840385,78.304198,critical
62.368547,227.544168,64.396667,0.949492,59.987028,35.755167,normal
70.395295,224.591685,78.532292,0.925290,59.973600,48.379698,warning
52.912231,227.529348,44.974722,0.972339,60.067894,33.570428,normal
53.044152,228.790439,52.162173,0.971892,60.025015,42.628970,normal
49.049077,220.686348,48.668816,0.995613,59.989027,45.980752,normal
55.491392,228.027003,62.574644,0.957326,60.025019,31.698945,normal
61.953996,228.547705,58.021317,0.991535,59.987104,42.069475,normal
50.696346,229.938241,46.241369,0.956951,60.025722,37.444248,normal
94.662258,214.343220,95.810194,0.834198,60.129930,66.759112,critical
65.442048,228.728237,57.149899,0.948470,59.996780,36.721969,normal
40.072744,226.181907,32.593477,0.974042,60.042655,36.884540,normal
99.630352,197.100314,116.071277,0.854698,59.884418,70.808942,critical
76.011609,214.451982,72.826077,0.911964,59.991469,56.118245,warning
62.847079,230.501121,59.472257,0.968580,59.988356,41.361363,normal
56.136514,230.671964,53.943884,0.969648,59.993595,47.058510,normal
54.126999,228.152634,52.332113,0.994398,60.058679,35.791504,normal
53.099608,229.841697,54.930065,0.963437,59.965708,34.909277,normal
97.802440,212.734000,109.531458,0.803325,59.822741,75.063510,critical
104.500559,201.500772,99.120711,0.791546,60.311684,65.380157,critical
70.261150,240.261860,69.779502,0.914698,59.874914,50.204847,warning
95.556037,189.341770,109.636802,0.748231,59.988892,64.866705,critical
100.322077,199.398379,102.386357,0.848499,60.291755,68.988012,critical
45.398748,227.803059,45.510162,0.968328,60.025182,41.199133,normal
81.236781,218.275884,77.861674,0.878781,60.047186,44.368885,warning
55.543386,224.985837,56.769503,0.968343,59.946900,32.260805,normal
96.258169,243.623114,93.155205,0.800017,59.970439,72.247368,critical
86.922448,215.155480,88.126074,0.911243,59.895604,48.156187,warning
59.102290,231.946788,66.026215,0.965376,60.020354,31.320550,normal
82.614033,221.316393,77.025492,0.872928,60.128411,58.247312,warning
85.575217,231.840158,88.967080,0.931671,59.970109,45.819534,warning
103.081730,206.556588,103.848686,0.842922,59.691687,58.533297,critical
43.866811,226.341355,34.838156,0.965250,59.979247,40.994926,normal
55.856190,228.445733,59.674184,0.970478,59.981247,31.778639,normal
88.246866,247.206421,96.921384,0.846010,59.895708,56.999408,critical
90.180034,217.868629,87.634239,0.881321,60.051709,53.683845,warning
71.753520,215.188840,75.692147,0.932371,60.041714,44.607683,warning
109.041747,193.872419,114.703785,0.847361,59.918058,62.934357,critical
58.833693,228.309602,59.799146,0.944305,59.965486,46.453929,normal
71.592714,225.512625,64.386851,0.959637,60.010956,35.210397,normal
62.198481,225.926582,58.660899,0.951785,60.024317,35.191077,normal
78.784284,206.800541,85.313619,0.906108,60.012936,57.272562,warning
44.277815,235.714399,46.728823,0.970443,60.026005,44.871739,normal
81.466540,240.115414,79.542886,0.894472,60.067477,51.465093,warning
70.734490,213.615135,68.536822,0.892102,60.103030,62.663613,warning
83.013053,205.673782,81.305842,0.950727,59.923846,50.646839,warning
63.870064,230.955959,70.953104,0.965748,59.971860,39.292092,normal
40.351735,229.823126,38.393852,0.962816,59.994681,40.477012,normal
45.740566,223.686865,49.288536,0.971652,60.026212,47.457520,normal
55.252890,229.541578,60.215441,0.990118,59.997772,38.190277,normal
70.969112,211.396921,76.867644,0.954418,59.952240,49.402032,warning
52.933559,230.786322,57.232122,0.957397,59.931474,38.602235,normal
62.812967,225.101172,57.281462,0.973529,60.057946,46.565922,normal
58.930967,226.494388,61.182031,0.966571,59.956669,36.029067,normal
78.543298,229.431504,70.444977,0.917011,59.783642,47.964025,warning
65.764796,212.771415,75.175567,0.935088,60.176048,43.722182,warning
39.694171,228.691201,41.455629,0.956694,60.054193,41.646311,normal
63.592108,228.698689,67.466016,0.944454,60.014083,35.666742,normal
48.030127,231.277246,42.860309,0.964039,59.987760,39.867860,normal
50.138742,222.509842,45.920410,0.967908,60.008120,37.928806,normal
85.554460,239.514735,75.878951,0.943755,60.042542,60.783074,warning
52.680373,222.906672,59.156505,0.983576,59.937962,35.857401,normal
99.029114,208.366018,109.577006,0.857006,59.878625,73.700192,critical
91.084872,241.050754,93.219211,0.931553,60.094616,53.116176,warning
66.041632,221.059820,63.204243,0.976352,59.927612,38.221558,normal
84.522317,229.426788,79.758482,0.884751,59.879430,53.115417,warning
106.983498,196.758931,115.259891,0.847220,60.105251,60.107322,critical
31.100160,223.527753,25.319781,0.946811,60.051144,38.223201,normal
47.299085,235.167629,47.615507,0.942464,59.980298,39.049732,normal
82.176924,230.195087,89.179872,0.909678,59.843942,39.926432,warning
68.738218,213.691474,76.020754,0.906265,59.960284,39.071618,warning
46.704618,228.429287,46.465078,0.965473,60.019716,38.620901,normal
58.727929,222.928477,55.244610,0.944118,59.985971,35.007655,normal
56.997311,229.144379,49.383051,0.957286,59.999112,37.093904,normal
98.358835,204.143771,95.711660,0.846971,59.797197,68.456057,critical
104.731035,243.941852,102.104021,0.830790,59.745416,77.051202,critical
80.680275,215.877851,83.425302,0.951179,59.950749,49.019414,warning
89.459555,231.549104,77.977217,0.927612,60.088774,42.982681,warning
57.717060,227.606904,60.667918,0.949301,59.970591,42.728916,normal
79.872434,215.207462,92.996169,0.919639,59.896141,50.852624,warning
60.601308,227.673784,59.697287,0.943910,60.014056,44.101473,normal
74.953872,232.198712,76.399394,0.952870,59.911578,57.346294,warning
62.010882,225.876490,65.310943,0.949408,59.956540,37.628091,normal
84.586824,241.325071,85.646379,0.969971,60.189535,48.095540,warning
82.227619,220.730577,85.534376,0.908936,60.007441,51.760898,warning
78.491073,219.131526,89.146713,0.930197,60.078377,48.827333,warning
85.677933,222.779520,87.076831,0.889932,60.043143,49.715531,warning
57.920607,223.942537,60.695435,0.956586,60.006494,38.212048,normal
49.360536,228.566544,44.110182,0.966119,60.041279,32.239005,normal
85.883835,221.073645,96.262631,0.890982,60.067414,49.559975,warning
89.636703,211.507716,96.845703,0.763553,60.057411,70.821581,critical
102.861472,214.402229,108.167884,0.769858,60.233896,74.430996,critical
59.555138,229.402852,62.542063,0.988106,60.002935,42.291921,normal
63.252989,229.671027,58.151088,0.970941,60.004722,42.283367,normal
114.167826,213.910284,104.901873,0.845484,60.177995,67.076064,critical
81.183460,211.563214,80.743555,0.926691,60.091369,55.399061,warning
47.291639,227.530037,48.314713,0.968983,59.961736,42.213691,normal
104.890547,204.289059,105.201308,0.823816,59.745282,65.243033,critical
84.748425,217.099092,83.342289,0.896074,59.989169,46.498464,warning
80.444968,223.179588,78.223551,0.924415,59.999427,49.516384,warning
74.301580,208.888815,72.188645,0.884573,60.249430,49.973732,warning
53.660538,230.112371,62.643619,0.948062,59.980137,40.005523,normal
105.624120,195.640923,99.184032,0.817890,60.138043,70.578783,critical
55.488818,221.431079,54.559873,0.982140,60.013762,33.509922,normal
44.827310,227.066645,41.452535,0.966065,59.950816,38.651765,normal
51.303915,228.779468,57.009805,0.965221,59.982093,41.677269,normal
75.504676,219.415377,79.666559,0.924987,60.106323,60.675724,warning
103.072977,246.266966,107.858487,0.769040,59.755777,70.278019,critical
54.677138,230.150675,65.041881,0.949881,60.048486,41.406658,normal
74.684737,239.926520,76.733855,0.900746,60.049340,55.780074,warning
74.295754,231.516369,71.981076,0.978012,59.990043,43.146291,normal
68.586517,222.417509,72.182396,0.915425,59.933968,54.658571,warning
101.980325,202.036616,91.997585,0.805361,59.889647,50.562965,critical
83.260501,228.854383,79.552048,0.873897,60.140019,46.589426,warning
106.684352,246.176596,110.861078,0.734877,60.091069,74.568836,critical
101.344427,205.237981,104.509364,0.844837,59.835327,67.274354,critical
55.110803,225.983774,61.906609,0.971845,60.013773,36.916198,normal
92.490360,211.935336,96.914168,0.946996,60.025055,65.043429,warning
96.379911,202.344166,91.644149,0.852350,60.316531,55.205324,critical
80.168705,237.980713,84.309974,0.889428,59.939858,50.731620,warning
68.655658,221.961328,59.769267,0.932258,60.147379,52.459218,warning
82.320798,211.538115,79.278670,0.937771,60.038612,55.672744,warning
81.446795,221.544540,96.542840,0.907275,60.033089,54.579763,warning
48.800293,225.655386,51.567431,0.983077,59.991044,43.888939,normal
49.475486,227.997432,54.291748,0.947383,59.974145,36.921431,normal
111.627615,195.291888,107.562608,0.850962,59.673539,59.458291,critical
42.079946,233.675449,40.838933,0.949770,60.066516,37.146522,normal
85.235525,238.989102,93.906060,0.935340,59.912006,49.417663,warning
81.069315,210.658833,92.297775,0.900892,60.094794,51.496094,warning
55.867003,232.971059,56.212078,0.968740,59.988681,36.925036,normal
66.751310,214.983804,70.692071,0.898063,59.924490,58.312379,warning
84.740822,221.931893,80.525409,0.965294,59.900624,52.891647,warning
67.060518,221.989837,62.764612,0.964912,59.996466,35.154761,normal
77.864831,216.514186,80.173364,0.914189,60.055206,48.055630,warning
42.566284,223.032387,40.785227,0.962317,59.978572,42.555844,normal
53.608733,231.782498,56.076549,0.964909,59.937514,39.498335,normal
82.771512,237.923598,83.341109,0.903535,60.065781,51.725835,warning
65.675243,233.129128,63.385359,0.962215,59.944897,32.008776,normal
77.869258,229.833018,83.505345,0.898730,59.994509,58.453502,warning
92.958543,214.223675,93.479359,0.928218,60.026587,48.634910,warning
82.155853,213.942212,76.718459,0.903442,60.149851,48.267490,warning
104.985542,202.161444,117.116077,0.817459,59.967590,67.566166,critical
101.852605,214.693049,95.425071,0.842130,59.891236,65.899772,critical
46.900786,229.197781,49.280389,0.948927,59.961849,40.631646,normal
65.593843,226.425800,66.736313,0.985585,60.066645,34.284822,normal
81.087755,239.961602,84.172288,0.902608,59.997256,50.775285,warning
90.599808,241.082487,102.442625,0.938664,59.982273,56.101733,warning
88.819425,215.611870,87.447323,0.843420,59.989975,64.802466,critical
73.413563,208.947888,79.691158,0.915971,60.075705,51.444343,warning
82.044014,221.185081,80.123748,0.889893,59.924241,44.523207,warning
55.628894,216.906293,67.704920,0.944492,60.021285,38.226796,normal
84.606753,214.953168,93.151510,0.898029,59.940936,52.497697,warning
80.596036,229.281570,82.668413,0.921792,60.045483,55.572048,warning
69.086996,227.750697,62.705273,0.976869,60.002295,37.426002,normal
93.022239,203.749696,104.834203,0.809811,59.898835,62.624900,critical
53.702682,227.112327,58.527795,0.966381,59.991104,38.105529,normal
48.759464,231.083826,51.828606,0.967764,59.975858,40.290791,normal
53.524547,230.760134,58.729691,0.948685,59.970604,43.482535,normal
90.933091,225.487241,95.875701,0.908004,59.982165,47.188745,warning
58.044611,223.693417,67.150592,0.960272,59.975167,39.192356,normal
73.758397,236.575898,81.880359,0.897802,59.923341,47.255638,warning
60.451873,228.181441,50.324097,0.983781,60.030631,43.061996,normal
100.411555,243.712950,93.964447,0.840785,60.019059,63.555568,critical
91.277458,220.492622,91.290257,0.914718,59.884699,55.485887,warning
45.702952,225.352987,43.149258,0.974967,60.051235,47.038338,normal
44.803942,232.048899,44.041672,0.944343,60.005253,36.375919,normal
59.669060,226.070648,56.783486,0.939585,59.972430,40.633201,normal
78.689145,217.699041,81.943801,0.957033,59.878182,56.957297,warning
67.567773,233.114606,64.610851,0.977662,59.994447,38.779460,normal
69.886164,242.536100,73.888344,0.915887,59.964064,56.623679,warning
56.052915,224.033340,53.579438,0.931867,59.960430,34.922608,normal
56.558349,226.691101,61.336662,0.971576,59.987269,41.576246,normal
85.097438,222.151669,90.234866,0.918902,59.952920,49.720339,warning
102.333180,243.682496,105.789752,0.727946,59.741760,63.896286,critical
50.381185,227.778919,47.540498,0.974742,59.972132,43.049420,normal
94.596213,240.451463,90.581019,0.951506,60.079649,51.154380,warning
96.869832,237.720662,103.523863,0.818266,59.953944,72.844462,critical
90.882293,222.780960,85.547379,0.882770,59.974014,38.382728,warning
76.801923,220.515559,78.023053,0.915274,59.899045,54.760184,warning
52.981940,225.507621,54.689804,0.978817,59.990757,33.350761,normal
88.110652,238.297908,93.620018,0.886017,60.021981,48.885841,warning
86.515114,207.323783,90.255397,0.919183,59.957817,46.185681,warning
86.814749,217.906119,89.784496,0.947092,59.865452,41.471777,warning
99.645942,208.993703,102.330039,0.826500,59.557714,53.229285,critical
78.506941,218.344949,79.287891,0.919832,59.979899,50.863734,warning
63.946085,228.496166,60.533032,0.937053,59.956824,32.452475,normal
76.990656,216.018128,84.180315,0.856927,59.967531,46.829498,warning
52.361254,226.367933,61.528198,0.965770,59.993602,46.145988,normal
56.563768,224.499799,55.444411,0.980877,59.966948,34.232634,normal
59.661025,230.004616,54.649257,0.960151,59.980444,44.881529,normal
38.637363,226.990795,38.606574,0.949841,60.026053,35.585707,normal
55.578032,223.649694,44.540385,0.969304,60.039086,31.559691,normal
77.901525,219.999222,80.352461,0.883070,59.963097,53.297016,warning
72.876452,236.791983,74.941888,0.949953,59.961593,44.718473,warning
90.498249,241.055695,102.971008,0.876028,60.219323,72.477485,critical
37.037014,229.435577,36.783173,0.961249,60.014613,43.305304,normal
103.818145,198.641794,109.952340,0.888643,59.993659,52.984345,critical
65.245733,225.042512,73.340538,0.977217,59.962134,41.489186,normal
75.730247,240.222634,70.833192,0.916314,60.072253,55.162838,warning
73.646503,226.553938,62.691245,0.905161,59.998964,45.845622,warning
99.761576,201.541753,97.081467,0.856381,59.837010,75.872471,critical
102.563740,204.849379,104.322037,0.836001,59.894604,57.838896,critical
63.762220,229.967089,71.337013,0.984956,59.982437,37.116739,normal
39.456029,226.970053,41.776586,0.975663,59.866384,42.268422,normal
42.135302,227.069299,44.694025,0.959703,60.058986,44.695128,normal
44.621249,227.195060,50.209273,0.971025,60.052584,43.981840,normal
95.286917,241.298742,97.401195,0.820925,59.842770,70.458470,critical
108.167042,204.038167,120.573645,0.879944,59.882299,71.959126,critical
73.501208,211.295587,77.901526,0.934877,59.926739,56.855113,warning
50.612174,235.867048,46.811956,0.957429,59.997675,43.035925,normal
75.679880,223.354031,74.071039,0.858014,59.976476,51.121865,warning
51.998122,228.751466,57.026142,0.987765,60.021212,37.082783,normal
84.093486,223.582993,77.320664,0.928065,60.005089,51.141907,warning
94.879770,197.507949,101.487388,0.864922,59.875740,75.968537,critical
69.351273,218.228145,75.580286,0.930276,59.908101,45.317403,warning
107.830552,209.581219,109.603337,0.799614,60.154568,66.873107,critical
94.587770,201.777842,105.283774,0.860291,59.879549,71.079730,critical
84.170237,216.815431,82.906581,0.871020,59.873431,46.223900,warning
48.813837,224.002266,48.779341,0.964906,60.006620,37.980258,normal
98.876934,202.078492,96.783854,0.806813,60.113344,57.256594,critical
59.043630,229.554048,58.434454,0.967177,59.967397,35.742086,normal
60.697949,219.535221,63.653670,0.963675,60.073411,40.269413,normal
45.881453,226.648131,41.364130,0.959076,60.006894,40.813635,normal
50.881540,233.669525,48.183061,0.981490,59.960156,43.147805,normal
64.307611,221.994110,57.928330,0.969350,60.019389,42.177746,normal
75.597836,212.714122,80.940013,0.919039,60.023402,41.003255,warning
112.174922,202.330487,127.058527,0.800203,59.877293,64.539646,critical
81.850053,213.004720,82.377335,0.901373,59.810737,48.667212,warning
87.909647,212.679941,87.777318,0.923043,60.031531,52.559171,warning
48.402014,225.416296,43.358486,0.963357,59.965439,41.653767,normal
101.296355,189.534051,113.458630,0.856086,60.206002,63.111136,critical
107.357887,244.592121,101.914320,0.820531,59.904668,59.587058,critical
90.032577,199.891989,90.962604,0.854946,60.007142,61.642818,critical
55.262145,228.293192,54.059258,0.981692,60.038258,42.450149,normal
47.967545,229.674960,50.366422,0.964560,60.006049,40.779399,normal
72.989460,222.501339,71.263334,0.919642,59.981561,56.945020,warning
40.138880,226.719055,43.379555,0.967534,59.985878,30.673477,normal
60.581774,222.902773,58.227838,0.995749,59.962078,43.195899,normal
67.196341,229.584809,67.404575,0.953118,60.026784,40.255635,normal
81.908696,224.235232,97.712509,0.962739,60.065965,50.078199,warning
51.137784,219.212732,46.193194,0.963080,59.977341,37.495976,normal
54.245598,224.709994,47.039895,0.953999,59.927465,35.456904,normal
104.538851,201.105653,106.045731,0.859411,60.023558,70.660724,critical
65.099844,229.089658,67.511812,0.976578,60.012862,41.403041,normal
78.967906,219.564282,83.584443,0.892148,59.932912,54.618142,warning
68.130666,226.865302,64.533114,0.991771,59.981424,38.706981,normal
95.454080,214.311965,101.180765,0.873443,59.709026,76.840910,critical
63.415926,227.462442,59.906372,0.988774,59.954777,34.310223,normal
76.933397,229.256360,79.011681,0.856349,60.039856,47.846695,warning
57.812659,229.891372,52.770495,1.000000,59.982066,40.712571,normal
56.989228,226.915502,57.075821,0.935255,59.980329,35.173346,normal
46.950118,227.927549,55.188095,0.969390,59.931854,44.279685,normal
43.407233,232.308666,53.235788,0.938897,59.949922,35.755876,normal
111.088162,202.294509,115.661256,0.794709,59.938036,63.268621,critical
85.448643,219.469294,90.282615,0.905764,60.002023,52.489532,warning
104.307845,243.271688,111.172469,0.795173,59.909624,75.021456,critical
68.301897,231.600832,63.112246,0.985436,60.038194,38.309285,normal
75.890052,224.879717,69.448466,0.904453,59.959749,52.169569,warning
49.789766,225.274329,55.124891,0.956762,60.008332,42.377291,normal
82.502581,217.628016,86.240387,0.884230,60.010898,55.073519,warning
64.861443,227.570656,65.363401,0.953568,60.043735,33.152242,normal
53.227641,229.493173,50.919769,0.969454,60.013540,35.808509,normal
46.536863,229.981783,54.619989,0.997550,59.943677,35.855735,normal
62.986181,222.617667,61.980425,0.962574,60.042772,43.687005,normal
51.222217,226.836439,43.070325,1.000000,60.032428,37.242397,normal
40.455663,226.843167,45.755396,0.966928,59.993697,38.935028,normal
59.033131,227.082816,61.724459,0.994961,60.028170,43.970896,normal
99.948712,196.670230,101.802771,0.730658,59.596461,59.068174,critical
82.449555,209.363668,84.149846,0.943107,60.091480,45.271230,warning
84.783844,238.329326,83.721712,0.862446,59.974332,47.175565,warning
59.982014,223.419218,43.584683,0.968386,59.943178,37.956016,normal
47.495389,222.428522,52.050579,0.992283,59.995741,44.847948,normal
101.614069,213.585271,119.230454,0.810818,60.016054,54.740089,critical
85.704054,227.682994,81.256598,0.910879,60.033485,42.756316,warning
46.762893,226.121026,48.983185,1.000000,60.034147,39.769164,normal
45.662060,229.616242,44.766403,0.962840,59.966814,40.019631,normal
49.679793,227.967269,46.241041,0.975007,60.045538,38.303718,normal
80.483973,217.089879,81.001979,0.917686,60.000199,52.892759,warning
110.875879,203.128408,121.412653,0.907645,59.698026,63.289453,critical
43.337736,227.797521,44.510155,0.951733,60.019940,31.182434,normal
53.902189,231.136239,50.029244,0.955193,59.992074,41.333745,normal
92.091158,223.935169,87.770652,0.937178,60.093042,62.228172,warning
85.634304,219.702770,92.841425,0.896147,59.953146,58.573243,warning
117.389282,241.967748,114.042009,0.835622,60.016489,54.710270,critical
86.720406,216.757698,91.267359,0.910568,60.059829,39.998421,warning
82.735065,210.723915,89.950016,0.911381,60.086264,51.100332,warning
90.611525,248.015132,98.269308,0.763199,60.151909,59.074477,critical
48.962117,228.052778,50.584909,0.980549,60.020468,36.215666,normal
63.565634,233.295874,57.402003,0.959655,60.032399,37.701444,normal
90.380758,204.800802,95.438615,0.853716,60.368352,63.625468,critical
54.996395,234.334620,53.636401,0.961593,59.996445,38.124833,normal
43.028378,227.368907,38.557419,0.970662,60.008124,38.020827,normal
105.385010,239.077611,98.810784,0.847811,59.788531,57.733816,critical
57.537324,232.190665,50.732063,0.955077,59.994308,32.422401,normal
69.061277,233.823913,78.143141,0.944024,59.966354,42.104659,normal
55.425398,227.449090,61.601696,0.958242,60.085692,39.356077,normal
95.236727,241.533133,101.486401,0.819275,60.114223,64.707634,critical
67.565999,221.649208,74.868419,0.966657,60.038704,39.489576,normal
77.068952,240.722055,78.814371,0.910927,60.005080,47.339974,warning
94.363982,217.006158,105.938259,0.854136,60.189640,56.711669,critical
64.134448,231.387980,64.549693,0.987420,59.956435,39.914664,normal
50.259016,226.989487,51.890333,0.949757,60.024797,38.374941,normal
41.118830,227.986038,41.013743,0.971475,59.996050,39.705555,normal
73.723102,213.631608,79.782810,0.980164,59.997262,44.712474,warning
72.279667,219.125282,77.428340,0.899383,59.869301,57.702923,warning
67.026081,233.814016,71.259995,0.944941,59.926125,45.591806,normal
49.449085,225.950576,44.046930,0.943346,59.985361,31.150987,normal
106.710834,211.070232,105.610943,0.840053,60.222454,59.035577,critical
56.405068,228.029511,56.128846,0.988637,60.014169,43.477500,normal
110.292430,209.261614,119.160455,0.850859,59.795448,64.446765,critical
100.590737,217.355283,103.635344,0.850615,59.690838,65.170650,critical
70.085059,239.705853,69.537107,0.894658,60.022184,56.169076,warning
75.918629,219.551418,83.802918,0.915294,59.962312,48.126122,warning
80.378510,205.617810,84.072197,0.896675,59.967220,43.800894,warning
47.826692,224.128720,45.265674,0.932515,60.009103,43.330108,normal
52.002907,228.020236,54.477493,0.946376,59.974715,42.198891,normal
77.182460,207.611007,81.927908,0.940544,60.059904,51.583703,warning
81.562293,241.466615,82.244349,0.940155,60.073209,49.877184,warning
93.237852,213.209229,88.479561,0.913047,60.063489,51.695860,warning
58.976822,224.830931,69.489522,0.989857,60.059215,35.491885,normal
56.695195,230.943832,52.410532,0.958238,59.936135,38.661653,normal
80.867337,214.752203,84.563494,0.913452,60.068672,49.671698,warning
102.027837,198.551985,102.141773,0.865956,59.962000,72.789534,critical
80.595690,240.692533,88.958756,0.886232,59.875413,52.779516,warning
102.363263,201.361004,112.446692,0.790345,60.218751,70.192926,critical
103.866868,244.401472,102.703737,0.801424,60.527390,67.197674,critical
58.081344,224.839091,59.985963,0.965468,60.049828,42.538602,normal
66.250823,227.682340,73.220144,0.981782,59.924302,42.119101,normal
41.575367,224.933253,42.686088,0.968662,60.030361,40.299082,normal
71.778975,227.067393,75.661918,0.943851,59.973397,38.940146,normal
59.540367,234.547321,61.860831,0.974068,60.050980,42.648435,normal
60.308461,229.932422,61.332860,0.970500,60.005951,36.819119,normal
97.230656,218.312942,93.731543,0.836801,59.893140,68.005137,critical
104.800326,212.774796,109.164343,0.845148,60.389454,60.276777,critical
52.301278,229.020604,47.814243,0.949983,59.972942,46.235597,normal
87.889822,223.092714,84.294644,0.906762,60.190348,45.094050,warning
59.505196,225.813514,54.975060,0.958514,60.007133,46.813791,normal
48.038508,229.710692,49.350938,0.937089,59.937546,36.889784,normal
82.269486,220.497566,86.182796,0.904358,59.989864,42.837263,warning
76.036937,211.370096,75.036082,0.908512,60.138617,55.572584,warning
100.708098,202.816380,115.180251,0.822985,59.725355,70.986395,critical
64.448058,221.319232,67.357371,0.974682,59.994473,39.143860,normal
63.651531,226.919432,59.095805,0.971727,60.024943,40.932994,normal
51.488938,235.697774,49.705953,0.935868,59.962038,34.655713,normal
42.538413,227.050972,36.003732,0.940947,59.924802,37.843396,normal
101.507310,201.008164,117.256216,0.811519,60.195217,59.908691,critical
83.076179,209.772890,83.696109,0.939980,59.921624,44.506523,warning
63.748842,228.063608,65.410684,0.984402,59.996306,31.947119,normal
51.897579,225.384127,53.420590,0.972277,59.943245,40.721273,normal
63.215421,229.119560,73.343689,0.940583,60.009077,36.434293,normal
85.064204,212.380675,80.245748,0.960747,59.882739,52.139417,warning
82.263613,240.148284,88.282368,0.956056,60.042318,43.896931,warning
61.117644,226.028187,59.301937,0.959958,60.010614,42.228365,normal
60.054786,229.506184,59.645471,0.951321,60.019049,46.881179,normal
39.855800,230.569433,40.279328,0.970929,60.004798,37.662383,normal
54.427370,225.814809,61.372061,0.981715,60.025961,38.813821,normal
63.045643,217.192948,63.836385,0.974809,60.012834,37.300656,normal
82.181486,215.994389,89.419742,0.892363,60.030263,45.347248,warning
50.338884,223.773047,44.915121,0.967506,60.010790,36.832938,normal
74.141036,225.458672,71.388503,0.951526,60.027668,52.091898,warning
92.907661,219.422078,99.693746,0.931508,60.141263,54.924026,warning
54.698418,231.753751,53.339064,0.961391,59.970784,40.821776,normal
85.785466,222.960780,95.931288,0.909957,60.036995,51.124257,warning
107.942536,240.911229,107.284044,0.804359,59.621030,63.558596,critical
73.748451,223.172760,73.505760,0.966757,59.980281,40.255707,normal
72.974782,220.544883,76.023239,0.875939,60.060158,48.707554,warning
101.977069,209.937546,111.983620,0.843364,59.807883,67.465907,critical
113.923312,191.166831,113.950764,0.812720,59.864502,69.194756,critical
52.455960,236.392744,51.588381,0.973450,59.997396,44.886427,normal
50.124319,223.555663,49.848308,0.956897,59.994292,35.242011,normal
112.413613,201.016323,116.243670,0.840045,60.121175,69.827191,critical
112.886421,205.735775,121.295226,0.823480,59.962753,69.292363,critical
76.748984,244.520156,76.411664,0.925227,60.016909,49.055427,warning
53.937624,231.487905,52.950182,0.948279,60.004552,38.375915,normal
39.229202,229.364266,40.957226,0.967529,60.031838,47.100026,normal
111.057031,205.430627,118.316946,0.784363,60.084314,66.557249,critical
62.106278,232.103877,63.875887,0.955043,60.028142,41.383724,normal
104.030104,207.913868,114.123786,0.887864,60.075253,57.162359,critical
51.633118,232.496054,49.132202,0.980380,60.063086,44.521861,normal
65.801996,208.090412,74.237571,0.879515,60.060529,50.463312,warning
54.257681,216.499373,55.237694,0.960089,60.030252,36.554693,normal
60.219278,224.753312,52.325632,0.937147,60.028267,38.848845,normal
80.375844,212.837099,71.536193,0.921600,60.092855,53.031384,warning
76.524471,216.342031,76.665490,0.948907,60.073295,56.456411,warning
80.799213,215.314635,74.931503,0.896449,60.021592,48.942107,warning
94.627735,242.224821,101.199175,0.849850,59.970836,66.584058,critical
81.071722,224.463806,80.085386,0.982241,60.010953,34.571564,normal
62.496676,229.696728,67.206233,0.965751,60.025970,39.165768,normal
55.293284,227.918882,51.218942,0.957794,59.932383,46.036459,normal
109.154833,213.385889,117.968057,0.843024,59.655177,65.190604,critical
83.680358,218.823195,77.728392,0.888535,60.004036,55.044769,warning
44.938111,225.451171,42.354071,0.979391,60.040304,39.300911,normal
87.431249,247.195264,87.396536,0.820621,60.095664,62.364090,critical
50.282348,225.352674,59.701044,0.937530,60.054951,32.095049,normal
87.266312,221.729015,78.146522,0.941202,59.983896,44.029529,warning
112.277768,215.266448,115.278038,0.853299,59.859938,60.697040,critical
102.422610,194.932075,108.151993,0.850476,59.867219,66.926559,critical
75.174884,213.051026,82.782888,0.894109,59.961786,51.862954,warning
52.622811,227.497198,54.435051,0.943601,60.017229,40.350616,normal
84.438492,217.433254,83.797625,0.959074,60.210887,51.876295,warning
98.751132,212.731539,104.093240,0.804927,60.157936,68.473172,critical
47.524831,225.939213,48.291449,0.952563,59.942836,39.937022,normal
51.810113,233.645478,57.473432,0.968122,59.990460,35.575165,normal
87.804528,218.698125,90.011640,0.920764,59.920868,50.893633,warning
50.046596,231.597965,49.624749,0.957554,60.032107,39.721134,normal
71.038348,217.375897,70.831856,0.994686,59.902943,56.746051,warning
62.358170,233.024548,50.944858,0.979727,60.043923,35.192819,normal
57.652443,220.006173,63.399026,0.989057,60.054033,41.065650,normal
73.394364,233.975534,71.133740,1.000000,59.992650,40.788037,normal
42.111895,224.978027,46.157721,0.990739,60.014949,34.518523,normal
87.964255,208.490006,87.779158,0.925300,60.088439,53.734635,warning
52.491315,228.825576,60.385530,0.989574,59.989202,44.657078,normal
55.161163,228.794151,53.090569,0.962149,59.960866,39.318059,normal
52.902507,234.748498,55.905070,0.943891,60.025190,40.309254,normal
64.356785,233.656162,55.204516,0.974930,59.988368,35.043113,normal
83.382749,210.232859,88.827092,0.884922,60.041255,53.588646,warning
57.705315,230.133076,53.337920,0.967909,59.978364,39.737345,normal
96.001661,205.345359,98.143035,0.826852,60.111359,62.549130,critical
62.830282,227.088064,57.085179,0.938149,59.966705,38.110456,normal
67.997918,233.036916,63.627047,0.965940,59.983716,40.576880,normal
62.573635,231.053849,66.839727,0.954769,60.021972,36.895599,normal
82.620697,213.879314,88.044469,0.928664,59.988858,49.592009,warning
95.395060,200.690107,91.498428,0.818176,59.815970,73.014893,critical
58.924055,223.743633,62.727124,0.983431,59.940476,40.566689,normal
50.044166,223.326365,50.886312,0.966532,59.982068,40.027128,normal
97.743114,209.912093,104.943392,0.876267,60.021844,67.324584,critical
65.343110,229.970219,56.155339,0.972393,60.008612,44.459759,normal
59.235083,230.408499,55.545823,0.943454,60.045199,37.954241,normal
66.885171,225.793221,71.598520,0.978003,59.943852,37.674816,normal
58.213957,230.067133,56.982575,0.971013,59.941713,43.161025,normal
54.567269,231.780030,60.476969,0.974790,60.017707,34.809089,normal
39.781148,226.349991,35.090470,0.968683,60.045617,31.386535,normal
55.445305,228.393506,57.285173,0.967420,60.014327,37.464429,normal
51.584397,227.516142,56.436513,0.958568,60.066041,35.007851,normal
64.360834,231.566289,66.252037,0.933616,59.991435,37.098554,normal
102.776917,244.052342,103.022100,0.849526,59.832330,64.129926,critical
105.487591,245.928429,127.252604,0.850836,59.999398,54.597613,critical
53.609216,215.924020,57.615695,0.980733,60.015834,37.520037,normal
116.321589,204.348163,123.170011,0.904871,60.231080,59.416508,critical
100.702834,216.202440,100.613124,0.831919,60.239215,62.370799,critical
79.439667,236.393999,67.239446,0.874362,59.965284,43.913322,warning
42.983287,229.367543,42.937350,0.939310,60.004720,36.825996,normal
40.485607,233.501392,43.837769,0.967359,59.975157,34.776615,normal
47.595265,225.608196,51.936127,0.955780,60.013129,41.267753,normal
85.097914,223.469669,89.845317,0.876768,59.945548,50.628033,warning
63.511531,234.064312,76.594086,0.961714,60.006563,44.293165,normal
67.468239,235.822363,65.423699,0.899039,60.064738,45.304979,warning
46.451310,225.886574,44.440141,0.979416,59.971344,37.821490,normal
96.411357,209.516661,108.559531,0.874078,59.929414,52.083637,warning
99.553431,202.983450,98.841032,0.804299,59.895566,61.301313,critical
80.996906,216.425816,85.644268,0.945949,60.025119,49.832450,warning
50.859682,231.239650,49.495688,0.955496,60.000639,37.922036,normal
103.848015,240.512785,116.757519,0.931209,59.819071,68.256545,critical
48.370360,230.610215,54.797221,0.972198,59.980790,41.061304,normal
92.125919,191.736755,98.329481,0.831546,60.197575,60.029152,critical
59.547449,233.337589,55.036063,0.975630,60.016660,33.513856,normal
60.928589,233.262301,61.091846,0.958826,60.050329,40.937419,normal
92.377593,202.572251,87.710039,0.834464,59.699745,62.611167,critical
86.478841,220.505658,84.154501,0.900973,59.996189,53.610526,warning
46.615505,230.349480,50.829926,0.979756,59.982945,38.336920,normal
58.304064,231.938360,50.812656,0.930679,59.972613,41.436998,normal
37.890124,227.281438,43.488980,0.965467,59.974134,35.473553,normal
90.558039,209.103589,89.535042,0.811713,59.855552,76.291411,critical
50.701400,227.180856,51.826079,0.966923,60.029022,35.487637,normal
84.028871,230.704041,78.254829,0.885349,59.981597,44.832412,warning
51.419264,233.260883,52.866869,0.958535,60.016996,42.474782,normal
81.615618,225.558824,91.016499,0.928061,60.038960,46.488701,warning
54.028923,226.622780,53.544475,0.952360,59.984716,44.711617,normal
76.500708,226.216756,82.216139,0.920907,60.043226,53.498464,warning
76.601859,215.997612,91.139644,0.938468,60.155147,44.416150,warning
65.657226,230.305997,57.280921,0.971994,59.975538,42.267686,normal
75.329215,219.034507,85.072645,0.956304,59.984489,48.792703,warning
100.020532,244.733614,99.445761,0.829131,59.571629,74.493629,critical
104.862110,205.646722,97.707793,0.872889,59.849158,64.318722,critical
98.642570,216.038765,105.445154,0.894395,59.964016,61.546836,critical
82.663711,214.724999,85.837360,0.889988,59.943530,55.883550,warning
55.913607,232.284129,54.001279,0.943087,59.983065,40.812668,normal
68.054343,228.617539,67.744595,0.971095,60.018436,36.458279,normal
72.806789,219.911272,71.151191,0.889247,60.023841,52.917095,warning
96.649583,210.283379,96.071451,0.856343,60.353868,69.675308,critical
57.576382,226.472889,57.504423,0.950110,60.045313,39.565029,normal
96.916923,210.239028,101.526406,0.828843,59.834506,65.263549,critical
75.116876,222.533247,80.281251,0.950803,59.804226,49.746843,warning
43.194134,225.185369,46.655328,0.954288,60.021523,43.204931,normal
116.564663,204.676106,119.306122,0.826768,59.990358,55.658581,critical
64.457138,223.314725,59.830744,0.963990,60.035732,45.498701,normal
75.507834,221.242755,85.098462,0.898387,59.877910,54.122727,warning
60.067958,224.781945,63.001106,0.944694,60.058113,45.284527,normal
89.901543,200.602979,88.713033,0.913109,60.013822,52.909641,warning
43.946751,225.504218,47.063340,0.951520,60.058269,41.235454,normal
59.871045,224.154871,66.894337,0.934465,60.001652,37.281575,normal
80.466544,216.256985,73.587108,0.951980,59.874937,64.453980,warning
60.527359,231.975616,57.177419,0.981436,59.984838,37.919247,normal
75.493699,212.580345,71.866380,0.903501,59.962332,50.715650,warning
34.433536,228.219710,37.116785,0.974688,59.933937,37.190099,normal
83.364743,215.581161,83.800959,0.917701,59.961454,56.936233,warning
52.344999,236.143053,52.262125,0.993096,59.934604,32.623917,normal
81.002291,218.165952,70.962165,0.884671,60.089259,57.609633,warning
50.983495,220.327301,49.990087,0.949449,59.999867,36.582312,normal
83.117763,212.175358,86.294881,0.888359,59.967495,41.459749,warning
37.632895,221.550926,29.976151,0.974953,60.010588,31.200386,normal
82.584678,236.788558,89.627374,0.881400,60.029107,45.658225,warning
56.060523,224.880276,61.631419,0.971608,59.961814,46.936224,normal
65.866403,223.490126,71.404712,0.965734,60.008818,39.804605,normal
61.488105,231.252443,60.606354,0.943562,59.970582,39.335981,normal
70.008914,217.006491,66.841160,0.932977,60.003669,47.299869,warning
85.963617,224.363952,83.625762,0.921961,60.116109,46.851857,warning
98.836324,197.851918,107.129324,0.762835,59.981161,70.292308,critical
99.376636,204.619531,112.179549,0.829012,59.744083,54.312199,critical
61.564790,232.337517,53.258792,0.974475,60.057695,34.498528,normal
30.647599,223.228530,18.941552,0.968679,59.983847,36.972925,normal
83.483456,223.326824,83.121029,0.939611,59.907902,56.751493,warning
55.352970,225.800482,53.468288,0.972230,60.048290,36.518478,normal
41.780818,222.424334,40.926242,0.979276,59.945260,36.253379,normal
59.096467,225.651426,54.423952,0.982521,59.971877,38.416109,normal
80.035709,230.615579,70.290925,0.953861,59.980626,59.889170,warning
85.074888,221.924780,92.460131,0.925984,60.155038,45.713681,warning
98.025894,191.016529,100.185229,0.836503,60.205861,62.533627,critical
73.904542,215.569753,73.130883,0.919701,60.001286,58.552515,warning
99.143307,202.808695,99.644946,0.881927,60.399612,74.129526,critical
93.117453,218.267925,97.816672,0.830488,59.968235,61.466139,critical
90.110217,224.159819,94.962249,0.951720,60.015907,50.905971,warning
55.922351,230.466417,55.096285,0.956120,60.037883,30.824702,normal
76.660188,211.774239,84.526751,0.927474,59.900873,46.520616,warning
50.026186,226.134250,39.877193,0.967745,59.942677,45.648855,normal
74.060594,225.003241,64.631184,0.910621,60.001767,48.212375,warning
55.092358,233.333485,62.680462,0.972220,60.029840,41.981149,normal
102.484666,213.194938,107.120043,0.830607,59.895487,68.078990,critical
63.871809,224.959782,66.747800,0.949336,59.971368,41.053265,normal
57.338011,224.635885,59.533806,0.948841,59.936329,42.923516,normal
98.918997,204.847891,92.968472,0.784097,59.737327,62.015920,critical
57.101670,220.990790,62.382671,0.959362,59.973426,43.231178,normal
31.751374,232.785345,28.906905,0.969533,60.007122,41.063095,normal
61.571863,221.987160,62.757851,0.955734,59.997466,38.604514,normal
46.571284,230.659597,44.985019,0.956864,60.033641,34.929269,normal
58.421198,230.506338,60.801154,0.962799,60.058231,40.338836,normal
107.979907,194.986476,113.306109,0.811407,59.908920,57.994733,critical
50.265994,224.979488,53.184004,0.977244,60.056395,39.956503,normal
72.533049,229.444092,76.818241,0.964385,59.973748,43.227719,normal
114.185658,240.591713,115.330954,0.811619,59.843685,63.815855,critical
63.488668,222.934389,58.719808,0.967723,59.987554,36.121293,normal
51.305563,232.845007,54.877261,0.999725,59.999493,32.598696,normal
53.095530,232.097270,52.962381,0.974368,59.998713,39.326538,normal
58.810222,229.792231,65.362296,0.954046,60.008822,44.262008,normal
80.256962,206.484621,83.439804,0.908658,59.974783,51.705607,warning
70.521208,216.283072,57.250358,0.913406,60.031614,45.416316,warning
70.139720,226.327350,70.658163,0.942125,60.028050,42.848590,normal
77.907425,202.839577,83.895908,0.939309,60.058446,61.194281,warning
90.494566,205.190454,88.868137,0.811620,59.915970,74.800717,critical
88.043774,235.759410,91.969568,0.914209,60.054518,55.405831,warning
51.120528,229.541735,55.570817,0.972991,59.981805,43.617842,normal
67.973787,226.851568,60.764556,0.980188,59.963695,36.849037,normal
66.418527,217.343485,65.475278,0.951037,60.096094,57.102797,warning
52.287026,236.673247,56.543152,0.965324,59.955116,33.447745,normal
70.686590,239.408155,64.648686,0.888040,59.996476,45.906556,warning
75.631886,228.662104,78.689999,0.960124,60.033495,41.454782,normal
53.456824,225.625761,51.550363,0.957701,60.016406,37.060299,normal
56.346896,225.026280,55.825410,0.991175,60.016241,34.586014,normal
98.296625,241.036070,104.751188,0.911123,59.892591,47.640239,warning
63.000840,225.596481,65.613071,0.961120,60.033830,42.148476,normal
78.121893,204.909321,82.179381,0.907817,59.873224,51.266353,warning
81.738375,218.520224,71.324110,0.934516,60.298908,53.670939,warning
53.767637,228.265566,51.841322,0.978140,60.043785,40.226776,normal
75.487347,219.811094,84.596785,0.904009,59.944353,54.973563,warning
39.561309,234.843799,42.916452,0.989799,60.019338,37.655099,normal
49.337109,226.500593,51.549527,0.934102,59.981439,35.072068,normal
91.310391,203.051712,94.059639,0.814194,60.098459,72.014784,critical
53.147149,225.409740,54.095761,0.960534,60.000672,32.321671,normal
110.558187,206.272225,120.502718,0.846610,60.129926,72.429269,critical
54.996246,237.363559,48.625099,0.985712,60.011608,43.814100,normal
58.375390,232.088493,60.409809,0.962067,60.048471,36.305919,normal
61.065031,225.638947,57.482077,0.971082,60.094268,39.951914,normal
104.924220,192.987932,108.723409,0.869883,59.902080,59.614683,critical
55.575223,224.926209,52.159152,0.940076,60.002382,40.679814,normal
84.048180,212.850636,87.491866,0.915458,59.983952,51.991169,warning
82.838167,233.058119,92.569944,0.925524,60.123904,42.677941,warning
110.489414,244.235594,120.776157,0.829005,59.759528,56.775303,critical
32.249619,227.046192,31.861410,0.963850,59.958346,41.972005,normal
80.739991,211.074253,81.856409,0.949291,60.036669,49.901165,warning
92.225768,202.319722,105.668723,0.823592,59.902604,75.936392,critical
50.650482,233.324820,41.948615,0.947953,60.087815,40.659559,normal
58.025945,228.922542,61.831922,0.936820,60.035673,39.134532,normal
79.565378,216.331789,71.535729,0.952747,60.029841,52.282609,warning
77.113562,211.984832,83.351968,0.944301,60.049802,51.389131,warning
104.572737,219.565933,97.089453,0.825222,59.690683,59.245682,critical
100.763020,243.057590,97.795637,0.827263,59.923849,56.417983,critical
47.554458,233.386234,52.277213,0.966882,60.048258,41.160009,normal
50.501577,231.258485,51.311657,0.962838,60.034558,38.134463,normal
75.550393,218.862271,81.940394,0.907105,59.986741,47.328211,warning
50.932074,223.690329,47.510372,0.954549,60.003320,33.904766,normal
76.390034,223.542732,74.215970,0.867839,59.857525,56.724666,warning
92.709972,200.798243,90.632119,0.886136,59.892374,74.841791,critical
42.070949,228.544961,38.283689,0.965540,60.056287,40.931558,normal
81.518835,229.392879,69.970258,0.915465,60.005772,65.260975,warning
80.308012,239.456487,77.694737,0.912713,60.064419,43.168772,warning
54.851345,229.231084,51.417121,0.961332,60.004549,38.057930,normal
56.237286,233.103357,62.469798,0.958941,59.996211,39.720959,normal
42.791811,227.685593,40.168859,0.951869,59.987350,35.449068,normal
56.462225,233.799833,57.375450,0.944288,59.950880,36.629467,normal
49.623774,224.588115,50.981014,0.969672,59.954553,42.054510,normal
84.492667,223.137012,85.600049,0.904874,59.889490,49.590441,warning
42.782635,229.151699,46.179823,0.992154,59.984526,44.591181,normal
39.693279,223.879094,44.360177,0.982250,59.975851,41.014382,normal
85.544736,208.690435,95.231638,0.907569,60.066993,60.013179,critical
54.272912,227.901633,55.191109,0.972585,59.969780,36.163687,normal
104.919840,197.704215,111.258517,0.929857,60.027192,76.739144,critical
93.701635,247.841954,90.092574,0.839622,59.944202,63.533661,critical
56.145477,228.269918,51.598940,0.969697,60.061511,43.223650,normal
108.174765,226.443370,102.715994,0.842426,60.197942,64.062625,critical
43.143868,224.127145,43.639530,0.964514,60.012793,37.346589,normal
70.061875,223.346490,75.571567,0.908920,60.087086,52.816835,warning
49.632161,226.113116,56.504530,0.982167,60.058537,34.400472,normal
84.770987,228.271368,95.131400,0.888976,60.167841,48.595285,warning
119.083573,208.884204,130.761220,0.918732,60.061718,68.276653,critical
52.156504,224.830562,49.880747,0.968895,60.031506,39.289243,normal
83.824065,217.227200,81.059789,0.880688,59.975360,48.463368,warning
72.186036,236.491715,76.105956,0.924866,59.967962,52.902621,warning
51.193276,223.911479,49.921212,0.972516,60.001698,38.049921,normal
50.820971,224.915385,42.422460,0.931272,59.985683,36.828701,normal
43.471882,229.243906,43.796377,0.971583,60.012342,39.345716,normal
62.316595,230.711381,62.801445,0.968991,59.948061,40.575646,normal
65.721685,232.548127,72.878176,0.977463,59.972915,40.200248,normal
86.339976,233.376763,82.219366,0.901389,60.138883,45.993346,warning
88.916617,226.768566,87.131114,0.903598,60.078969,45.723604,warning
46.852707,230.493069,54.595454,0.978709,60.030934,40.658140,normal
88.681412,239.877699,93.412278,0.902415,59.981711,47.691765,warning
49.287149,228.237123,58.300181,0.974480,59.958174,47.334180,normal
71.641027,224.900583,77.266664,0.962202,59.998411,38.270892,normal
71.807273,230.864920,75.828420,0.923521,59.951927,56.313346,warning
99.052510,232.933158,91.347513,0.921853,60.021905,50.603737,warning
94.426319,242.107264,89.125648,0.842457,59.680991,60.075129,critical
54.881354,220.856284,52.488361,0.912854,59.957176,38.541128,normal
49.144056,228.952381,51.397610,0.987656,59.954437,45.304477,normal
112.923832,242.942423,121.278230,0.887325,60.123867,74.120542,critical
52.716164,220.961589,55.334892,0.941244,60.019045,38.765493,normal
73.950268,217.408295,93.528197,0.918640,59.822679,50.997816,warning
76.120784,217.413016,76.105758,0.951825,59.845089,54.360491,warning
110.863921,203.800934,113.422606,0.866292,60.358695,71.299078,critical
93.202358,213.932384,107.025082,0.836150,60.290083,58.946436,critical
74.567919,230.521445,80.136809,0.894844,60.029837,50.308847,warning
80.660255,219.531938,74.182982,0.861602,60.005767,63.067860,warning
83.157939,224.267454,78.438777,0.893583,60.061022,51.394556,warning
43.960772,220.605920,45.529181,0.948925,59.991431,34.766571,normal
64.819808,225.803834,60.374169,0.975992,59.950382,40.501221,normal
57.159390,233.367805,70.263188,0.959883,60.005142,42.536243,normal
61.574053,226.770880,58.988861,0.963430,60.033717,40.597732,normal
54.461161,231.701342,49.741423,0.959388,59.983213,38.833820,normal
64.668739,225.620634,62.724604,0.959441,59.955570,39.704947,normal
50.277947,230.251958,48.547872,0.981533,60.023885,40.117775,normal
105.503135,240.286855,96.357199,0.876891,59.969327,72.060459,critical
85.575234,210.933841,83.873992,0.898043,60.020645,44.119583,warning
104.631263,204.261183,102.960989,0.842077,59.985630,63.334745,critical
65.112621,216.651069,66.387834,0.890966,59.915601,46.360633,warning
75.364995,218.139256,82.735600,0.921718,60.034321,50.355094,warning
38.180596,228.723265,31.781661,0.981301,59.943744,44.214922,normal
36.742331,228.913782,42.057459,0.955962,59.935758,36.959008,normal
43.597805,228.096252,43.733344,0.951454,59.944087,39.089646,normal
46.400693,232.972711,39.107434,0.959712,60.009132,39.090499,normal
89.340034,221.906418,91.815195,0.924647,60.146043,58.825924,warning
52.840908,228.100723,56.383982,0.956552,59.992555,43.547618,normal
101.127067,238.377358,88.124182,0.773650,60.149382,83.233208,critical
75.799536,215.028232,76.691147,0.914073,59.969779,50.624146,warning
48.786000,223.069974,60.972921,0.953100,59.996693,28.137206,normal
55.751034,228.166475,60.132893,0.966711,60.032914,33.165065,normal
80.086664,235.218484,86.836705,0.866994,59.873796,58.336427,warning
45.685162,227.266547,45.392334,0.962145,59.979037,36.082248,normal
60.260822,233.000373,71.561819,0.964344,60.060877,39.022018,normal
52.742906,231.782896,37.767184,0.964304,59.997379,40.319960,normal
76.278002,215.331673,72.617080,0.906563,60.029726,52.414981,warning
97.264252,213.171693,94.786013,0.812525,59.786002,66.241046,critical
82.888445,213.592166,80.931749,0.911249,60.040005,55.443169,warning
54.994838,227.927496,54.963648,0.971237,59.987153,38.751326,normal
50.834095,225.879155,46.403066,0.967190,60.045300,37.765953,normal
98.138991,205.184035,113.433788,0.818100,60.463633,63.612272,critical
45.670384,228.439126,50.933423,0.922833,59.963947,35.490929,normal
44.728815,234.518313,46.851863,0.954745,59.978252,40.508282,normal
46.065457,233.673019,40.288277,0.967947,59.976830,36.100169,normal
53.353795,233.266269,49.313806,0.957525,59.990259,42.092760,normal
77.883937,223.420400,79.003687,0.913160,59.970470,53.854524,warning
55.511298,226.805412,52.280416,0.990974,59.997807,37.885894,normal
103.472398,215.503616,93.726438,0.867885,60.312760,66.881251,critical
106.930237,197.392347,110.117420,0.803002,60.255967,55.512484,critical
79.103136,220.507756,71.833040,0.954517,60.091674,50.878833,warning
76.604446,218.675204,86.682656,0.894642,60.108250,47.134538,warning
73.688657,220.642259,82.325321,0.936945,59.854371,44.084935,warning
71.753361,216.929675,68.390161,0.934505,59.941876,39.382674,warning
76.001088,229.212228,74.189202,0.919922,59.852391,52.535566,warning
74.070862,239.546592,78.179518,0.928716,60.164256,55.479116,warning
111.975004,205.333077,124.126470,0.758588,59.728597,66.659089,critical
77.123047,213.688827,79.028823,0.916841,60.008312,45.857079,warning
92.171277,242.038141,92.820581,0.897568,59.874167,45.347855,warning
51.932457,230.113031,50.452537,0.936297,60.043466,44.724626,normal
53.548082,223.239870,55.768962,0.985265,60.060888,29.493753,normal
46.206719,217.533649,48.686420,0.974556,59.981389,28.379278,normal
77.332795,215.415059,80.258146,0.965993,59.910860,49.935568,warning
73.109136,222.171915,87.822501,0.930271,59.937481,57.817727,warning
61.344358,231.213789,62.074352,0.963748,59.981519,39.560868,normal
104.907013,241.617483,105.757217,0.830082,59.925515,67.652511,critical
78.982744,211.573934,78.157207,0.927161,59.996415,49.085307,warning
81.438060,216.009913,90.364246,0.936098,60.010800,47.609820,warning
53.406331,232.663582,54.472999,0.972083,60.007505,33.805581,normal
108.979932,197.868668,115.683657,0.853648,60.122073,59.314772,critical
46.806274,225.933226,47.509723,0.946911,60.014446,36.360468,normal
53.071463,223.168606,61.676525,0.952125,59.985062,46.584616,normal
58.065969,231.167649,57.070180,0.946350,60.031463,44.949130,normal
73.764942,236.221850,69.570218,0.969111,59.998914,35.186151,normal
52.783198,230.568372,51.762998,0.951667,59.998518,39.975867,normal
37.018512,225.563362,43.092650,0.946998,59.978453,46.347187,normal
63.967301,225.575695,65.569893,0.960043,60.024291,37.555346,normal
79.722721,227.361242,87.849794,0.899845,59.834732,48.322232,warning
62.239346,222.431918,63.857788,0.964545,59.966366,41.453783,normal
81.092063,213.555886,86.080184,0.925020,60.003352,52.195527,warning
46.488035,226.403010,38.312382,0.975051,60.078221,43.163514,normal
66.656876,214.581228,67.548821,0.927976,59.924022,55.851540,warning
69.465447,224.822478,71.377086,0.956813,60.009226,37.704326,normal
103.667342,201.097252,93.225469,0.909720,59.846572,68.068034,critical
80.948071,219.750272,90.434839,0.913166,60.023165,52.637917,warning
52.856724,227.139422,46.905768,0.963998,60.073684,32.688234,normal
100.358518,247.648457,99.059833,0.859955,59.708446,69.743069,critical
41.507598,234.020612,46.437356,0.987607,60.010108,35.995075,normal
91.102160,211.109952,84.386470,0.899983,59.932403,48.289776,warning
53.564034,234.554352,51.153441,0.964666,60.043814,43.289299,normal
43.405264,232.350743,43.979945,0.957106,59.946741,32.068869,normal
97.574928,197.660196,103.620276,0.842212,59.898439,58.118785,critical
85.114775,241.091399,82.153144,0.913407,60.135559,48.359326,warning
67.911726,220.842476,55.390124,0.933829,60.030299,37.525931,normal
50.444959,228.479518,60.506807,0.955943,60.060582,43.079064,normal
82.373649,224.414917,74.640487,0.907000,60.121544,53.587749,warning
76.205147,210.675567,74.671590,0.926784,60.020159,63.394674,warning
57.643433,227.454409,58.528845,0.980120,60.027080,41.380303,normal
97.197761,246.400966,99.266938,0.829589,59.928083,66.027307,critical
88.137984,241.724354,94.879188,0.923238,59.895905,58.292792,warning
107.672014,243.352602,103.104665,0.830393,60.540375,62.005080,critical
87.463576,216.557371,96.028395,0.900386,59.997332,58.657103,warning
94.399771,241.207988,91.301392,0.832416,59.942026,57.936098,critical
48.825129,222.890311,42.397590,0.954368,59.983882,35.757011,normal
102.877005,205.524794,118.155354,0.930235,60.033293,77.412389,critical
65.033599,228.365265,65.995631,0.972947,60.031209,42.782856,normal
92.174156,199.533572,93.707893,0.827291,59.989358,58.455654,critical
79.198532,218.976411,76.457882,0.939098,59.967757,44.370519,warning
100.463939,239.934027,102.171013,0.896984,60.020846,59.019313,warning
52.371591,225.717162,48.589704,0.967873,60.012687,40.345771,normal
84.866351,215.143584,83.115511,0.932989,60.082464,54.303812,warning
65.037039,218.741483,64.299984,0.972680,60.021908,40.325690,normal
54.219912,225.626145,48.526052,0.955773,60.030242,42.728476,normal
52.262223,228.481111,46.557710,0.942950,59.940079,34.841215,normal
57.457295,233.210627,39.926344,0.954195,60.001934,45.035035,normal
58.936780,230.216833,64.663747,0.965702,59.992747,33.928260,normal
53.360657,219.911565,45.876021,0.964445,60.027183,36.596833,normal
77.599159,218.724216,83.252304,0.895428,60.075266,54.564300,warning
58.004423,227.970767,60.806051,0.961492,60.018261,41.993699,normal
109.467205,212.235334,108.763808,0.833815,60.330303,68.876714,critical
105.435673,249.138402,115.248638,0.876227,59.807198,55.967447,critical
83.461102,232.174763,91.401961,0.976307,59.995911,35.019295,normal
52.611788,233.614336,44.899310,0.972165,60.009244,36.897028,normal
55.406626,225.365804,46.260676,0.959511,60.070981,40.228879,normal
66.524697,230.305717,61.798937,0.966705,60.022446,38.458994,normal
71.019969,224.192140,78.632714,0.862324,60.066823,42.006853,warning
94.711915,194.198866,100.281324,0.815538,60.294751,56.305615,critical
98.110930,246.474107,103.541890,0.870077,60.169695,66.989837,critical
52.743505,230.205031,60.735732,0.955978,59.954816,39.646214,normal
95.351031,206.240845,87.355494,0.809342,59.866935,68.181026,critical
107.252620,241.417134,111.889061,0.870786,60.252480,64.492438,critical
65.654588,231.019374,59.507532,0.963835,60.005962,37.814662,normal
67.199584,212.725806,63.360680,0.928998,60.035921,43.995922,warning
59.489168,228.652393,56.683014,0.961226,59.940455,44.386645,normal
77.396411,222.894743,79.573657,0.913820,59.941552,50.392752,warning
74.261588,206.000385,71.559480,0.939289,60.109748,50.271058,warning
56.217438,225.489505,57.111399,0.958121,60.075957,37.017429,normal
61.580967,231.289644,60.179341,0.963416,60.054296,37.749061,normal
81.338969,239.003855,83.566920,0.912766,60.107371,47.926337,warning
86.662472,241.975562,91.513262,0.937165,59.908536,54.871883,warning
54.378789,236.359531,52.317872,0.979045,60.040279,41.484139,normal
70.094243,212.322122,86.074674,0.901083,59.888211,51.897162,warning
51.172770,221.782187,52.722794,0.979912,60.006910,42.495159,normal
103.160540,192.185142,97.780328,0.878698,59.893847,64.190370,critical
72.225787,220.510208,74.266798,0.897054,59.994566,49.454994,warning
73.333108,207.311528,72.534416,0.928868,60.015174,43.014061,warning
62.552692,225.919156,65.343729,0.958266,60.017581,36.779220,normal
57.063243,221.489508,49.343344,0.949775,59.975769,34.921654,normal
38.402376,235.221075,36.564691,0.975888,60.024354,38.132476,normal
43.317404,233.526402,36.995374,0.967206,59.972027,33.110163,normal
55.441105,232.618857,51.464140,0.968461,59.954085,42.383591,normal
59.989778,230.859588,49.634385,0.958646,59.981040,46.511212,normal
70.486658,228.638070,70.549529,0.967771,60.009252,37.689033,normal
99.241672,199.583116,100.719537,0.838764,59.918415,65.731371,critical
54.579016,225.698877,55.276076,0.974634,59.958101,37.762479,normal
55.261841,236.780415,52.292894,1.000000,60.068614,37.479853,normal
100.315495,203.742406,111.974916,0.917232,60.053531,48.271804,warning
98.051431,203.233019,102.733858,0.851745,60.079571,63.934833,critical
109.998741,248.254487,122.314962,0.833201,60.285387,59.239690,critical
94.150262,199.945137,98.613197,0.876667,60.081772,57.224281,critical
34.031718,228.136662,37.696028,0.978722,60.017397,41.897490,normal
78.628129,221.468263,67.777340,0.896294,60.090650,46.164167,warning
87.945752,236.260926,91.176726,0.909521,59.865758,50.719669,warning
58.383973,217.134019,55.566465,0.940084,60.015234,41.744090,normal
51.981854,233.517174,60.838270,0.954454,60.015578,41.796763,normal
73.557047,236.347291,79.465871,0.939557,59.998908,41.960406,normal
87.830279,217.568585,98.856061,0.885354,59.977469,53.279721,warning
98.627857,246.607266,115.218434,0.817379,60.317086,71.685454,critical
79.429483,224.356913,83.572719,0.897065,59.976522,47.057897,warning
82.709115,240.759005,81.845249,0.924166,60.132174,55.932249,warning
67.723548,237.394898,57.817157,0.918905,60.047995,55.436549,warning
83.220595,236.298423,82.193723,0.908630,59.814163,40.695078,warning
64.437164,228.716377,72.128158,0.956858,60.083491,40.541140,normal
80.175748,203.730924,78.869218,0.912440,59.991552,61.728091,warning
106.199757,206.274528,114.259934,0.847495,59.626662,62.725327,critical
62.564632,224.277929,61.861458,0.971075,60.050578,35.140471,normal
80.866686,227.782095,81.095369,0.903605,59.946913,53.726927,warning
72.248890,227.206224,68.084131,0.972107,60.020453,41.725547,normal
37.100274,227.874866,48.068030,0.972057,60.020333,43.433488,normal
42.073683,226.590267,45.163123,0.982270,59.883627,34.108155,normal
88.483893,211.756006,91.806304,0.904736,60.015892,39.155380,warning
78.226615,207.772100,70.838979,0.880066,59.923911,48.800775,warning
79.470986,220.284243,82.907828,0.930338,60.150302,48.642351,warning
41.576930,228.403926,37.510103,0.964314,59.935705,38.611728,normal
99.579757,220.755897,103.862255,0.965185,60.061697,55.745770,warning
49.699720,231.185993,42.824911,0.974899,60.008951,35.987528,normal
96.773809,209.328443,94.478665,0.826689,60.110681,69.405524,critical
57.244456,221.625274,46.640589,0.970119,60.003928,30.756069,normal
51.424045,232.605000,53.619695,0.979864,60.033108,46.548674,normal
102.922183,210.821464,104.328270,0.837943,60.185402,64.503009,critical
54.517715,228.662752,59.691321,0.936516,59.985153,36.003769,normal
92.288794,203.966522,90.176848,0.914698,60.015039,66.592551,critical
57.503926,225.320925,64.768051,0.961348,60.052600,42.699297,normal
56.411261,241.314815,50.773645,0.976759,60.057894,41.980198,normal
73.985534,238.084850,84.574287,0.944058,59.940003,51.939003,warning
60.409147,232.164168,59.599575,0.982952,59.957152,39.743663,normal
83.139464,215.020006,81.219178,0.880859,59.942491,53.463038,warning
64.109827,222.710265,61.348005,0.976622,59.997728,38.401156,normal
83.202215,220.059645,68.850286,0.941405,60.009495,50.484859,warning
64.025042,227.342970,66.351435,0.949853,60.005842,39.132923,normal
60.042742,227.102395,56.510365,0.951345,60.084426,37.338798,normal
103.312745,214.992304,104.366738,0.849778,59.728418,75.994201,critical
97.932880,200.150181,108.559903,0.861818,59.743443,65.597639,critical
81.698540,219.592754,85.439392,0.877442,60.077205,58.308751,warning
88.115433,220.946394,88.241011,0.946404,60.123849,47.989343,warning
66.116913,231.335462,61.568319,0.973504,59.984562,38.128726,normal
48.744473,224.822637,48.368119,0.963488,59.942836,33.966719,normal
78.925583,209.204797,73.709530,0.918543,60.110144,51.270853,warning
69.889240,214.381742,72.303563,0.918023,60.158498,65.293663,warning
81.831931,216.231627,79.399936,0.897579,60.072406,60.863530,warning
93.292885,215.235137,90.131013,0.929993,59.842039,45.084804,warning
56.676458,229.888894,52.296244,0.965358,60.024053,32.103782,normal
88.135750,210.953778,81.169493,0.963351,59.972585,53.613269,warning
51.688223,227.420730,51.287199,0.951051,59.994515,27.168869,normal
82.020729,230.113989,74.850645,0.890355,59.929183,53.532525,warning
81.828590,215.977204,78.782053,0.909289,59.976663,52.803092,warning
100.796935,244.711498,101.792279,0.839127,60.140370,64.319582,critical
57.938518,226.010507,55.998593,0.969037,60.058466,46.261442,normal
82.654546,237.212166,80.571773,0.928550,59.864498,42.069123,warning
87.703266,226.528239,81.617942,0.878350,59.989886,44.347568,warning
38.061215,224.584895,32.174552,0.949340,59.965736,36.818463,normal
77.983350,216.773111,87.236996,0.926344,59.960407,49.856858,warning
46.582846,225.680426,50.336979,0.956781,59.973052,37.352885,normal
94.860869,200.497076,99.706880,0.845816,60.147783,72.065177,critical
63.471252,227.795143,69.754514,0.953213,60.031228,44.425165,normal
107.596259,208.041434,111.523253,0.809460,60.018246,63.336488,critical
54.812962,229.479161,58.943601,0.967600,60.020070,38.141893,normal
103.180806,199.742742,111.837220,0.830919,60.319714,62.937706,critical
78.363202,214.761935,84.833915,0.893401,60.192597,48.220828,warning
48.269656,229.279626,49.475335,0.980410,59.984445,40.669102,normal
47.854488,234.243724,55.479848,0.984062,60.020504,36.734139,normal
75.342695,213.004959,72.860575,0.948764,59.812718,54.365435,warning
73.085715,224.592800,77.404312,0.960018,60.086497,37.656602,normal
76.143350,240.576547,85.309405,0.959241,60.071395,50.198852,warning
62.189780,232.193494,62.974891,0.963888,59.996793,39.208810,normal
76.562196,210.201245,73.305492,0.893455,59.940581,53.013607,warning
51.972270,231.421136,48.132650,0.940479,60.014659,32.806080,normal
66.154850,225.028914,66.638019,0.980356,60.093687,38.981078,normal
65.823260,226.136400,68.752451,0.967110,60.025119,35.837415,normal
54.658616,227.507876,49.707555,0.976577,59.997488,34.794162,normal
79.280608,221.224537,76.677232,0.901818,59.999375,44.346342,warning
119.967809,196.343643,118.556547,0.801292,60.030698,77.144384,critical
57.267147,230.828420,59.167103,0.973074,59.988180,37.754733,normal
79.601507,233.511349,79.059448,0.901742,60.025189,48.017371,warning
52.834653,236.627176,46.028402,0.939355,59.976120,39.687838,normal
94.655069,193.451802,97.861957,0.869717,60.057197,66.374512,critical
52.502518,230.072838,44.186328,0.961801,60.035958,31.436500,normal
63.060281,223.771992,65.282843,0.979145,59.995398,37.710209,normal
79.533858,210.945185,83.188391,0.928609,60.052346,53.189489,warning
86.784260,238.074661,88.279610,0.914895,60.129376,52.752811,warning
82.648005,235.747881,99.344246,0.894897,60.033907,49.923277,warning
96.693183,205.524739,96.867351,0.830030,60.050220,62.468134,critical
115.903190,246.259752,116.194795,0.859515,60.218566,58.586436,critical
102.551002,210.256590,96.180030,0.916046,60.279840,61.652430,critical
55.267275,226.775539,53.641677,0.971668,60.005806,41.442130,normal
113.575962,248.141749,103.339300,0.872057,60.085226,64.991896,critical
64.102778,215.778967,60.622235,0.967016,60.087184,60.295499,warning
52.214160,225.852093,49.598466,1.000000,60.017085,39.616317,normal
58.271735,227.276879,60.656433,0.975511,60.037827,36.528086,normal
57.162206,231.649421,60.841417,0.950758,60.002033,39.482925,normal
77.674848,211.111992,84.664632,0.931455,59.955236,46.659783,warning
96.902087,207.668391,99.565996,0.855370,59.861448,58.255653,critical
60.411103,231.320861,68.175562,0.977984,59.921174,37.511698,normal
67.481195,226.862132,62.433868,0.976337,59.963521,36.191855,normal
86.113028,242.428976,80.319624,0.847449,59.987948,48.192398,warning
52.529358,227.741569,47.442051,0.946926,60.057667,38.991954,normal
94.371541,208.592743,102.232338,0.828377,60.095739,65.535308,critical
59.292952,227.923590,56.043670,0.972647,59.939767,44.378912,normal
49.342816,223.565225,43.658109,0.952604,59.973736,42.183338,normal
47.347186,223.075822,45.795504,0.988311,59.929622,38.012966,normal
78.670178,220.492068,79.812824,0.929634,60.060268,42.897840,warning
55.340976,224.473064,47.554404,0.994823,59.984741,38.872099,normal
56.226486,233.824922,64.055673,0.964450,60.038537,37.765346,normal
51.878353,229.011348,52.290304,0.972573,60.090667,40.058797,normal
57.404371,220.095702,53.216830,0.965102,59.989591,36.684960,normal
60.031445,231.204768,58.475166,0.973542,59.952711,37.476411,normal
84.891998,228.723007,74.642652,0.906222,59.999978,60.655538,warning
100.884988,241.732220,97.682583,0.791739,60.174435,65.649061,critical
54.894767,229.182853,50.600398,0.979143,59.945146,35.870968,normal
59.591229,234.954482,66.788975,0.950935,59.990897,44.765293,normal
76.904788,222.243182,84.465372,0.940811,59.960975,55.749840,warning
81.640400,218.740712,84.248372,0.861830,59.799565,57.900318,warning
98.595038,239.844673,107.482519,0.782022,60.218136,63.040207,critical
75.110012,223.608155,76.304379,0.914726,60.101171,36.720170,warning
74.164636,228.200128,86.524897,0.910718,60.001026,49.326319,warning
54.427202,220.473382,46.748895,0.969651,60.007064,34.946273,normal
53.891041,226.825779,59.546938,0.976688,60.013225,33.115372,normal
107.118567,207.131399,114.090857,0.822899,59.999375,60.428884,critical
78.241037,224.719861,85.558790,0.883732,60.141568,41.661090,warning
101.914746,208.262604,114.700473,0.806205,59.817548,57.252906,critical
69.871152,230.236481,66.980299,0.952867,60.046862,40.305465,normal
48.576333,228.602274,46.688946,0.981978,59.989969,33.001075,normal
67.335782,220.552980,71.034708,0.975817,60.038865,41.601883,normal
87.751673,216.099285,80.735662,0.798120,59.888365,64.096793,critical
100.509183,208.516410,102.500886,0.854251,59.467495,65.360830,critical
48.647201,229.485384,48.966761,0.983279,59.953561,39.141297,normal
54.997178,225.868092,57.727599,0.970221,59.976159,36.827967,normal
44.305160,232.562067,35.401026,0.950035,59.980194,43.446414,normal
49.491650,230.207909,55.531142,0.978065,60.016934,46.083628,normal
82.454072,227.224903,79.742380,0.934548,60.040851,54.026693,warning
87.071478,221.896734,91.663113,0.889690,59.954994,47.249052,warning
50.947252,229.423557,48.159249,0.963204,59.986334,41.214644,normal
50.921559,220.430425,52.647881,0.952165,59.941119,36.116611,normal
69.289768,228.618811,61.856140,0.978396,60.014694,39.104608,normal
60.790590,230.101569,54.685651,0.963359,59.963726,36.420947,normal
93.587940,203.176071,94.683788,0.910998,60.028935,48.758538,warning
64.845803,227.901668,65.936994,0.975227,60.028617,39.676853,normal
75.530394,222.511717,73.117097,0.906450,59.821354,47.616209,warning
73.838057,213.824761,66.082252,0.889322,60.161694,53.426577,warning
47.009063,228.316055,46.817092,0.950469,59.935054,43.886736,normal
54.268718,225.585770,61.949814,0.959733,60.031395,36.519616,normal
82.924705,208.014919,85.817765,0.929808,60.120354,47.534202,warning
46.760910,231.806698,46.701452,0.938637,59.942086,44.457183,normal
103.934588,199.007528,91.427445,0.832286,59.978164,66.693732,critical
70.687504,221.549833,73.350409,0.927045,59.855656,59.430522,warning
88.690471,218.284732,92.991530,0.902884,59.940637,47.790161,warning
42.644446,224.872628,42.234082,0.956832,60.005643,42.463461,normal
48.595068,226.409140,42.257239,0.956433,59.969076,42.057533,normal
64.323688,232.660165,62.687672,0.957601,60.017803,34.953153,normal
104.166785,200.232080,97.805921,0.834124,59.970006,75.060315,critical
48.949087,226.261631,44.879934,0.982249,59.976738,37.524239,normal
54.859879,227.181359,50.907760,0.951298,59.935653,39.151980,normal
76.478950,212.062041,77.476993,0.907403,59.887962,43.969710,warning
85.124758,205.746931,82.343913,0.918757,60.013114,54.310908,warning
101.027104,245.652776,100.434052,0.863870,59.770635,69.499546,critical
98.053210,217.162737,105.291966,0.836811,60.091143,65.587896,critical
48.093006,226.448463,40.889599,0.963827,60.018012,34.347965,normal
49.152168,226.206654,50.145000,0.939325,59.974696,37.091003,normal
101.729704,239.632575,105.456959,0.832117,60.138152,64.978697,critical
76.723054,225.562196,85.421322,0.906871,60.045349,56.531326,warning
107.623320,197.815853,108.844556,0.847375,59.987182,61.021238,critical
56.837266,221.183521,48.819467,0.960866,59.918365,52.817504,normal
56.001176,228.350962,54.018534,0.980735,59.962745,28.791490,normal
74.499352,228.006912,83.572507,0.916381,60.097782,63.071729,warning
72.806117,219.126784,75.415548,0.871473,59.956668,49.325855,warning
64.727377,220.066466,74.088273,0.921569,60.027871,50.308140,warning
78.421805,238.266570,72.357811,0.913558,60.123114,35.711913,warning
64.103786,223.963466,66.035429,0.972498,59.961171,29.805118,normal
101.381016,210.147917,104.526165,0.753472,59.993235,70.093387,critical
36.899586,233.752828,30.495196,0.968976,60.018418,42.654386,normal
102.985661,247.572487,117.179239,0.866142,60.254349,67.867910,critical
44.109040,228.401399,48.659486,0.973716,59.978000,40.088795,normal
43.159617,220.527379,38.660491,0.924485,59.971803,42.253400,normal
110.171751,244.137110,112.982234,0.821791,59.947521,73.843162,critical
85.774588,221.596763,100.987543,0.913999,60.050339,54.757818,warning
83.417095,214.019279,77.799727,0.922692,60.000507,52.311989,warning
69.719680,232.865880,71.004025,0.958218,60.006304,40.208352,normal
47.760336,236.340140,35.907429,0.970200,60.069515,42.357646,normal
57.538592,227.814121,55.478529,0.991185,60.034809,40.306663,normal
51.049342,230.901925,50.418552,0.959263,60.002683,44.251699,normal
55.233624,233.052802,45.938861,0.955235,60.003440,44.186347,normal
77.951598,212.693449,82.954544,0.905549,59.895365,47.998039,warning
87.406746,239.002943,91.123188,0.884751,59.906593,46.144755,warning
66.058050,216.144256,67.557555,0.915574,60.025281,53.583576,warning
73.206017,210.610369,94.454595,0.919390,60.015579,56.631763,warning
73.829674,213.440241,60.092149,0.913728,60.146643,49.738387,warning
58.796374,230.918809,60.882819,0.954611,59.956052,38.648975,normal
63.767123,230.395454,63.735199,0.970886,60.034040,36.227841,normal
69.544789,220.331848,70.810913,0.938934,59.905724,55.940679,warning
46.057578,220.737714,49.154724,0.951949,59.993431,35.939212,normal
46.705569,232.320814,50.103478,0.970531,59.966901,35.552109,normal
44.001566,229.998217,51.194749,0.975698,60.075880,37.072370,normal
78.270077,217.824334,86.232061,0.869211,59.985522,43.565478,warning
58.255310,225.722753,56.729170,0.963128,59.974663,40.251817,normal
77.673493,220.370132,73.412124,0.913334,60.130536,59.855150,warning
94.730891,217.703004,105.256255,0.852867,60.071289,74.861578,critical
50.883462,226.730134,56.699292,0.983000,60.031401,35.256648,normal
95.771105,241.736289,96.238837,0.858776,59.676717,59.932885,critical
54.223519,227.477090,62.307249,0.980170,59.983794,35.823522,normal
87.214552,239.073779,85.259112,0.931805,60.098606,44.567229,warning
79.746826,237.836783,81.454278,0.904050,59.964876,55.638461,warning
96.655331,248.945544,102.371445,0.871246,59.864715,68.548952,critical
54.815610,226.884986,48.111965,0.950173,59.988672,37.308347,normal
70.933428,216.608719,72.887857,0.933007,60.026857,44.261947,warning
80.994634,233.319689,97.548751,0.945301,59.893636,47.618660,warning
81.617956,209.312527,76.869494,0.915430,60.045744,49.649934,warning
84.209714,220.992049,91.756338,0.903217,60.094034,48.297928,warning
56.046510,227.532671,55.899409,0.964263,60.027258,34.518084,normal
91.855612,210.172205,92.495770,0.837794,60.060154,55.439158,critical
107.049542,204.366507,110.139672,0.860769,60.033085,61.652526,critical
63.733210,234.147596,68.838953,0.966589,60.018734,35.262217,normal
105.243247,212.206679,111.504082,0.817531,59.552281,67.165240,critical
56.352931,232.406101,53.662433,0.978640,60.019603,31.760493,normal
99.117986,196.637218,99.183703,0.816600,59.592374,69.857943,critical
43.784921,224.862309,35.556384,0.972177,60.012526,46.511498,normal
68.576757,232.396988,73.313695,0.958273,60.019125,40.479571,normal
80.571259,239.844689,92.370440,0.899172,59.951128,52.802591,warning
99.674376,242.239721,104.451298,0.815599,60.095084,57.163723,critical
102.930784,202.545244,102.970355,0.844564,60.115556,60.698327,critical
73.818365,216.072492,76.297218,0.901725,60.018145,46.899785,warning
61.987995,215.216290,66.361047,0.965747,59.883751,54.277096,warning
75.199804,220.362560,73.472236,0.936430,60.025053,43.874075,warning
83.764221,205.542713,80.882142,0.936924,60.065726,47.963990,warning
102.141175,200.125149,106.070845,0.858233,60.191457,65.936874,critical
80.910417,224.907592,81.772632,0.893668,59.973577,38.973519,warning
76.806018,215.109421,71.673743,0.938024,60.043298,52.939495,warning
79.619872,211.791054,73.619211,0.923240,59.977579,47.044528,warning
73.817309,218.950230,84.216130,0.904341,60.034082,43.644812,warning
84.786039,207.641895,82.647738,0.912350,59.962720,55.705965,warning
103.248141,195.416760,124.059642,0.884558,59.708544,61.728777,critical
62.608529,225.282625,64.805018,0.961570,60.006454,39.204854,normal
60.470457,225.888594,62.913266,0.959340,59.973201,42.784729,normal
41.553582,230.790188,38.323307,0.983305,59.975673,37.967204,normal
74.218792,211.256635,74.937036,0.903988,59.985262,47.309095,warning
72.540964,229.939096,77.839937,0.956941,59.968796,43.853489,normal
104.322076,219.903801,92.384548,0.850591,59.829808,56.035190,critical
33.840909,226.111157,46.630650,0.975010,60.010661,34.038279,normal
51.201347,224.994863,48.531542,0.983792,59.985927,40.815769,normal
52.381629,226.030344,49.724129,0.953574,59.994438,40.353547,normal
47.283259,221.997390,51.141019,0.956909,59.982722,39.041719,normal
84.626609,216.682110,97.043725,0.941893,59.950434,50.575303,warning
67.258297,229.061019,76.054631,0.965991,60.048994,43.251428,normal
103.529480,214.093206,109.569444,0.808826,60.222478,69.004628,critical
113.296316,207.495180,117.344813,0.892443,60.381788,64.291743,critical
99.463436,204.144218,106.618865,0.800250,60.378953,75.545363,critical
98.042113,208.572083,97.998508,0.843503,60.044134,71.863049,critical
60.882286,216.899427,65.040575,0.965089,59.799011,40.994645,warning
44.846703,232.352802,38.964654,0.939790,60.042931,40.336592,normal
58.267151,235.162315,55.873205,0.957246,60.017400,43.683301,normal
49.049964,230.726162,54.212226,0.955577,60.016153,35.872217,normal
51.988811,227.349935,54.471079,0.996249,59.974849,39.422096,normal
45.558529,227.669111,53.224086,0.955275,60.095781,37.947582,normal
54.575659,234.290762,55.459766,0.970219,59.982187,31.599911,normal
71.066862,240.569536,73.794360,0.911987,59.911386,54.022094,warning
56.000845,227.379819,64.339762,0.982682,59.997925,35.694728,normal
104.217320,244.419184,116.820016,0.904464,60.005764,83.645642,critical
43.274377,229.503100,42.445053,0.966337,60.009362,40.515950,normal
77.863350,213.434994,76.646401,0.956695,59.967692,50.607730,warning
105.064610,206.671850,118.360171,0.856485,60.180513,60.869582,critical
48.749000,237.144461,52.001177,0.957149,59.999512,45.095301,normal
43.881784,231.996762,48.998629,0.993620,60.070195,37.949138,normal
106.255446,210.615802,96.323429,0.879028,60.135549,55.837968,critical
48.583522,226.944211,54.917380,0.936004,60.063332,41.826604,normal
90.390688,208.184094,85.672340,0.898023,60.042829,46.209725,warning
67.415756,227.639178,64.669213,0.957353,59.990431,35.001276,normal
50.508075,233.460731,48.762481,0.952384,60.028987,41.484705,normal
67.484510,231.975725,69.813581,0.984355,60.092751,38.039207,normal
80.066987,216.223442,83.298928,0.949063,59.934016,52.971669,warning
50.656000,226.537804,49.028440,0.918089,60.006752,43.723008,normal
58.864334,227.325875,53.353254,0.969529,59.951313,37.793688,normal
105.905860,212.129530,105.664940,0.783564,60.059738,62.339837,critical
48.486083,225.736604,37.558127,0.964558,60.029108,40.458265,normal
47.778591,225.817414,43.625275,0.958234,59.944175,42.016633,normal
48.111994,225.414157,46.894293,0.955503,59.985733,40.236200,normal
74.063786,219.140707,78.937176,0.908384,59.919011,47.128398,warning
38.228993,233.755025,38.674757,1.000000,60.036195,39.550119,normal
86.743573,232.833073,81.368267,0.879150,60.106499,56.722691,warning
85.278654,238.850154,84.740391,0.946696,60.083881,47.568075,warning
50.028173,232.048703,47.744027,0.986889,60.040343,43.914986,normal
92.967056,220.728707,94.116737,0.944517,59.936288,54.228668,warning
97.828055,201.511395,105.449224,0.776969,60.014983,66.398379,critical
58.128011,232.900196,55.558107,0.969559,60.053721,43.110361,normal
48.617827,227.463719,51.717394,0.968549,60.055582,42.348071,normal
62.004395,230.587557,61.859405,0.970569,60.031494,32.792954,normal
111.383973,242.682553,113.585364,0.794691,60.052983,71.529042,critical
89.434122,229.590280,88.483217,0.937111,60.091702,50.043524,warning
68.301742,227.429480,59.160528,0.984976,60.028437,37.645013,normal
